unix_timestamp,camera_id,vehicle_plate,vehicle_color,vehicle_type,vehicle_features
1787638230,Hospital,IRY-6538,Gold,Coupe,"[""Sunroof"", ""Custom rims""]"
1787638260,Hospital,HYS-9092,Gray,Coupe,"[""Roof rack"", ""Dented rear bumper""]"
1787638560,Hospital,FYR-2853,Gold,SUV,"[""Missing hubcap"", ""Aftermarket exhaust""]"
1787638710,Hospital,IMH-7658,Gray,Hatchback,"[""Tinted windows""]"
1787639100,Office Back Alley,BLF-4771,Gray,Sedan,[]
1787639100,Hospital,IRY-6538,Gold,Coupe,"[""Sunroof"", ""Custom rims""]"
1787639520,Hospital,KES-9323,Maroon,Bus,"[""Spoiler"", ""Missing hubcap""]"
1787639760,Office Back Alley,DYT-5541,Maroon,Hatchback,[]
1787639820,Office Back Alley,ZNI-4355,Blue,Coupe,[]
1787639820,Office Back Alley,IRY-6538,Gold,Coupe,"[""Sunroof"", ""Custom rims""]"
1787640150,Office Back Alley,EHW-3879,Maroon,Coupe,[]
1787640270,Office Back Alley,EJJ-5605,Red,Bus,"[""Tinted windows"", ""Aftermarket exhaust""]"
1787640300,Office Back Alley,WNV-7840,Red,Motorcycle,"[""Bumper sticker""]"
1787640510,Office Back Alley,BLF-4771,Gray,Sedan,[]
1787640570,Bookstore,TML-3408,Red,Motorcycle,"[""Spoiler"", ""Custom rims""]"
1787640600,Bookstore,EQL-6876,Green,Bus,"[""Cracked windshield""]"
1787640660,Bookstore,VJM-7944,Beige,Sedan,[]
1787640690,Bookstore,QDH-4925,Red,Van,[]
1787640720,Office Back Alley,DYT-5541,Maroon,Hatchback,[]
1787640780,Bookstore,RTJ-3423,Gold,Sedan,[]
1787640900,Bookstore,VKM-8657,Blue,Sedan,"[""Custom rims""]"
1787640900,Bookstore,NVS-7383,Gold,Van,"[""Aftermarket exhaust"", ""Ladder rack""]"
1787640960,Bookstore,TQP-8061,Silver,Hatchback,"[""Tinted windows""]"
1787641020,Bookstore,ABS-2643,Gold,Pickup Truck,"[""Tow hitch"", ""Missing hubcap""]"
1787641110,Bookstore,YTG-6287,Green,Coupe,"[""Bumper sticker"", ""Tow hitch""]"
1787641200,Bookstore,CZA-9416,Black,Bus,[]
1787641320,Office Back Alley,EJJ-5605,Red,Bus,"[""Tinted windows"", ""Aftermarket exhaust""]"
1787641350,Bookstore,IMH-7658,Gray,Hatchback,"[""Tinted windows""]"
1787641380,Bookstore,ZYZ-1012,Beige,Motorcycle,"[""Spoiler""]"
1787641380,Bookstore,EHW-3879,Maroon,Coupe,[]
1787641470,Bookstore,VJM-7944,Beige,Sedan,[]
1787641620,Bookstore,NYF-1596,Silver,Pickup Truck,"[""Bumper sticker""]"
1787641620,Bookstore,HYS-9092,Gray,Coupe,"[""Roof rack"", ""Dented rear bumper""]"
1787641620,Bookstore,TXI-5471,White,Pickup Truck,[]
1787641770,Bookstore,WUB-4659,Black,Pickup Truck,"[""Sunroof""]"
1787642010,Bookstore,FCH-7617,Maroon,Sedan,[]
1787642070,Bookstore,BPU-4332,White,Motorcycle,[]
1787642100,Bookstore,EVV-3567,Blue,SUV,"[""Aftermarket exhaust""]"
1787642100,Office Back Alley,ZNI-4355,Blue,Coupe,[]
1787642130,Bookstore,DOP-3475,Silver,SUV,[]
1787642130,Bookstore,BPU-4332,White,Motorcycle,[]
1787642130,Hospital,BLF-4771,Gray,Sedan,[]
1787642190,Bookstore,UHR-2612,White,Pickup Truck,[]
1787642220,Bookstore,RQA-7745,Red,Motorcycle,"[""Sunroof""]"
1787642250,Bookstore,RRC-4766,Blue,Coupe,"[""Tinted windows"", ""Tow hitch""]"
1787642370,Office Back Alley,BGW-3337,Silver,Bus,"[""Bumper sticker""]"
1787642400,Office Back Alley,VAP-5225,Silver,Hatchback,"[""Cracked windshield"", ""Tinted windows""]"
1787642400,Office Back Alley,EQL-6876,Green,Bus,"[""Cracked windshield""]"
1787642430,Bookstore,XOW-5609,Gray,Sedan,"[""Sunroof"", ""Roof rack""]"
1787642490,Office Back Alley,DOP-3475,Silver,SUV,[]
1787642520,Bookstore,KES-9323,Maroon,Bus,"[""Spoiler"", ""Missing hubcap""]"
1787642550,Bookstore,DYT-5541,Maroon,Hatchback,[]
1787642610,Bookstore,TQP-8061,Silver,Hatchback,"[""Tinted windows""]"
1787642670,Bookstore,ZFD-3277,Green,Hatchback,"[""Bumper sticker"", ""Missing hubcap""]"
1787642700,Office Back Alley,NVS-7383,Gold,Van,"[""Aftermarket exhaust"", ""Ladder rack""]"
1787642700,Bookstore,OGN-4489,Black,Pickup Truck,"[""Aftermarket exhaust"", ""Custom rims""]"
1787642700,Hospital,FYR-2853,Gold,SUV,"[""Missing hubcap"", ""Aftermarket exhaust""]"
1787642730,Bookstore,EHW-3879,Maroon,Coupe,[]
1787642730,Bookstore,RTJ-3423,Gold,Sedan,[]
1787642730,Bookstore,FHL-3560,Silver,Van,[]
1787642730,Office Back Alley,WNV-7840,Red,Motorcycle,"[""Bumper sticker""]"
1787642760,Office Back Alley,QLL-8894,Black,Coupe,"[""Spoiler"", ""Bumper sticker""]"
1787642790,Bookstore,OYU-1228,Maroon,Bus,[]
1787642910,Office Back Alley,YTG-6287,Green,Coupe,"[""Bumper sticker"", ""Tow hitch""]"
1787642940,Bookstore,DYT-5541,Maroon,Hatchback,[]
1787643000,Office Back Alley,CZA-9416,Black,Bus,[]
1787643030,Bookstore,YJG-1440,Black,Sedan,"[""Tinted windows"", ""Bumper sticker""]"
1787643240,Bookstore,ABS-2643,Gold,Pickup Truck,"[""Tow hitch"", ""Missing hubcap""]"
1787643270,Office Back Alley,VJM-7944,Beige,Sedan,[]
1787643330,Bookstore,VJM-7944,Beige,Sedan,[]
1787643330,Bookstore,BPU-4332,White,Motorcycle,[]
1787643330,Bookstore,OGN-4489,Black,Pickup Truck,"[""Aftermarket exhaust"", ""Custom rims""]"
1787643420,Office Back Alley,NYF-1596,Silver,Pickup Truck,"[""Bumper sticker""]"
1787643420,Office Back Alley,TXI-5471,White,Pickup Truck,[]
1787643600,Office Back Alley,VAP-5225,Silver,Hatchback,"[""Cracked windshield"", ""Tinted windows""]"
1787643690,Hospital,EQL-6876,Green,Bus,"[""Cracked windshield""]"
1787643810,Bookstore,HUK-4229,White,Coupe,"[""Tinted windows""]"
1787643840,Bookstore,HYS-9092,Gray,Coupe,"[""Roof rack"", ""Dented rear bumper""]"
1787643870,Office Back Alley,BPU-4332,White,Motorcycle,[]
1787643870,Bookstore,VDV-4194,White,Coupe,[]
1787643930,Bookstore,EVV-3567,Blue,SUV,"[""Aftermarket exhaust""]"
1787643960,Hospital,EWE-8741,Blue,Bus,"[""Custom rims""]"
1787644020,Office Back Alley,IRY-6538,Gold,Coupe,"[""Sunroof"", ""Custom rims""]"
1787644020,Office Back Alley,RQA-7745,Red,Motorcycle,"[""Sunroof""]"
1787644050,Office Back Alley,RRC-4766,Blue,Coupe,"[""Tinted windows"", ""Tow hitch""]"
1787644050,Bookstore,FCH-7617,Maroon,Sedan,[]
1787644080,Office Back Alley,EHW-3879,Maroon,Coupe,[]
1787644110,Hospital,HQY-7996,Maroon,Motorcycle,[]
1787644140,Hospital,ZNI-4355,Blue,Coupe,[]
1787644170,Bookstore,WUB-4659,Black,Pickup Truck,"[""Sunroof""]"
1787644170,Bookstore,MDL-3261,Blue,Motorcycle,[]
1787644230,Office Back Alley,EQL-6876,Green,Bus,"[""Cracked windshield""]"
1787644260,Bookstore,TQP-8061,Silver,Hatchback,"[""Tinted windows""]"
1787644290,Bookstore,EUA-8367,Gold,Motorcycle,"[""Ladder rack""]"
1787644320,Office Back Alley,FYR-2853,Gold,SUV,"[""Missing hubcap"", ""Aftermarket exhaust""]"
1787644350,Office Back Alley,BGW-3337,Silver,Bus,"[""Bumper sticker""]"
1787644380,Hospital,QLL-8894,Black,Coupe,"[""Spoiler"", ""Bumper sticker""]"
1787644410,Office Back Alley,TQP-8061,Silver,Hatchback,"[""Tinted windows""]"
1787644470,Bookstore,AIT-2702,Blue,Pickup Truck,"[""Dented rear bumper"", ""Tow hitch""]"
1787644470,Bookstore,TBJ-5379,Green,Coupe,"[""Bumper sticker""]"
1787644470,Office Back Alley,EHW-3879,Maroon,Coupe,[]
1787644470,Office Back Alley,ZFD-3277,Green,Hatchback,"[""Bumper sticker"", ""Missing hubcap""]"
1787644500,Bookstore,WNV-7840,Red,Motorcycle,"[""Bumper sticker""]"
1787644500,Bookstore,KNM-8888,Gray,Sedan,"[""Ladder rack"", ""Aftermarket exhaust""]"
1787644500,Office Back Alley,VAP-5225,Silver,Hatchback,"[""Cracked windshield"", ""Tinted windows""]"
1787644500,Office Back Alley,OGN-4489,Black,Pickup Truck,"[""Aftermarket exhaust"", ""Custom rims""]"
1787644530,Bookstore,LUG-7654,Black,Bus,"[""Bumper sticker""]"
1787644530,Bookstore,CZA-9416,Black,Bus,[]
1787644560,Hospital,LHA-6933,Gray,Bus,"[""Missing hubcap""]"
1787644590,Office Back Alley,IMH-7658,Gray,Hatchback,"[""Tinted windows""]"
1787644590,Office Back Alley,OYU-1228,Maroon,Bus,[]
1787644680,Office Back Alley,NVS-7383,Gold,Van,"[""Aftermarket exhaust"", ""Ladder rack""]"
1787644710,Bookstore,TML-3408,Red,Motorcycle,"[""Spoiler"", ""Custom rims""]"
1787644710,Bookstore,KOE-4072,Beige,Pickup Truck,[]
1787644770,Hospital,RRT-3341,Red,Sedan,"[""Tinted windows"", ""Dented rear bumper""]"
1787644770,Office Back Alley,YTG-6287,Green,Coupe,"[""Bumper sticker"", ""Tow hitch""]"
1787644890,Hospital,OYU-1228,Maroon,Bus,[]
1787644950,Office Back Alley,DOP-3475,Silver,SUV,[]
1787644980,Bookstore,BPU-4332,White,Motorcycle,[]
1787644980,Office Back Alley,ABS-2643,Gold,Pickup Truck,"[""Tow hitch"", ""Missing hubcap""]"
1787645070,Office Back Alley,VJM-7944,Beige,Sedan,[]
1787645100,Hospital,RBG-4071,Blue,Bus,"[""Bumper sticker"", ""Ladder rack""]"
1787645100,Bookstore,IMH-7658,Gray,Hatchback,"[""Tinted windows""]"
1787645130,Office Back Alley,BLF-4771,Gray,Sedan,[]
1787645130,Office Back Alley,OGN-4489,Black,Pickup Truck,"[""Aftermarket exhaust"", ""Custom rims""]"
1787645130,Bookstore,HQY-7996,Maroon,Motorcycle,[]
1787645160,Office Back Alley,VKM-8657,Blue,Sedan,"[""Custom rims""]"
1787645160,Hospital,EYH-6407,Black,Bus,"[""Custom rims"", ""Tinted windows""]"
1787645190,Bookstore,AIT-2702,Blue,Pickup Truck,"[""Dented rear bumper"", ""Tow hitch""]"
1787645220,Office Back Alley,TXI-5471,White,Pickup Truck,[]
1787645310,Office Back Alley,RQA-7745,Red,Motorcycle,"[""Sunroof""]"
1787645310,Office Back Alley,EQL-6876,Green,Bus,"[""Cracked windshield""]"
1787645400,Office Back Alley,CZA-9416,Black,Bus,[]
1787645430,Office Back Alley,IMH-7658,Gray,Hatchback,"[""Tinted windows""]"
1787645490,Office Back Alley,NYF-1596,Silver,Pickup Truck,"[""Bumper sticker""]"
1787645520,Office Back Alley,VJM-7944,Beige,Sedan,[]
1787645550,Bookstore,FCH-7617,Maroon,Sedan,[]
1787645550,Office Back Alley,NVS-7383,Gold,Van,"[""Aftermarket exhaust"", ""Ladder rack""]"
1787645580,Office Back Alley,ZNI-4355,Blue,Coupe,[]
1787645640,Hospital,IRY-6538,Gold,Coupe,"[""Sunroof"", ""Custom rims""]"
1787645640,Office Back Alley,EHW-3879,Maroon,Coupe,[]
1787645670,Office Back Alley,FCH-7617,Maroon,Sedan,[]
1787645700,Office Back Alley,FYR-2853,Gold,SUV,"[""Missing hubcap"", ""Aftermarket exhaust""]"
1787645730,Office Back Alley,HQY-7996,Maroon,Motorcycle,[]
1787645760,Office Back Alley,ZNI-4355,Blue,Coupe,[]
1787645790,Bookstore,UHR-2612,White,Pickup Truck,[]
1787645790,Office Back Alley,TQP-8061,Silver,Hatchback,"[""Tinted windows""]"
1787645790,Office Back Alley,QLL-8894,Black,Coupe,"[""Spoiler"", ""Bumper sticker""]"
1787645820,Bookstore,AIT-2702,Blue,Pickup Truck,"[""Dented rear bumper"", ""Tow hitch""]"
1787645820,Office Back Alley,RRC-4766,Blue,Coupe,"[""Tinted windows"", ""Tow hitch""]"
1787645820,Office Back Alley,QDH-4925,Red,Van,[]
1787645850,Bookstore,EHW-3879,Maroon,Coupe,[]
1787645850,Office Back Alley,ABS-2643,Gold,Pickup Truck,"[""Tow hitch"", ""Missing hubcap""]"
1787645880,Office Back Alley,BPU-4332,White,Motorcycle,[]
1787645940,Bookstore,CZA-9416,Black,Bus,[]
1787645970,Hospital,BGW-3337,Silver,Bus,"[""Bumper sticker""]"
1787646000,Office Back Alley,EQL-6876,Green,Bus,"[""Cracked windshield""]"
1787646000,Office Back Alley,OGN-4489,Black,Pickup Truck,"[""Aftermarket exhaust"", ""Custom rims""]"
1787646030,Office Back Alley,BPU-4332,White,Motorcycle,[]
1787646090,Office Back Alley,EUA-8367,Gold,Motorcycle,"[""Ladder rack""]"
1787646150,Bookstore,FCH-7617,Maroon,Sedan,[]
1787646180,Bookstore,QDH-4925,Red,Van,[]
1787646180,Office Back Alley,LHA-6933,Gray,Bus,"[""Missing hubcap""]"
1787646210,Bookstore,GEZ-2109,Red,Motorcycle,"[""Missing hubcap"", ""Dented rear bumper""]"
1787646270,Bookstore,VAP-5225,Silver,Hatchback,"[""Cracked windshield"", ""Tinted windows""]"
1787646270,Bookstore,CIU-8112,Maroon,Bus,"[""Dented rear bumper"", ""Tow hitch""]"
1787646390,Office Back Alley,RRT-3341,Red,Sedan,"[""Tinted windows"", ""Dented rear bumper""]"
1787646450,Office Back Alley,OGN-4489,Black,Pickup Truck,"[""Aftermarket exhaust"", ""Custom rims""]"
1787646510,Bookstore,RRC-4766,Blue,Coupe,"[""Tinted windows"", ""Tow hitch""]"
1787646510,Office Back Alley,OYU-1228,Maroon,Bus,[]
1787646540,Office Back Alley,ROX-9271,Gray,Coupe,"[""Custom rims"", ""Roof rack""]"
1787646540,Bookstore,LUG-7654,Black,Bus,"[""Bumper sticker""]"
1787646540,Bookstore,XOW-5609,Gray,Sedan,"[""Sunroof"", ""Roof rack""]"
1787646540,Bookstore,KES-9323,Maroon,Bus,"[""Spoiler"", ""Missing hubcap""]"
1787646570,Hospital,DOP-3475,Silver,SUV,[]
1787646570,Office Back Alley,VKM-8657,Blue,Sedan,"[""Custom rims""]"
1787646630,Office Back Alley,OGN-4489,Black,Pickup Truck,"[""Aftermarket exhaust"", ""Custom rims""]"
1787646660,Hospital,HQY-7996,Maroon,Motorcycle,[]
1787646720,Office Back Alley,QDH-4925,Red,Van,[]
1787646750,Hospital,BLF-4771,Gray,Sedan,[]
1787646780,Office Back Alley,EYH-6407,Black,Bus,"[""Custom rims"", ""Tinted windows""]"
1787646780,Hospital,ZNI-4355,Blue,Coupe,[]
1787646810,Bookstore,UHR-2612,White,Pickup Truck,[]
1787646810,Office Back Alley,EQL-6876,Green,Bus,"[""Cracked windshield""]"
1787646870,Bookstore,RRC-4766,Blue,Coupe,"[""Tinted windows"", ""Tow hitch""]"
1787646960,Office Back Alley,VJM-7944,Beige,Sedan,[]
1787646960,Office Back Alley,ZFD-3277,Green,Hatchback,"[""Bumper sticker"", ""Missing hubcap""]"
1787646960,Bookstore,KNM-8888,Gray,Sedan,"[""Ladder rack"", ""Aftermarket exhaust""]"
1787646960,Bookstore,BTZ-5167,Silver,Coupe,[]
1787646990,Hospital,EJJ-5605,Red,Bus,"[""Tinted windows"", ""Aftermarket exhaust""]"
1787646990,Bookstore,TXI-5471,White,Pickup Truck,[]
1787646990,Bookstore,ZIG-1175,Black,Bus,[]
1787647110,Office Back Alley,EVV-3567,Blue,SUV,"[""Aftermarket exhaust""]"
1787647170,Office Back Alley,OYU-1228,Maroon,Bus,[]
1787647170,Office Back Alley,FCH-7617,Maroon,Sedan,[]
1787647170,Hospital,OYU-1228,Maroon,Bus,[]
1787647200,Bookstore,HQY-7996,Maroon,Motorcycle,[]
1787647200,Bookstore,IMH-7658,Gray,Hatchback,"[""Tinted windows""]"
1787647200,Office Back Alley,BLF-4771,Gray,Sedan,[]
1787647230,Office Back Alley,EUA-8367,Gold,Motorcycle,"[""Ladder rack""]"
1787647290,Hospital,EHW-3879,Maroon,Coupe,[]
1787647290,Hospital,RRC-4766,Blue,Coupe,"[""Tinted windows"", ""Tow hitch""]"
1787647320,Hospital,FYR-2853,Gold,SUV,"[""Missing hubcap"", ""Aftermarket exhaust""]"
1787647350,Hospital,NUN-3923,Silver,Motorcycle,"[""Roof rack"", ""Sunroof""]"
1787647380,Bookstore,IRY-6538,Gold,Coupe,"[""Sunroof"", ""Custom rims""]"
1787647410,Bookstore,DYT-5541,Maroon,Hatchback,[]
1787647440,Hospital,RRC-4766,Blue,Coupe,"[""Tinted windows"", ""Tow hitch""]"
1787647440,Hospital,TQP-8061,Silver,Hatchback,"[""Tinted windows""]"
1787647530,Hospital,BPU-4332,White,Motorcycle,[]
1787647530,Office Back Alley,ZNI-4355,Blue,Coupe,[]
1787647590,Bookstore,IMH-7658,Gray,Hatchback,"[""Tinted windows""]"
1787647590,Bookstore,YJG-1440,Black,Sedan,"[""Tinted windows"", ""Bumper sticker""]"
1787647590,Office Back Alley,BPU-4332,White,Motorcycle,[]
1787647650,Office Back Alley,QLL-8894,Black,Coupe,"[""Spoiler"", ""Bumper sticker""]"
1787647650,Office Back Alley,OGN-4489,Black,Pickup Truck,"[""Aftermarket exhaust"", ""Custom rims""]"
1787647740,Bookstore,NKO-5227,Gray,Motorcycle,"[""Roof rack""]"
1787647890,Bookstore,BTZ-5167,Silver,Coupe,[]
1787647920,Bookstore,UJS-4783,Red,Bus,"[""Spoiler""]"
1787647920,Office Back Alley,HQY-7996,Maroon,Motorcycle,[]
1787647920,Office Back Alley,ZNI-4355,Blue,Coupe,[]
1787647980,Hospital,QDH-4925,Red,Van,[]
1787648010,Office Back Alley,OYU-1228,Maroon,Bus,[]
1787648010,Office Back Alley,LHA-6933,Gray,Bus,"[""Missing hubcap""]"
1787648130,Bookstore,FHL-3560,Silver,Van,[]
1787648160,Bookstore,IRY-6538,Gold,Coupe,"[""Sunroof"", ""Custom rims""]"
1787648280,Office Back Alley,LUG-7654,Black,Bus,"[""Bumper sticker""]"
1787648280,Office Back Alley,HQY-7996,Maroon,Motorcycle,[]
1787648310,Office Back Alley,EYH-6407,Black,Bus,"[""Custom rims"", ""Tinted windows""]"
1787648400,Bookstore,WNV-7840,Red,Motorcycle,"[""Bumper sticker""]"
1787648430,Hospital,EQL-6876,Green,Bus,"[""Cracked windshield""]"
1787648430,Hospital,NYF-1596,Silver,Pickup Truck,"[""Bumper sticker""]"
1787648430,Office Back Alley,RRT-3341,Red,Sedan,"[""Tinted windows"", ""Dented rear bumper""]"
1787648460,Hospital,BLF-4771,Gray,Sedan,[]
1787648550,Office Back Alley,UHR-2612,White,Pickup Truck,[]
1787648550,Bookstore,KOE-4072,Beige,Pickup Truck,[]
1787648610,Bookstore,YTG-6287,Green,Coupe,"[""Bumper sticker"", ""Tow hitch""]"
1787648700,Office Back Alley,KNM-8888,Gray,Sedan,"[""Ladder rack"", ""Aftermarket exhaust""]"
1787648730,Hospital,EVV-3567,Blue,SUV,"[""Aftermarket exhaust""]"
1787648790,Office Back Alley,OYU-1228,Maroon,Bus,[]
1787648940,Bookstore,IUT-7188,Gray,Bus,"[""Sunroof""]"
1787649000,Bookstore,UJS-4783,Red,Bus,"[""Spoiler""]"
1787649090,Bookstore,HUK-4229,White,Coupe,"[""Tinted windows""]"
1787649090,Office Back Alley,ROX-9271,Gray,Coupe,"[""Custom rims"", ""Roof rack""]"
1787649150,Bookstore,IRY-6538,Gold,Coupe,"[""Sunroof"", ""Custom rims""]"
1787649210,Office Back Alley,DYT-5541,Maroon,Hatchback,[]
1787649240,Office Back Alley,EWE-8741,Blue,Bus,"[""Custom rims""]"
1787649300,Bookstore,LXQ-7888,Black,Van,[]
1787649360,Office Back Alley,YJG-1440,Black,Sedan,"[""Tinted windows"", ""Bumper sticker""]"
1787649570,Hospital,QLL-8894,Black,Coupe,"[""Spoiler"", ""Bumper sticker""]"
1787649570,Hospital,HQY-7996,Maroon,Motorcycle,[]
1787649630,Hospital,LHA-6933,Gray,Bus,"[""Missing hubcap""]"
1787649630,Hospital,BPU-4332,White,Motorcycle,[]
1787649690,Hospital,WUB-4659,Black,Pickup Truck,"[""Sunroof""]"
1787649690,Bookstore,BPU-4332,White,Motorcycle,[]
1787649840,Bookstore,ZGK-3461,Blue,Van,[]
1787649900,Office Back Alley,FHL-3560,Silver,Van,[]
1787649960,Bookstore,TBJ-5379,Green,Coupe,"[""Bumper sticker""]"
1787650170,Office Back Alley,WNV-7840,Red,Motorcycle,"[""Bumper sticker""]"
1787650290,Bookstore,AIT-2702,Blue,Pickup Truck,"[""Dented rear bumper"", ""Tow hitch""]"
1787650320,Office Back Alley,RBG-4071,Blue,Bus,"[""Bumper sticker"", ""Ladder rack""]"
1787650320,Office Back Alley,KOE-4072,Beige,Pickup Truck,[]
1787650590,Bookstore,NKO-5227,Gray,Motorcycle,"[""Roof rack""]"
1787650650,Bookstore,GEZ-2109,Red,Motorcycle,"[""Missing hubcap"", ""Dented rear bumper""]"
1787650710,Bookstore,KES-9323,Maroon,Bus,"[""Spoiler"", ""Missing hubcap""]"
1787650710,Hospital,IRY-6538,Gold,Coupe,"[""Sunroof"", ""Custom rims""]"
1787650740,Office Back Alley,UJS-4783,Red,Bus,"[""Spoiler""]"
1787650740,Office Back Alley,IUT-7188,Gray,Bus,"[""Sunroof""]"
1787650830,Hospital,DOP-3475,Silver,SUV,[]
1787650860,Hospital,EWE-8741,Blue,Bus,"[""Custom rims""]"
1787650890,Office Back Alley,IRY-6538,Gold,Coupe,"[""Sunroof"", ""Custom rims""]"
1787650980,Hospital,YJG-1440,Black,Sedan,"[""Tinted windows"", ""Bumper sticker""]"
1787651010,Bookstore,CIU-8112,Maroon,Bus,"[""Dented rear bumper"", ""Tow hitch""]"
1787651100,Bookstore,ZIG-1175,Black,Bus,[]
1787651190,Office Back Alley,QLL-8894,Black,Coupe,"[""Spoiler"", ""Bumper sticker""]"
1787651460,Bookstore,DYT-5541,Maroon,Hatchback,[]
1787651460,Office Back Alley,BPU-4332,White,Motorcycle,[]
1787651520,Hospital,FHL-3560,Silver,Van,[]
1787651550,Office Back Alley,DYT-5541,Maroon,Hatchback,[]
1787651580,Hospital,BGW-3337,Silver,Bus,"[""Bumper sticker""]"
1787651850,Bookstore,VDV-4194,White,Coupe,[]
1787651910,Hospital,ZNI-4355,Blue,Coupe,[]
1787652030,Hospital,KES-9323,Maroon,Bus,"[""Spoiler"", ""Missing hubcap""]"
1787652060,Office Back Alley,AIT-2702,Blue,Pickup Truck,"[""Dented rear bumper"", ""Tow hitch""]"
1787652060,Hospital,RRC-4766,Blue,Coupe,"[""Tinted windows"", ""Tow hitch""]"
1787652210,Bookstore,RTJ-3423,Gold,Sedan,[]
1787652420,Office Back Alley,GEZ-2109,Red,Motorcycle,"[""Missing hubcap"", ""Dented rear bumper""]"
1787652510,Office Back Alley,KES-9323,Maroon,Bus,"[""Spoiler"", ""Missing hubcap""]"
1787652690,Hospital,QDH-4925,Red,Van,[]
1787652870,Office Back Alley,ZIG-1175,Black,Bus,[]
1787653020,Hospital,NYF-1596,Silver,Pickup Truck,"[""Bumper sticker""]"
1787653170,Hospital,DYT-5541,Maroon,Hatchback,[]
1787653290,Hospital,TQP-8061,Silver,Hatchback,"[""Tinted windows""]"
1787653650,Office Back Alley,VDV-4194,White,Coupe,[]
1787653680,Office Back Alley,RRC-4766,Blue,Coupe,"[""Tinted windows"", ""Tow hitch""]"
1787653680,Hospital,IRY-6538,Gold,Coupe,"[""Sunroof"", ""Custom rims""]"
1787653680,Hospital,AIT-2702,Blue,Pickup Truck,"[""Dented rear bumper"", ""Tow hitch""]"
1787653860,Hospital,BLF-4771,Gray,Sedan,[]
1787654640,Office Back Alley,NYF-1596,Silver,Pickup Truck,"[""Bumper sticker""]"
1787654850,Bookstore,RRC-4766,Blue,Coupe,"[""Tinted windows"", ""Tow hitch""]"
1787654910,Office Back Alley,TQP-8061,Silver,Hatchback,"[""Tinted windows""]"
1787655450,Hospital,EHW-3879,Maroon,Coupe,[]
1787655480,Office Back Alley,BLF-4771,Gray,Sedan,[]
1787655720,Bookstore,RRC-4766,Blue,Coupe,"[""Tinted windows"", ""Tow hitch""]"
1787656650,Office Back Alley,RRC-4766,Blue,Coupe,"[""Tinted windows"", ""Tow hitch""]"
1787657520,Office Back Alley,RRC-4766,Blue,Coupe,"[""Tinted windows"", ""Tow hitch""]"
1787677440,Hospital,ZNI-4355,Blue,Coupe,[]
1787677740,Office Back Alley,WNV-7840,Red,Motorcycle,"[""Bumper sticker""]"
1787677890,Hospital,IRY-6538,Gold,Coupe,"[""Sunroof"", ""Custom rims""]"
1787678070,Hospital,EHW-3879,Maroon,Coupe,[]
1787678310,Office Back Alley,CZA-9416,Black,Bus,[]
1787678370,Bookstore,XOW-5609,Gray,Sedan,"[""Sunroof"", ""Roof rack""]"
1787678430,Office Back Alley,FYR-2853,Gold,SUV,"[""Missing hubcap"", ""Aftermarket exhaust""]"
1787678520,Bookstore,EJJ-5605,Red,Bus,"[""Tinted windows"", ""Aftermarket exhaust""]"
1787678520,Office Back Alley,CIU-8112,Maroon,Bus,"[""Dented rear bumper"", ""Tow hitch""]"
1787678550,Office Back Alley,VQJ-3851,Beige,Hatchback,[]
1787678580,Office Back Alley,DOP-3475,Silver,SUV,[]
1787678640,Office Back Alley,NKO-5227,Gray,Motorcycle,"[""Roof rack""]"
1787678670,Hospital,KES-9323,Maroon,Bus,"[""Spoiler"", ""Missing hubcap""]"
1787678670,Office Back Alley,TQP-8061,Silver,Hatchback,"[""Tinted windows""]"
1787678700,Hospital,LHA-6933,Gray,Bus,"[""Missing hubcap""]"
1787678700,Bookstore,IMH-7658,Gray,Hatchback,"[""Tinted windows""]"
1787678730,Office Back Alley,OYU-1228,Maroon,Bus,[]
1787678730,Hospital,IRY-6538,Gold,Coupe,"[""Sunroof"", ""Custom rims""]"
1787678760,Hospital,YJG-1440,Black,Sedan,"[""Tinted windows"", ""Bumper sticker""]"
1787678760,Office Back Alley,OGN-4489,Black,Pickup Truck,"[""Aftermarket exhaust"", ""Custom rims""]"
1787678790,Bookstore,YTG-6287,Green,Coupe,"[""Bumper sticker"", ""Tow hitch""]"
1787678820,Bookstore,QDH-4925,Red,Van,[]
1787678850,Bookstore,TXI-5471,White,Pickup Truck,[]
1787678880,Bookstore,QDH-4925,Red,Van,[]
1787678880,Hospital,BPU-4332,White,Motorcycle,[]
1787678880,Office Back Alley,RBG-4071,Blue,Bus,"[""Bumper sticker"", ""Ladder rack""]"
1787678970,Office Back Alley,RRC-4766,Blue,Coupe,"[""Tinted windows"", ""Tow hitch""]"
1787679000,Office Back Alley,BGW-3337,Silver,Bus,"[""Bumper sticker""]"
1787679030,Hospital,BPU-4332,White,Motorcycle,[]
1787679030,Hospital,AIT-2702,Blue,Pickup Truck,"[""Dented rear bumper"", ""Tow hitch""]"
1787679060,Office Back Alley,ZNI-4355,Blue,Coupe,[]
1787679090,Hospital,EWE-8741,Blue,Bus,"[""Custom rims""]"
1787679150,Hospital,EVV-3567,Blue,SUV,"[""Aftermarket exhaust""]"
1787679180,Office Back Alley,EYH-6407,Black,Bus,"[""Custom rims"", ""Tinted windows""]"
1787679210,Office Back Alley,ZNI-4355,Blue,Coupe,[]
1787679240,Office Back Alley,OGN-4489,Black,Pickup Truck,"[""Aftermarket exhaust"", ""Custom rims""]"
1787679270,Office Back Alley,HQY-7996,Maroon,Motorcycle,[]
1787679360,Office Back Alley,QDH-4925,Red,Van,[]
1787679360,Office Back Alley,UJS-4783,Red,Bus,"[""Spoiler""]"
1787679420,Office Back Alley,BPU-4332,White,Motorcycle,[]
1787679450,Office Back Alley,FCH-7617,Maroon,Sedan,[]
1787679480,Office Back Alley,RRC-4766,Blue,Coupe,"[""Tinted windows"", ""Tow hitch""]"
1787679510,Bookstore,WNV-7840,Red,Motorcycle,"[""Bumper sticker""]"
1787679540,Office Back Alley,IUT-7188,Gray,Bus,"[""Sunroof""]"
1787679540,Hospital,EQL-6876,Green,Bus,"[""Cracked windshield""]"
1787679570,Office Back Alley,KOE-4072,Beige,Pickup Truck,[]
1787679630,Office Back Alley,VQJ-3851,Beige,Hatchback,[]
1787679630,Office Back Alley,QLL-8894,Black,Coupe,"[""Spoiler"", ""Bumper sticker""]"
1787679630,Office Back Alley,GEZ-2109,Red,Motorcycle,"[""Missing hubcap"", ""Dented rear bumper""]"
1787679630,Office Back Alley,ROX-9271,Gray,Coupe,"[""Custom rims"", ""Roof rack""]"
1787679660,Hospital,EHW-3879,Maroon,Coupe,[]
1787679660,Bookstore,FCH-7617,Maroon,Sedan,[]
1787679660,Office Back Alley,BTZ-5167,Silver,Coupe,[]
1787679690,Hospital,DOP-3475,Silver,SUV,[]
1787679690,Office Back Alley,UHR-2612,White,Pickup Truck,[]
1787679720,Hospital,RRC-4766,Blue,Coupe,"[""Tinted windows"", ""Tow hitch""]"
1787679720,Hospital,HQY-7996,Maroon,Motorcycle,[]
1787679750,Office Back Alley,QLL-8894,Black,Coupe,"[""Spoiler"", ""Bumper sticker""]"
1787679780,Office Back Alley,DYT-5541,Maroon,Hatchback,[]
1787679810,Hospital,MDL-3261,Blue,Motorcycle,[]
1787679810,Hospital,BLF-4771,Gray,Sedan,[]
1787679810,Office Back Alley,RRC-4766,Blue,Coupe,"[""Tinted windows"", ""Tow hitch""]"
1787679870,Office Back Alley,BLF-4771,Gray,Sedan,[]
1787679900,Office Back Alley,CZA-9416,Black,Bus,[]
1787679900,Office Back Alley,VDV-4194,White,Coupe,[]
1787679930,Office Back Alley,KES-9323,Maroon,Bus,"[""Spoiler"", ""Missing hubcap""]"
1787679990,Office Back Alley,KNM-8888,Gray,Sedan,"[""Ladder rack"", ""Aftermarket exhaust""]"
1787680020,Office Back Alley,ZNI-4355,Blue,Coupe,[]
1787680080,Hospital,FHL-3560,Silver,Van,[]
1787680080,Office Back Alley,BGW-3337,Silver,Bus,"[""Bumper sticker""]"
1787680110,Hospital,TBJ-5379,Green,Coupe,"[""Bumper sticker""]"
1787680140,Hospital,DYT-5541,Maroon,Hatchback,[]
1787680140,Office Back Alley,FYR-2853,Gold,SUV,"[""Missing hubcap"", ""Aftermarket exhaust""]"
1787680140,Office Back Alley,XOW-5609,Gray,Sedan,"[""Sunroof"", ""Roof rack""]"
1787680170,Office Back Alley,NYF-1596,Silver,Pickup Truck,"[""Bumper sticker""]"
1787680170,Office Back Alley,ZIG-1175,Black,Bus,[]
1787680200,Office Back Alley,OGN-4489,Black,Pickup Truck,"[""Aftermarket exhaust"", ""Custom rims""]"
1787680230,Office Back Alley,KES-9323,Maroon,Bus,"[""Spoiler"", ""Missing hubcap""]"
1787680260,Hospital,TQP-8061,Silver,Hatchback,"[""Tinted windows""]"
1787680260,Bookstore,YTG-6287,Green,Coupe,"[""Bumper sticker"", ""Tow hitch""]"
1787680290,Office Back Alley,RRC-4766,Blue,Coupe,"[""Tinted windows"", ""Tow hitch""]"
1787680290,Office Back Alley,LUG-7654,Black,Bus,"[""Bumper sticker""]"
1787680290,Office Back Alley,EJJ-5605,Red,Bus,"[""Tinted windows"", ""Aftermarket exhaust""]"
1787680320,Hospital,HUK-4229,White,Coupe,"[""Tinted windows""]"
1787680320,Office Back Alley,CIU-8112,Maroon,Bus,"[""Dented rear bumper"", ""Tow hitch""]"
1787680350,Bookstore,OYU-1228,Maroon,Bus,[]
1787680350,Hospital,FYR-2853,Gold,SUV,"[""Missing hubcap"", ""Aftermarket exhaust""]"
1787680350,Hospital,OYU-1228,Maroon,Bus,[]
1787680350,Office Back Alley,HQY-7996,Maroon,Motorcycle,[]
1787680380,Hospital,OGN-4489,Black,Pickup Truck,"[""Aftermarket exhaust"", ""Custom rims""]"
1787680440,Bookstore,RQA-7745,Red,Motorcycle,"[""Sunroof""]"
1787680440,Bookstore,RRT-3341,Red,Sedan,"[""Tinted windows"", ""Dented rear bumper""]"
1787680440,Office Back Alley,TQP-8061,Silver,Hatchback,"[""Tinted windows""]"
1787680500,Hospital,RBG-4071,Blue,Bus,"[""Bumper sticker"", ""Ladder rack""]"
1787680590,Office Back Alley,QDH-4925,Red,Van,[]
1787680620,Office Back Alley,NKO-5227,Gray,Motorcycle,"[""Roof rack""]"
1787680620,Office Back Alley,ZNI-4355,Blue,Coupe,[]
1787680620,Office Back Alley,DOP-3475,Silver,SUV,[]
1787680620,Office Back Alley,BPU-4332,White,Motorcycle,[]
1787680620,Office Back Alley,TXI-5471,White,Pickup Truck,[]
1787680740,Office Back Alley,KNM-8888,Gray,Sedan,"[""Ladder rack"", ""Aftermarket exhaust""]"
1787680770,Office Back Alley,RRC-4766,Blue,Coupe,"[""Tinted windows"", ""Tow hitch""]"
1787680800,Hospital,EYH-6407,Black,Bus,"[""Custom rims"", ""Tinted windows""]"
1787680800,Office Back Alley,IRY-6538,Gold,Coupe,"[""Sunroof"", ""Custom rims""]"
1787680860,Hospital,OGN-4489,Black,Pickup Truck,"[""Aftermarket exhaust"", ""Custom rims""]"
1787680890,Office Back Alley,RRC-4766,Blue,Coupe,"[""Tinted windows"", ""Tow hitch""]"
1787680950,Hospital,QDH-4925,Red,Van,[]
1787680950,Hospital,UJS-4783,Red,Bus,"[""Spoiler""]"
1787681040,Hospital,FCH-7617,Maroon,Sedan,[]
1787681100,Office Back Alley,EQL-6876,Green,Bus,"[""Cracked windshield""]"
1787681100,Bookstore,IMH-7658,Gray,Hatchback,"[""Tinted windows""]"
1787681160,Bookstore,BPU-4332,White,Motorcycle,[]
1787681160,Office Back Alley,EJJ-5605,Red,Bus,"[""Tinted windows"", ""Aftermarket exhaust""]"
1787681220,Bookstore,OYU-1228,Maroon,Bus,[]
1787681310,Bookstore,ZFD-3277,Green,Hatchback,"[""Bumper sticker"", ""Missing hubcap""]"
1787681310,Hospital,UHR-2612,White,Pickup Truck,[]
1787681310,Office Back Alley,ROX-9271,Gray,Coupe,"[""Custom rims"", ""Roof rack""]"
1787681370,Bookstore,IUT-7188,Gray,Bus,"[""Sunroof""]"
1787681370,Bookstore,GEZ-2109,Red,Motorcycle,"[""Missing hubcap"", ""Dented rear bumper""]"
1787681400,Hospital,RRC-4766,Blue,Coupe,"[""Tinted windows"", ""Tow hitch""]"
1787681400,Bookstore,VQJ-3851,Beige,Hatchback,[]
1787681430,Office Back Alley,FCH-7617,Maroon,Sedan,[]
1787681430,Office Back Alley,MDL-3261,Blue,Motorcycle,[]
1787681490,Hospital,VDV-4194,White,Coupe,[]
1787681490,Bookstore,RQA-7745,Red,Motorcycle,"[""Sunroof""]"
1787681490,Bookstore,QLL-8894,Black,Coupe,"[""Spoiler"", ""Bumper sticker""]"
1787681520,Hospital,TML-3408,Red,Motorcycle,"[""Spoiler"", ""Custom rims""]"
1787681520,Hospital,CZA-9416,Black,Bus,[]
1787681520,Office Back Alley,ZNI-4355,Blue,Coupe,[]
1787681520,Office Back Alley,XOW-5609,Gray,Sedan,"[""Sunroof"", ""Roof rack""]"
1787681550,Bookstore,WNV-7840,Red,Motorcycle,"[""Bumper sticker""]"
1787681580,Office Back Alley,KOE-4072,Beige,Pickup Truck,[]
1787681580,Bookstore,HQY-7996,Maroon,Motorcycle,[]
1787681610,Bookstore,BLF-4771,Gray,Sedan,[]
1787681610,Office Back Alley,NKO-5227,Gray,Motorcycle,"[""Roof rack""]"
1787681640,Office Back Alley,DYT-5541,Maroon,Hatchback,[]
1787681700,Office Back Alley,BTZ-5167,Silver,Coupe,[]
1787681700,Office Back Alley,LUG-7654,Black,Bus,"[""Bumper sticker""]"
1787681730,Office Back Alley,NYF-1596,Silver,Pickup Truck,"[""Bumper sticker""]"
1787681730,Office Back Alley,TBJ-5379,Green,Coupe,"[""Bumper sticker""]"
1787681940,Office Back Alley,HUK-4229,White,Coupe,"[""Tinted windows""]"
1787681940,Bookstore,VAP-5225,Silver,Hatchback,"[""Cracked windshield"", ""Tinted windows""]"
1787681940,Bookstore,OGN-4489,Black,Pickup Truck,"[""Aftermarket exhaust"", ""Custom rims""]"
1787681940,Hospital,CIU-8112,Maroon,Bus,"[""Dented rear bumper"", ""Tow hitch""]"
1787681970,Hospital,HQY-7996,Maroon,Motorcycle,[]
1787681970,Office Back Alley,FYR-2853,Gold,SUV,"[""Missing hubcap"", ""Aftermarket exhaust""]"
1787682000,Bookstore,RRT-3341,Red,Sedan,"[""Tinted windows"", ""Dented rear bumper""]"
1787682000,Office Back Alley,FYR-2853,Gold,SUV,"[""Missing hubcap"", ""Aftermarket exhaust""]"
1787682000,Office Back Alley,RRC-4766,Blue,Coupe,"[""Tinted windows"", ""Tow hitch""]"
1787682030,Bookstore,LHA-6933,Gray,Bus,"[""Missing hubcap""]"
1787682030,Office Back Alley,ZIG-1175,Black,Bus,[]
1787682030,Office Back Alley,EUA-8367,Gold,Motorcycle,"[""Ladder rack""]"
1787682060,Bookstore,RRC-4766,Blue,Coupe,"[""Tinted windows"", ""Tow hitch""]"
1787682060,Office Back Alley,KES-9323,Maroon,Bus,"[""Spoiler"", ""Missing hubcap""]"
1787682120,Office Back Alley,DOP-3475,Silver,SUV,[]
1787682240,Bookstore,QDH-4925,Red,Van,[]
1787682240,Office Back Alley,QLL-8894,Black,Coupe,"[""Spoiler"", ""Bumper sticker""]"
1787682240,Office Back Alley,LXQ-7888,Black,Van,[]
1787682330,Office Back Alley,BLF-4771,Gray,Sedan,[]
1787682330,Office Back Alley,WUB-4659,Black,Pickup Truck,"[""Sunroof""]"
1787682390,Hospital,IRY-6538,Gold,Coupe,"[""Sunroof"", ""Custom rims""]"
1787682420,Office Back Alley,DYT-5541,Maroon,Hatchback,[]
1787682420,Bookstore,EWE-8741,Blue,Bus,"[""Custom rims""]"
1787682510,Office Back Alley,ZNI-4355,Blue,Coupe,[]
1787682510,Office Back Alley,CZA-9416,Black,Bus,[]
1787682540,Hospital,TQP-8061,Silver,Hatchback,"[""Tinted windows""]"
1787682600,Office Back Alley,TXI-5471,White,Pickup Truck,[]
1787682630,Office Back Alley,FCH-7617,Maroon,Sedan,[]
1787682630,Office Back Alley,KES-9323,Maroon,Bus,"[""Spoiler"", ""Missing hubcap""]"
1787682630,Bookstore,NUN-3923,Silver,Motorcycle,"[""Roof rack"", ""Sunroof""]"
1787682720,Office Back Alley,NYF-1596,Silver,Pickup Truck,"[""Bumper sticker""]"
1787682810,Office Back Alley,ZGK-3461,Blue,Van,[]
1787682870,Office Back Alley,VKM-8657,Blue,Sedan,"[""Custom rims""]"
1787682900,Bookstore,NYF-1596,Silver,Pickup Truck,"[""Bumper sticker""]"
1787682930,Bookstore,LHA-6933,Gray,Bus,"[""Missing hubcap""]"
1787682930,Office Back Alley,MDL-3261,Blue,Motorcycle,[]
1787682960,Office Back Alley,EJJ-5605,Red,Bus,"[""Tinted windows"", ""Aftermarket exhaust""]"
1787682960,Office Back Alley,YJG-1440,Black,Sedan,"[""Tinted windows"", ""Bumper sticker""]"
1787682990,Bookstore,EHW-3879,Maroon,Coupe,[]
1787683110,Office Back Alley,QDH-4925,Red,Van,[]
1787683140,Hospital,XOW-5609,Gray,Sedan,"[""Sunroof"", ""Roof rack""]"
1787683140,Office Back Alley,EQL-6876,Green,Bus,"[""Cracked windshield""]"
1787683170,Bookstore,VJM-7944,Beige,Sedan,[]
1787683170,Hospital,IRY-6538,Gold,Coupe,"[""Sunroof"", ""Custom rims""]"
1787683200,Bookstore,ABS-2643,Gold,Pickup Truck,"[""Tow hitch"", ""Missing hubcap""]"
1787683200,Hospital,KOE-4072,Beige,Pickup Truck,[]
1787683200,Office Back Alley,BGW-3337,Silver,Bus,"[""Bumper sticker""]"
1787683230,Bookstore,EQL-6876,Green,Bus,"[""Cracked windshield""]"
1787683260,Office Back Alley,KNM-8888,Gray,Sedan,"[""Ladder rack"", ""Aftermarket exhaust""]"
1787683290,Office Back Alley,HUK-4229,White,Coupe,"[""Tinted windows""]"
1787683290,Office Back Alley,RRC-4766,Blue,Coupe,"[""Tinted windows"", ""Tow hitch""]"
1787683350,Bookstore,ZNI-4355,Blue,Coupe,[]
1787683380,Bookstore,NKO-5227,Gray,Motorcycle,"[""Roof rack""]"
1787683380,Hospital,EVV-3567,Blue,SUV,"[""Aftermarket exhaust""]"
1787683470,Bookstore,LUG-7654,Black,Bus,"[""Bumper sticker""]"
1787683470,Bookstore,DYT-5541,Maroon,Hatchback,[]
1787683470,Bookstore,ZYZ-1012,Beige,Motorcycle,"[""Spoiler""]"
1787683470,Office Back Alley,CZA-9416,Black,Bus,[]
1787683500,Bookstore,ZNI-4355,Blue,Coupe,[]
1787683530,Bookstore,FCH-7617,Maroon,Sedan,[]
1787683530,Office Back Alley,FYR-2853,Gold,SUV,"[""Missing hubcap"", ""Aftermarket exhaust""]"
1787683590,Office Back Alley,VJM-7944,Beige,Sedan,[]
1787683650,Hospital,EUA-8367,Gold,Motorcycle,"[""Ladder rack""]"
1787683650,Office Back Alley,DOP-3475,Silver,SUV,[]
1787683680,Hospital,KES-9323,Maroon,Bus,"[""Spoiler"", ""Missing hubcap""]"
1787683770,Bookstore,RRC-4766,Blue,Coupe,"[""Tinted windows"", ""Tow hitch""]"
1787683860,Hospital,LXQ-7888,Black,Van,[]
1787683950,Hospital,BLF-4771,Gray,Sedan,[]
1787683950,Hospital,WUB-4659,Black,Pickup Truck,"[""Sunroof""]"
1787684010,Bookstore,VAP-5225,Silver,Hatchback,"[""Cracked windshield"", ""Tinted windows""]"
1787684010,Office Back Alley,QLL-8894,Black,Coupe,"[""Spoiler"", ""Bumper sticker""]"
1787684010,Office Back Alley,ZIG-1175,Black,Bus,[]
1787684010,Office Back Alley,QDH-4925,Red,Van,[]
1787684130,Bookstore,RTJ-3423,Gold,Sedan,[]
1787684160,Hospital,BPU-4332,White,Motorcycle,[]
1787684190,Office Back Alley,TQP-8061,Silver,Hatchback,"[""Tinted windows""]"
1787684220,Office Back Alley,KES-9323,Maroon,Bus,"[""Spoiler"", ""Missing hubcap""]"
1787684220,Office Back Alley,BPU-4332,White,Motorcycle,[]
1787684250,Office Back Alley,FYR-2853,Gold,SUV,"[""Missing hubcap"", ""Aftermarket exhaust""]"
1787684250,Office Back Alley,DYT-5541,Maroon,Hatchback,[]
1787684280,Bookstore,RRC-4766,Blue,Coupe,"[""Tinted windows"", ""Tow hitch""]"
1787684280,Bookstore,ZNI-4355,Blue,Coupe,[]
1787684310,Office Back Alley,MDL-3261,Blue,Motorcycle,[]
1787684310,Office Back Alley,CZA-9416,Black,Bus,[]
1787684340,Hospital,NYF-1596,Silver,Pickup Truck,"[""Bumper sticker""]"
1787684370,Bookstore,TXI-5471,White,Pickup Truck,[]
1787684400,Bookstore,FCH-7617,Maroon,Sedan,[]
1787684430,Hospital,ZGK-3461,Blue,Van,[]
1787684700,Bookstore,IRY-6538,Gold,Coupe,"[""Sunroof"", ""Custom rims""]"
1787684730,Bookstore,EJJ-5605,Red,Bus,"[""Tinted windows"", ""Aftermarket exhaust""]"
1787684730,Office Back Alley,HUK-4229,White,Coupe,"[""Tinted windows""]"
1787684790,Bookstore,OYU-1228,Maroon,Bus,[]
1787684820,Hospital,HYS-9092,Gray,Coupe,"[""Roof rack"", ""Dented rear bumper""]"
1787684910,Hospital,KNM-8888,Gray,Sedan,"[""Ladder rack"", ""Aftermarket exhaust""]"
1787684970,Bookstore,GEZ-2109,Red,Motorcycle,"[""Missing hubcap"", ""Dented rear bumper""]"
1787685000,Office Back Alley,EVV-3567,Blue,SUV,"[""Aftermarket exhaust""]"
1787685030,Office Back Alley,YJG-1440,Black,Sedan,"[""Tinted windows"", ""Bumper sticker""]"
1787685060,Bookstore,RRC-4766,Blue,Coupe,"[""Tinted windows"", ""Tow hitch""]"
1787685060,Office Back Alley,VKM-8657,Blue,Sedan,"[""Custom rims""]"
1787685150,Hospital,FYR-2853,Gold,SUV,"[""Missing hubcap"", ""Aftermarket exhaust""]"
1787685150,Bookstore,ZYZ-1012,Beige,Motorcycle,"[""Spoiler""]"
1787685210,Hospital,OYU-1228,Maroon,Bus,[]
1787685210,Hospital,VJM-7944,Beige,Sedan,[]
1787685270,Hospital,DOP-3475,Silver,SUV,[]
1787685270,Hospital,BLF-4771,Gray,Sedan,[]
1787685270,Office Back Alley,TBJ-5379,Green,Coupe,"[""Bumper sticker""]"
1787685330,Hospital,ROX-9271,Gray,Coupe,"[""Custom rims"", ""Roof rack""]"
1787685330,Office Back Alley,QDH-4925,Red,Van,[]
1787685450,Bookstore,DYT-5541,Maroon,Hatchback,[]
1787685450,Bookstore,HQY-7996,Maroon,Motorcycle,[]
1787685540,Bookstore,LUG-7654,Black,Bus,"[""Bumper sticker""]"
1787685540,Office Back Alley,QDH-4925,Red,Van,[]
1787685570,Office Back Alley,BGW-3337,Silver,Bus,"[""Bumper sticker""]"
1787685600,Bookstore,TQP-8061,Silver,Hatchback,"[""Tinted windows""]"
1787685660,Bookstore,VQJ-3851,Beige,Hatchback,[]
1787685660,Bookstore,OYU-1228,Maroon,Bus,[]
1787685690,Hospital,UJS-4783,Red,Bus,"[""Spoiler""]"
1787685690,Office Back Alley,TQP-8061,Silver,Hatchback,"[""Tinted windows""]"
1787685750,Bookstore,RRC-4766,Blue,Coupe,"[""Tinted windows"", ""Tow hitch""]"
1787685780,Office Back Alley,BPU-4332,White,Motorcycle,[]
1787685780,Hospital,FCH-7617,Maroon,Sedan,[]
1787685780,Hospital,AIT-2702,Blue,Pickup Truck,"[""Dented rear bumper"", ""Tow hitch""]"
1787685780,Bookstore,EJJ-5605,Red,Bus,"[""Tinted windows"", ""Aftermarket exhaust""]"
1787685810,Bookstore,IMH-7658,Gray,Hatchback,"[""Tinted windows""]"
1787685840,Bookstore,BTZ-5167,Silver,Coupe,[]
1787685840,Bookstore,ZIG-1175,Black,Bus,[]
1787685870,Hospital,DYT-5541,Maroon,Hatchback,[]
1787685930,Bookstore,OGN-4489,Black,Pickup Truck,"[""Aftermarket exhaust"", ""Custom rims""]"
1787685960,Hospital,CZA-9416,Black,Bus,[]
1787685990,Hospital,DOP-3475,Silver,SUV,[]
1787685990,Bookstore,NVS-7383,Gold,Van,"[""Aftermarket exhaust"", ""Ladder rack""]"
1787686020,Hospital,VDV-4194,White,Coupe,[]
1787686050,Hospital,EYH-6407,Black,Bus,"[""Custom rims"", ""Tinted windows""]"
1787686080,Office Back Alley,EVV-3567,Blue,SUV,"[""Aftermarket exhaust""]"
1787686080,Bookstore,ZFD-3277,Green,Hatchback,"[""Bumper sticker"", ""Missing hubcap""]"
1787686080,Bookstore,FYR-2853,Gold,SUV,"[""Missing hubcap"", ""Aftermarket exhaust""]"
1787686140,Hospital,RBG-4071,Blue,Bus,"[""Bumper sticker"", ""Ladder rack""]"
1787686170,Bookstore,IRY-6538,Gold,Coupe,"[""Sunroof"", ""Custom rims""]"
1787686200,Hospital,RRC-4766,Blue,Coupe,"[""Tinted windows"", ""Tow hitch""]"
1787686290,Bookstore,DOP-3475,Silver,SUV,[]
1787686350,Office Back Alley,BPU-4332,White,Motorcycle,[]
1787686380,Bookstore,ZNI-4355,Blue,Coupe,[]
1787686380,Bookstore,RRC-4766,Blue,Coupe,"[""Tinted windows"", ""Tow hitch""]"
1787686500,Bookstore,ZNI-4355,Blue,Coupe,[]
1787686500,Bookstore,HUK-4229,White,Coupe,"[""Tinted windows""]"
1787686560,Office Back Alley,OYU-1228,Maroon,Bus,[]
1787686680,Office Back Alley,MDL-3261,Blue,Motorcycle,[]
1787686710,Bookstore,OGN-4489,Black,Pickup Truck,"[""Aftermarket exhaust"", ""Custom rims""]"
1787686740,Office Back Alley,GEZ-2109,Red,Motorcycle,"[""Missing hubcap"", ""Dented rear bumper""]"
1787686830,Office Back Alley,OYU-1228,Maroon,Bus,[]
1787686830,Bookstore,TQP-8061,Silver,Hatchback,"[""Tinted windows""]"
1787686830,Bookstore,VKM-8657,Blue,Sedan,"[""Custom rims""]"
1787686860,Office Back Alley,IRY-6538,Gold,Coupe,"[""Sunroof"", ""Custom rims""]"
1787686890,Office Back Alley,BLF-4771,Gray,Sedan,[]
1787686890,Hospital,TBJ-5379,Green,Coupe,"[""Bumper sticker""]"
1787686980,Bookstore,BLF-4771,Gray,Sedan,[]
1787687010,Office Back Alley,QDH-4925,Red,Van,[]
1787687070,Hospital,IMH-7658,Gray,Hatchback,"[""Tinted windows""]"
1787687190,Office Back Alley,DYT-5541,Maroon,Hatchback,[]
1787687190,Hospital,BGW-3337,Silver,Bus,"[""Bumper sticker""]"
1787687280,Hospital,DYT-5541,Maroon,Hatchback,[]
1787687280,Bookstore,QLL-8894,Black,Coupe,"[""Spoiler"", ""Bumper sticker""]"
1787687310,Hospital,EQL-6876,Green,Bus,"[""Cracked windshield""]"
1787687340,Office Back Alley,BPU-4332,White,Motorcycle,[]
1787687400,Office Back Alley,FCH-7617,Maroon,Sedan,[]
1787687430,Office Back Alley,QDH-4925,Red,Van,[]
1787687490,Bookstore,EQL-6876,Green,Bus,"[""Cracked windshield""]"
1787687550,Office Back Alley,KES-9323,Maroon,Bus,"[""Spoiler"", ""Missing hubcap""]"
1787687610,Office Back Alley,IMH-7658,Gray,Hatchback,"[""Tinted windows""]"
1787687610,Bookstore,EWE-8741,Blue,Bus,"[""Custom rims""]"
1787687640,Office Back Alley,VDV-4194,White,Coupe,[]
1787687760,Office Back Alley,GEZ-2109,Red,Motorcycle,"[""Missing hubcap"", ""Dented rear bumper""]"
1787687760,Office Back Alley,RBG-4071,Blue,Bus,"[""Bumper sticker"", ""Ladder rack""]"
1787687790,Bookstore,EHW-3879,Maroon,Coupe,[]
1787687820,Office Back Alley,RRC-4766,Blue,Coupe,"[""Tinted windows"", ""Tow hitch""]"
1787687850,Hospital,TML-3408,Red,Motorcycle,"[""Spoiler"", ""Custom rims""]"
1787687850,Bookstore,VKM-8657,Blue,Sedan,"[""Custom rims""]"
1787687850,Bookstore,EVV-3567,Blue,SUV,"[""Aftermarket exhaust""]"
1787687850,Bookstore,QDH-4925,Red,Van,[]
1787687880,Bookstore,FCH-7617,Maroon,Sedan,[]
1787687880,Bookstore,LHA-6933,Gray,Bus,"[""Missing hubcap""]"
1787687940,Office Back Alley,OYU-1228,Maroon,Bus,[]
1787688000,Bookstore,VJM-7944,Beige,Sedan,[]
1787688030,Bookstore,TQP-8061,Silver,Hatchback,"[""Tinted windows""]"
1787688060,Office Back Alley,DOP-3475,Silver,SUV,[]
1787688120,Bookstore,AIT-2702,Blue,Pickup Truck,"[""Dented rear bumper"", ""Tow hitch""]"
1787688150,Bookstore,HUK-4229,White,Coupe,"[""Tinted windows""]"
1787688150,Bookstore,YTG-6287,Green,Coupe,"[""Bumper sticker"", ""Tow hitch""]"
1787688210,Office Back Alley,ZYZ-1012,Beige,Motorcycle,"[""Spoiler""]"
1787688210,Bookstore,VQJ-3851,Beige,Hatchback,[]
1787688240,Bookstore,FHL-3560,Silver,Van,[]
1787688270,Office Back Alley,ZNI-4355,Blue,Coupe,[]
1787688330,Bookstore,ZIG-1175,Black,Bus,[]
1787688330,Bookstore,NUN-3923,Silver,Motorcycle,"[""Roof rack"", ""Sunroof""]"
1787688330,Office Back Alley,BPU-4332,White,Motorcycle,[]
1787688480,Bookstore,ABS-2643,Gold,Pickup Truck,"[""Tow hitch"", ""Missing hubcap""]"
1787688510,Bookstore,FCH-7617,Maroon,Sedan,[]
1787688510,Bookstore,MDL-3261,Blue,Motorcycle,[]
1787688570,Bookstore,NVS-7383,Gold,Van,"[""Aftermarket exhaust"", ""Ladder rack""]"
1787688600,Hospital,CZA-9416,Black,Bus,[]
1787688630,Hospital,QDH-4925,Red,Van,[]
1787688660,Bookstore,FYR-2853,Gold,SUV,"[""Missing hubcap"", ""Aftermarket exhaust""]"
1787688690,Hospital,NYF-1596,Silver,Pickup Truck,"[""Bumper sticker""]"
1787688690,Bookstore,TXI-5471,White,Pickup Truck,[]
1787688690,Office Back Alley,IRY-6538,Gold,Coupe,"[""Sunroof"", ""Custom rims""]"
1787688750,Office Back Alley,DYT-5541,Maroon,Hatchback,[]
1787688780,Office Back Alley,OYU-1228,Maroon,Bus,[]
1787688900,Office Back Alley,DYT-5541,Maroon,Hatchback,[]
1787688960,Hospital,BPU-4332,White,Motorcycle,[]
1787688990,Hospital,BLF-4771,Gray,Sedan,[]
1787688990,Bookstore,HQY-7996,Maroon,Motorcycle,[]
1787689020,Hospital,VAP-5225,Silver,Hatchback,"[""Cracked windshield"", ""Tinted windows""]"
1787689050,Office Back Alley,BLF-4771,Gray,Sedan,[]
1787689140,Bookstore,TQP-8061,Silver,Hatchback,"[""Tinted windows""]"
1787689170,Hospital,VJM-7944,Beige,Sedan,[]
1787689260,Office Back Alley,ZYZ-1012,Beige,Motorcycle,"[""Spoiler""]"
1787689260,Office Back Alley,HYS-9092,Gray,Coupe,"[""Roof rack"", ""Dented rear bumper""]"
1787689260,Office Back Alley,EQL-6876,Green,Bus,"[""Cracked windshield""]"
1787689350,Hospital,WUB-4659,Black,Pickup Truck,"[""Sunroof""]"
1787689380,Office Back Alley,EWE-8741,Blue,Bus,"[""Custom rims""]"
1787689380,Hospital,GEZ-2109,Red,Motorcycle,"[""Missing hubcap"", ""Dented rear bumper""]"
1787689410,Hospital,ZGK-3461,Blue,Van,[]
1787689470,Bookstore,RTJ-3423,Gold,Sedan,[]
1787689530,Bookstore,WNV-7840,Red,Motorcycle,"[""Bumper sticker""]"
1787689590,Bookstore,TQP-8061,Silver,Hatchback,"[""Tinted windows""]"
1787689590,Office Back Alley,QDH-4925,Red,Van,[]
1787689590,Office Back Alley,IMH-7658,Gray,Hatchback,"[""Tinted windows""]"
1787689770,Bookstore,NUN-3923,Silver,Motorcycle,"[""Roof rack"", ""Sunroof""]"
1787689770,Bookstore,OYU-1228,Maroon,Bus,[]
1787689770,Office Back Alley,RRC-4766,Blue,Coupe,"[""Tinted windows"", ""Tow hitch""]"
1787689830,Office Back Alley,DOP-3475,Silver,SUV,[]
1787689860,Bookstore,IUT-7188,Gray,Bus,"[""Sunroof""]"
1787689860,Hospital,EUA-8367,Gold,Motorcycle,"[""Ladder rack""]"
1787689860,Office Back Alley,FCH-7617,Maroon,Sedan,[]
1787689890,Bookstore,MDL-3261,Blue,Motorcycle,[]
1787689920,Office Back Alley,YTG-6287,Green,Coupe,"[""Bumper sticker"", ""Tow hitch""]"
1787690010,Hospital,HQY-7996,Maroon,Motorcycle,[]
1787690040,Office Back Alley,FHL-3560,Silver,Van,[]
1787690040,Bookstore,BPU-4332,White,Motorcycle,[]
1787690070,Office Back Alley,ZIG-1175,Black,Bus,[]
1787690100,Office Back Alley,HYS-9092,Gray,Coupe,"[""Roof rack"", ""Dented rear bumper""]"
1787690130,Bookstore,XOW-5609,Gray,Sedan,"[""Sunroof"", ""Roof rack""]"
1787690250,Office Back Alley,ABS-2643,Gold,Pickup Truck,"[""Tow hitch"", ""Missing hubcap""]"
1787690310,Office Back Alley,DYT-5541,Maroon,Hatchback,[]
1787690310,Office Back Alley,RBG-4071,Blue,Bus,"[""Bumper sticker"", ""Ladder rack""]"
1787690310,Office Back Alley,NYF-1596,Silver,Pickup Truck,"[""Bumper sticker""]"
1787690340,Hospital,RRC-4766,Blue,Coupe,"[""Tinted windows"", ""Tow hitch""]"
1787690370,Bookstore,RQA-7745,Red,Motorcycle,"[""Sunroof""]"
1787690400,Hospital,YJG-1440,Black,Sedan,"[""Tinted windows"", ""Bumper sticker""]"
1787690430,Hospital,DOP-3475,Silver,SUV,[]
1787690460,Office Back Alley,ZNI-4355,Blue,Coupe,[]
1787690460,Bookstore,RRC-4766,Blue,Coupe,"[""Tinted windows"", ""Tow hitch""]"
1787690520,Bookstore,DYT-5541,Maroon,Hatchback,[]
1787690520,Bookstore,IRY-6538,Gold,Coupe,"[""Sunroof"", ""Custom rims""]"
1787690550,Bookstore,OYU-1228,Maroon,Bus,[]
1787690610,Office Back Alley,BLF-4771,Gray,Sedan,[]
1787690640,Bookstore,OYU-1228,Maroon,Bus,[]
1787690790,Office Back Alley,VJM-7944,Beige,Sedan,[]
1787690790,Hospital,NYF-1596,Silver,Pickup Truck,"[""Bumper sticker""]"
1787690880,Hospital,ZYZ-1012,Beige,Motorcycle,"[""Spoiler""]"
1787690940,Hospital,HQY-7996,Maroon,Motorcycle,[]
1787690970,Office Back Alley,VDV-4194,White,Coupe,[]
1787690970,Office Back Alley,WUB-4659,Black,Pickup Truck,"[""Sunroof""]"
1787691030,Office Back Alley,ZGK-3461,Blue,Van,[]
1787691030,Bookstore,LXQ-7888,Black,Van,[]
1787691210,Office Back Alley,EHW-3879,Maroon,Coupe,[]
1787691240,Hospital,IMH-7658,Gray,Hatchback,"[""Tinted windows""]"
1787691240,Office Back Alley,DYT-5541,Maroon,Hatchback,[]
1787691270,Office Back Alley,EQL-6876,Green,Bus,"[""Cracked windshield""]"
1787691300,Hospital,CZA-9416,Black,Bus,[]
1787691300,Hospital,ZNI-4355,Blue,Coupe,[]
1787691420,Hospital,DOP-3475,Silver,SUV,[]
1787691480,Office Back Alley,EUA-8367,Gold,Motorcycle,"[""Ladder rack""]"
1787691480,Bookstore,OGN-4489,Black,Pickup Truck,"[""Aftermarket exhaust"", ""Custom rims""]"
1787691510,Hospital,KNM-8888,Gray,Sedan,"[""Ladder rack"", ""Aftermarket exhaust""]"
1787691540,Bookstore,FYR-2853,Gold,SUV,"[""Missing hubcap"", ""Aftermarket exhaust""]"
1787691540,Office Back Alley,ABS-2643,Gold,Pickup Truck,"[""Tow hitch"", ""Missing hubcap""]"
1787691540,Office Back Alley,YTG-6287,Green,Coupe,"[""Bumper sticker"", ""Tow hitch""]"
1787691600,Office Back Alley,KES-9323,Maroon,Bus,"[""Spoiler"", ""Missing hubcap""]"
1787691630,Bookstore,FCH-7617,Maroon,Sedan,[]
1787691630,Office Back Alley,MDL-3261,Blue,Motorcycle,[]
1787691630,Office Back Alley,HQY-7996,Maroon,Motorcycle,[]
1787691660,Bookstore,DOP-3475,Silver,SUV,[]
1787691660,Hospital,EJJ-5605,Red,Bus,"[""Tinted windows"", ""Aftermarket exhaust""]"
1787691690,Bookstore,QLL-8894,Black,Coupe,"[""Spoiler"", ""Bumper sticker""]"
1787691720,Hospital,EQL-6876,Green,Bus,"[""Cracked windshield""]"
1787691720,Office Back Alley,ZIG-1175,Black,Bus,[]
1787691750,Hospital,HYS-9092,Gray,Coupe,"[""Roof rack"", ""Dented rear bumper""]"
1787691840,Office Back Alley,BPU-4332,White,Motorcycle,[]
1787691840,Bookstore,QDH-4925,Red,Van,[]
1787691900,Office Back Alley,QDH-4925,Red,Van,[]
1787691900,Bookstore,OYU-1228,Maroon,Bus,[]
1787691900,Bookstore,OGN-4489,Black,Pickup Truck,"[""Aftermarket exhaust"", ""Custom rims""]"
1787691930,Bookstore,TQP-8061,Silver,Hatchback,"[""Tinted windows""]"
1787691930,Bookstore,EYH-6407,Black,Bus,"[""Custom rims"", ""Tinted windows""]"
1787692080,Bookstore,RBG-4071,Blue,Bus,"[""Bumper sticker"", ""Ladder rack""]"
1787692080,Hospital,ZFD-3277,Green,Hatchback,"[""Bumper sticker"", ""Missing hubcap""]"
1787692110,Office Back Alley,BLF-4771,Gray,Sedan,[]
1787692140,Bookstore,NVS-7383,Gold,Van,"[""Aftermarket exhaust"", ""Ladder rack""]"
1787692140,Office Back Alley,BLF-4771,Gray,Sedan,[]
1787692140,Office Back Alley,EWE-8741,Blue,Bus,"[""Custom rims""]"
1787692170,Office Back Alley,RQA-7745,Red,Motorcycle,"[""Sunroof""]"
1787692230,Office Back Alley,WUB-4659,Black,Pickup Truck,"[""Sunroof""]"
1787692230,Bookstore,ZNI-4355,Blue,Coupe,[]
1787692230,Bookstore,NKO-5227,Gray,Motorcycle,"[""Roof rack""]"
1787692320,Bookstore,FCH-7617,Maroon,Sedan,[]
1787692350,Office Back Alley,ZGK-3461,Blue,Van,[]
1787692410,Office Back Alley,NYF-1596,Silver,Pickup Truck,"[""Bumper sticker""]"
1787692410,Hospital,TBJ-5379,Green,Coupe,"[""Bumper sticker""]"
1787692410,Bookstore,XOW-5609,Gray,Sedan,"[""Sunroof"", ""Roof rack""]"
1787692410,Bookstore,RRC-4766,Blue,Coupe,"[""Tinted windows"", ""Tow hitch""]"
1787692470,Office Back Alley,FHL-3560,Silver,Van,[]
1787692620,Bookstore,IRY-6538,Gold,Coupe,"[""Sunroof"", ""Custom rims""]"
1787692650,Office Back Alley,EHW-3879,Maroon,Coupe,[]
1787692710,Bookstore,BPU-4332,White,Motorcycle,[]
1787692710,Office Back Alley,NYF-1596,Silver,Pickup Truck,"[""Bumper sticker""]"
1787692740,Hospital,BPU-4332,White,Motorcycle,[]
1787692740,Hospital,BLF-4771,Gray,Sedan,[]
1787692770,Office Back Alley,MDL-3261,Blue,Motorcycle,[]
1787692800,Office Back Alley,LXQ-7888,Black,Van,[]
1787692860,Hospital,DYT-5541,Maroon,Hatchback,[]
1787692890,Hospital,UJS-4783,Red,Bus,"[""Spoiler""]"
1787692890,Office Back Alley,EUA-8367,Gold,Motorcycle,"[""Ladder rack""]"
1787692920,Office Back Alley,CZA-9416,Black,Bus,[]
1787692980,Bookstore,RRC-4766,Blue,Coupe,"[""Tinted windows"", ""Tow hitch""]"
1787693040,Bookstore,EQL-6876,Green,Bus,"[""Cracked windshield""]"
1787693040,Office Back Alley,VJM-7944,Beige,Sedan,[]
1787693040,Office Back Alley,DOP-3475,Silver,SUV,[]
1787693070,Office Back Alley,HQY-7996,Maroon,Motorcycle,[]
1787693130,Office Back Alley,KNM-8888,Gray,Sedan,"[""Ladder rack"", ""Aftermarket exhaust""]"
1787693280,Office Back Alley,BPU-4332,White,Motorcycle,[]
1787693280,Office Back Alley,EJJ-5605,Red,Bus,"[""Tinted windows"", ""Aftermarket exhaust""]"
1787693310,Office Back Alley,FYR-2853,Gold,SUV,"[""Missing hubcap"", ""Aftermarket exhaust""]"
1787693340,Office Back Alley,EQL-6876,Green,Bus,"[""Cracked windshield""]"
1787693340,Hospital,ZIG-1175,Black,Bus,[]
1787693370,Hospital,IMH-7658,Gray,Hatchback,"[""Tinted windows""]"
1787693370,Bookstore,KES-9323,Maroon,Bus,"[""Spoiler"", ""Missing hubcap""]"
1787693370,Bookstore,ABS-2643,Gold,Pickup Truck,"[""Tow hitch"", ""Missing hubcap""]"
1787693370,Bookstore,YTG-6287,Green,Coupe,"[""Bumper sticker"", ""Tow hitch""]"
1787693370,Office Back Alley,CZA-9416,Black,Bus,[]
1787693400,Bookstore,VKM-8657,Blue,Sedan,"[""Custom rims""]"
1787693460,Hospital,RRC-4766,Blue,Coupe,"[""Tinted windows"", ""Tow hitch""]"
1787693520,Office Back Alley,NUN-3923,Silver,Motorcycle,"[""Roof rack"", ""Sunroof""]"
1787693610,Office Back Alley,QDH-4925,Red,Van,[]
1787693640,Bookstore,AIT-2702,Blue,Pickup Truck,"[""Dented rear bumper"", ""Tow hitch""]"
1787693670,Bookstore,QDH-4925,Red,Van,[]
1787693670,Office Back Alley,NYF-1596,Silver,Pickup Truck,"[""Bumper sticker""]"
1787693670,Office Back Alley,OGN-4489,Black,Pickup Truck,"[""Aftermarket exhaust"", ""Custom rims""]"
1787693700,Office Back Alley,ZFD-3277,Green,Hatchback,"[""Bumper sticker"", ""Missing hubcap""]"
1787693730,Bookstore,AIT-2702,Blue,Pickup Truck,"[""Dented rear bumper"", ""Tow hitch""]"
1787693760,Hospital,QDH-4925,Red,Van,[]
1787693850,Hospital,WUB-4659,Black,Pickup Truck,"[""Sunroof""]"
1787693910,Office Back Alley,NVS-7383,Gold,Van,"[""Aftermarket exhaust"", ""Ladder rack""]"
1787693910,Bookstore,EYH-6407,Black,Bus,"[""Custom rims"", ""Tinted windows""]"
1787693910,Bookstore,BLF-4771,Gray,Sedan,[]
1787693910,Bookstore,EWE-8741,Blue,Bus,"[""Custom rims""]"
1787694000,Hospital,LHA-6933,Gray,Bus,"[""Missing hubcap""]"
1787694030,Office Back Alley,TBJ-5379,Green,Coupe,"[""Bumper sticker""]"
1787694060,Bookstore,RRT-3341,Red,Sedan,"[""Tinted windows"", ""Dented rear bumper""]"
1787694060,Bookstore,ROX-9271,Gray,Coupe,"[""Custom rims"", ""Roof rack""]"
1787694180,Bookstore,ZNI-4355,Blue,Coupe,[]
1787694180,Bookstore,ZGK-3461,Blue,Van,[]
1787694210,Bookstore,WNV-7840,Red,Motorcycle,"[""Bumper sticker""]"
1787694240,Bookstore,VDV-4194,White,Coupe,[]
1787694240,Office Back Alley,KNM-8888,Gray,Sedan,"[""Ladder rack"", ""Aftermarket exhaust""]"
1787694300,Office Back Alley,RQA-7745,Red,Motorcycle,"[""Sunroof""]"
1787694300,Bookstore,FHL-3560,Silver,Van,[]
1787694330,Office Back Alley,FYR-2853,Gold,SUV,"[""Missing hubcap"", ""Aftermarket exhaust""]"
1787694330,Office Back Alley,EQL-6876,Green,Bus,"[""Cracked windshield""]"
1787694330,Bookstore,HQY-7996,Maroon,Motorcycle,[]
1787694330,Bookstore,CIU-8112,Maroon,Bus,"[""Dented rear bumper"", ""Tow hitch""]"
1787694360,Office Back Alley,LXQ-7888,Black,Van,[]
1787694360,Office Back Alley,BPU-4332,White,Motorcycle,[]
1787694360,Office Back Alley,BLF-4771,Gray,Sedan,[]
1787694390,Hospital,RRC-4766,Blue,Coupe,"[""Tinted windows"", ""Tow hitch""]"
1787694420,Bookstore,EHW-3879,Maroon,Coupe,[]
1787694480,Office Back Alley,BLF-4771,Gray,Sedan,[]
1787694540,Bookstore,NYF-1596,Silver,Pickup Truck,"[""Bumper sticker""]"
1787694570,Office Back Alley,QDH-4925,Red,Van,[]
1787694660,Bookstore,EUA-8367,Gold,Motorcycle,"[""Ladder rack""]"
1787694660,Hospital,VJM-7944,Beige,Sedan,[]
1787694720,Office Back Alley,RRC-4766,Blue,Coupe,"[""Tinted windows"", ""Tow hitch""]"
1787694840,Bookstore,TQP-8061,Silver,Hatchback,"[""Tinted windows""]"
1787694930,Hospital,BPU-4332,White,Motorcycle,[]
1787694960,Hospital,IRY-6538,Gold,Coupe,"[""Sunroof"", ""Custom rims""]"
1787695080,Bookstore,IUT-7188,Gray,Bus,"[""Sunroof""]"
1787695080,Office Back Alley,OGN-4489,Black,Pickup Truck,"[""Aftermarket exhaust"", ""Custom rims""]"
1787695080,Office Back Alley,RRC-4766,Blue,Coupe,"[""Tinted windows"", ""Tow hitch""]"
1787695110,Bookstore,EVV-3567,Blue,SUV,"[""Aftermarket exhaust""]"
1787695200,Hospital,FCH-7617,Maroon,Sedan,[]
1787695320,Bookstore,VKM-8657,Blue,Sedan,"[""Custom rims""]"
1787695320,Office Back Alley,EJJ-5605,Red,Bus,"[""Tinted windows"", ""Aftermarket exhaust""]"
1787695380,Office Back Alley,QDH-4925,Red,Van,[]
1787695410,Office Back Alley,CZA-9416,Black,Bus,[]
1787695440,Bookstore,NYF-1596,Silver,Pickup Truck,"[""Bumper sticker""]"
1787695470,Office Back Alley,DOP-3475,Silver,SUV,[]
1787695530,Hospital,HQY-7996,Maroon,Motorcycle,[]
1787695530,Office Back Alley,DOP-3475,Silver,SUV,[]
1787695560,Bookstore,VQJ-3851,Beige,Hatchback,[]
1787695590,Bookstore,LUG-7654,Black,Bus,"[""Bumper sticker""]"
1787695590,Office Back Alley,CZA-9416,Black,Bus,[]
1787695620,Office Back Alley,LHA-6933,Gray,Bus,"[""Missing hubcap""]"
1787695650,Bookstore,RBG-4071,Blue,Bus,"[""Bumper sticker"", ""Ladder rack""]"
1787695650,Office Back Alley,LXQ-7888,Black,Van,[]
1787695680,Bookstore,ROX-9271,Gray,Coupe,"[""Custom rims"", ""Roof rack""]"
1787695680,Office Back Alley,KNM-8888,Gray,Sedan,"[""Ladder rack"", ""Aftermarket exhaust""]"
1787695710,Office Back Alley,TBJ-5379,Green,Coupe,"[""Bumper sticker""]"
1787695740,Hospital,HYS-9092,Gray,Coupe,"[""Roof rack"", ""Dented rear bumper""]"
1787695740,Hospital,OYU-1228,Maroon,Bus,[]
1787695740,Office Back Alley,NUN-3923,Silver,Motorcycle,"[""Roof rack"", ""Sunroof""]"
1787695830,Office Back Alley,RRT-3341,Red,Sedan,"[""Tinted windows"", ""Dented rear bumper""]"
1787695830,Bookstore,VDV-4194,White,Coupe,[]
1787695860,Bookstore,YTG-6287,Green,Coupe,"[""Bumper sticker"", ""Tow hitch""]"
1787695860,Bookstore,HUK-4229,White,Coupe,"[""Tinted windows""]"
1787695890,Office Back Alley,RRC-4766,Blue,Coupe,"[""Tinted windows"", ""Tow hitch""]"
1787695920,Bookstore,GEZ-2109,Red,Motorcycle,"[""Missing hubcap"", ""Dented rear bumper""]"
1787695920,Office Back Alley,BPU-4332,White,Motorcycle,[]
1787695920,Office Back Alley,BLF-4771,Gray,Sedan,[]
1787695950,Hospital,EQL-6876,Green,Bus,"[""Cracked windshield""]"
1787695980,Hospital,FYR-2853,Gold,SUV,"[""Missing hubcap"", ""Aftermarket exhaust""]"
1787695980,Office Back Alley,NVS-7383,Gold,Van,"[""Aftermarket exhaust"", ""Ladder rack""]"
1787695980,Office Back Alley,WNV-7840,Red,Motorcycle,"[""Bumper sticker""]"
1787696040,Hospital,IRY-6538,Gold,Coupe,"[""Sunroof"", ""Custom rims""]"
1787696040,Bookstore,KOE-4072,Beige,Pickup Truck,[]
1787696040,Bookstore,TXI-5471,White,Pickup Truck,[]
1787696100,Office Back Alley,HQY-7996,Maroon,Motorcycle,[]
1787696130,Office Back Alley,ZFD-3277,Green,Hatchback,"[""Bumper sticker"", ""Missing hubcap""]"
1787696130,Office Back Alley,CIU-8112,Maroon,Bus,"[""Dented rear bumper"", ""Tow hitch""]"
1787696250,Hospital,QLL-8894,Black,Coupe,"[""Spoiler"", ""Bumper sticker""]"
1787696310,Bookstore,BLF-4771,Gray,Sedan,[]
1787696310,Office Back Alley,RRC-4766,Blue,Coupe,"[""Tinted windows"", ""Tow hitch""]"
1787696340,Bookstore,EHW-3879,Maroon,Coupe,[]
1787696400,Bookstore,QDH-4925,Red,Van,[]
1787696400,Office Back Alley,QDH-4925,Red,Van,[]
1787696460,Bookstore,ZGK-3461,Blue,Van,[]
1787696490,Bookstore,FHL-3560,Silver,Van,[]
1787696550,Bookstore,FCH-7617,Maroon,Sedan,[]
1787696640,Office Back Alley,TQP-8061,Silver,Hatchback,"[""Tinted windows""]"
1787696700,Bookstore,NYF-1596,Silver,Pickup Truck,"[""Bumper sticker""]"
1787696820,Office Back Alley,FCH-7617,Maroon,Sedan,[]
1787696820,Bookstore,OYU-1228,Maroon,Bus,[]
1787696850,Bookstore,OGN-4489,Black,Pickup Truck,"[""Aftermarket exhaust"", ""Custom rims""]"
1787696850,Office Back Alley,IUT-7188,Gray,Bus,"[""Sunroof""]"
1787697000,Bookstore,BPU-4332,White,Motorcycle,[]
1787697030,Bookstore,RBG-4071,Blue,Bus,"[""Bumper sticker"", ""Ladder rack""]"
1787697060,Hospital,FYR-2853,Gold,SUV,"[""Missing hubcap"", ""Aftermarket exhaust""]"
1787697150,Office Back Alley,HQY-7996,Maroon,Motorcycle,[]
1787697150,Bookstore,EJJ-5605,Red,Bus,"[""Tinted windows"", ""Aftermarket exhaust""]"
1787697180,Bookstore,CZA-9416,Black,Bus,[]
1787697300,Bookstore,EYH-6407,Black,Bus,"[""Custom rims"", ""Tinted windows""]"
1787697300,Bookstore,DOP-3475,Silver,SUV,[]
1787697300,Bookstore,ZYZ-1012,Beige,Motorcycle,"[""Spoiler""]"
1787697330,Bookstore,BTZ-5167,Silver,Coupe,[]
1787697360,Office Back Alley,LUG-7654,Black,Bus,"[""Bumper sticker""]"
1787697360,Office Back Alley,HYS-9092,Gray,Coupe,"[""Roof rack"", ""Dented rear bumper""]"
1787697360,Office Back Alley,OYU-1228,Maroon,Bus,[]
1787697360,Hospital,DYT-5541,Maroon,Hatchback,[]
1787697420,Bookstore,HUK-4229,White,Coupe,"[""Tinted windows""]"
1787697420,Bookstore,LXQ-7888,Black,Van,[]
1787697450,Hospital,HQY-7996,Maroon,Motorcycle,[]
1787697450,Bookstore,VJM-7944,Beige,Sedan,[]
1787697480,Office Back Alley,RRT-3341,Red,Sedan,"[""Tinted windows"", ""Dented rear bumper""]"
1787697510,Hospital,TQP-8061,Silver,Hatchback,"[""Tinted windows""]"
1787697540,Bookstore,RQA-7745,Red,Motorcycle,"[""Sunroof""]"
1787697570,Bookstore,TXI-5471,White,Pickup Truck,[]
1787697570,Bookstore,RRC-4766,Blue,Coupe,"[""Tinted windows"", ""Tow hitch""]"
1787697600,Bookstore,RTJ-3423,Gold,Sedan,[]
1787697660,Office Back Alley,IRY-6538,Gold,Coupe,"[""Sunroof"", ""Custom rims""]"
1787697660,Hospital,IMH-7658,Gray,Hatchback,"[""Tinted windows""]"
1787697690,Hospital,QLL-8894,Black,Coupe,"[""Spoiler"", ""Bumper sticker""]"
1787697690,Bookstore,AIT-2702,Blue,Pickup Truck,"[""Dented rear bumper"", ""Tow hitch""]"
1787697690,Bookstore,BPU-4332,White,Motorcycle,[]
1787697720,Bookstore,RRC-4766,Blue,Coupe,"[""Tinted windows"", ""Tow hitch""]"
1787697810,Bookstore,NVS-7383,Gold,Van,"[""Aftermarket exhaust"", ""Ladder rack""]"
1787697810,Office Back Alley,CIU-8112,Maroon,Bus,"[""Dented rear bumper"", ""Tow hitch""]"
1787697810,Office Back Alley,DOP-3475,Silver,SUV,[]
1787697810,Office Back Alley,HQY-7996,Maroon,Motorcycle,[]
1787697810,Office Back Alley,KOE-4072,Beige,Pickup Truck,[]
1787697870,Office Back Alley,QLL-8894,Black,Coupe,"[""Spoiler"", ""Bumper sticker""]"
1787697930,Bookstore,BGW-3337,Silver,Bus,"[""Bumper sticker""]"
1787697930,Hospital,UJS-4783,Red,Bus,"[""Spoiler""]"
1787697960,Hospital,EHW-3879,Maroon,Coupe,[]
1787697960,Bookstore,EQL-6876,Green,Bus,"[""Cracked windshield""]"
1787697960,Bookstore,ZFD-3277,Green,Hatchback,"[""Bumper sticker"", ""Missing hubcap""]"
1787697990,Bookstore,KES-9323,Maroon,Bus,"[""Spoiler"", ""Missing hubcap""]"
1787698020,Office Back Alley,HQY-7996,Maroon,Motorcycle,[]
1787698050,Bookstore,RRC-4766,Blue,Coupe,"[""Tinted windows"", ""Tow hitch""]"
1787698080,Office Back Alley,EHW-3879,Maroon,Coupe,[]
1787698140,Office Back Alley,LHA-6933,Gray,Bus,"[""Missing hubcap""]"
1787698170,Office Back Alley,OYU-1228,Maroon,Bus,[]
1787698200,Hospital,ZIG-1175,Black,Bus,[]
1787698230,Bookstore,QDH-4925,Red,Van,[]
1787698260,Hospital,OGN-4489,Black,Pickup Truck,"[""Aftermarket exhaust"", ""Custom rims""]"
1787698380,Bookstore,BLF-4771,Gray,Sedan,[]
1787698500,Office Back Alley,WNV-7840,Red,Motorcycle,"[""Bumper sticker""]"
1787698500,Office Back Alley,TQP-8061,Silver,Hatchback,"[""Tinted windows""]"
1787698590,Bookstore,QDH-4925,Red,Van,[]
1787698620,Bookstore,ZYZ-1012,Beige,Motorcycle,"[""Spoiler""]"
1787698620,Bookstore,EUA-8367,Gold,Motorcycle,"[""Ladder rack""]"
1787698680,Office Back Alley,FYR-2853,Gold,SUV,"[""Missing hubcap"", ""Aftermarket exhaust""]"
1787698740,Bookstore,BLF-4771,Gray,Sedan,[]
1787698800,Hospital,AIT-2702,Blue,Pickup Truck,"[""Dented rear bumper"", ""Tow hitch""]"
1787698920,Office Back Alley,FCH-7617,Maroon,Sedan,[]
1787699070,Office Back Alley,LUG-7654,Black,Bus,"[""Bumper sticker""]"
1787699130,Hospital,VAP-5225,Silver,Hatchback,"[""Cracked windshield"", ""Tinted windows""]"
1787699250,Bookstore,RRT-3341,Red,Sedan,"[""Tinted windows"", ""Dented rear bumper""]"
1787699280,Bookstore,VKM-8657,Blue,Sedan,"[""Custom rims""]"
1787699400,Office Back Alley,RTJ-3423,Gold,Sedan,[]
1787699430,Office Back Alley,IUT-7188,Gray,Bus,"[""Sunroof""]"
1787699490,Office Back Alley,KOE-4072,Beige,Pickup Truck,[]
1787699550,Hospital,BPU-4332,White,Motorcycle,[]
1787699580,Bookstore,HQY-7996,Maroon,Motorcycle,[]
1787699640,Office Back Alley,IRY-6538,Gold,Coupe,"[""Sunroof"", ""Custom rims""]"
1787699670,Hospital,ZNI-4355,Blue,Coupe,[]
1787699790,Bookstore,KES-9323,Maroon,Bus,"[""Spoiler"", ""Missing hubcap""]"
1787699790,Bookstore,HQY-7996,Maroon,Motorcycle,[]
1787699910,Bookstore,LHA-6933,Gray,Bus,"[""Missing hubcap""]"
1787699940,Bookstore,OYU-1228,Maroon,Bus,[]
1787699940,Office Back Alley,HYS-9092,Gray,Coupe,"[""Roof rack"", ""Dented rear bumper""]"
1787700000,Hospital,RRC-4766,Blue,Coupe,"[""Tinted windows"", ""Tow hitch""]"
1787700090,Bookstore,VQJ-3851,Beige,Hatchback,[]
1787700090,Office Back Alley,QLL-8894,Black,Coupe,"[""Spoiler"", ""Bumper sticker""]"
1787700120,Office Back Alley,FYR-2853,Gold,SUV,"[""Missing hubcap"", ""Aftermarket exhaust""]"
1787700270,Bookstore,TQP-8061,Silver,Hatchback,"[""Tinted windows""]"
1787700300,Bookstore,DOP-3475,Silver,SUV,[]
1787700390,Office Back Alley,RTJ-3423,Gold,Sedan,[]
1787700420,Office Back Alley,AIT-2702,Blue,Pickup Truck,"[""Dented rear bumper"", ""Tow hitch""]"
1787700570,Hospital,FYR-2853,Gold,SUV,"[""Missing hubcap"", ""Aftermarket exhaust""]"
1787700750,Office Back Alley,VAP-5225,Silver,Hatchback,"[""Cracked windshield"", ""Tinted windows""]"
1787701170,Office Back Alley,BPU-4332,White,Motorcycle,[]
1787701170,Bookstore,GEZ-2109,Red,Motorcycle,"[""Missing hubcap"", ""Dented rear bumper""]"
1787701170,Bookstore,FCH-7617,Maroon,Sedan,[]
1787701200,Bookstore,IUT-7188,Gray,Bus,"[""Sunroof""]"
1787701260,Hospital,IRY-6538,Gold,Coupe,"[""Sunroof"", ""Custom rims""]"
1787701470,Bookstore,VJM-7944,Beige,Sedan,[]
1787701530,Hospital,KES-9323,Maroon,Bus,"[""Spoiler"", ""Missing hubcap""]"
1787701560,Hospital,HYS-9092,Gray,Coupe,"[""Roof rack"", ""Dented rear bumper""]"
1787702100,Bookstore,OGN-4489,Black,Pickup Truck,"[""Aftermarket exhaust"", ""Custom rims""]"
1787702160,Bookstore,RTJ-3423,Gold,Sedan,[]
1787702490,Hospital,EJJ-5605,Red,Bus,"[""Tinted windows"", ""Aftermarket exhaust""]"
1787703180,Bookstore,NYF-1596,Silver,Pickup Truck,"[""Bumper sticker""]"
1787705250,Bookstore,QDH-4925,Red,Van,[]
1787724450,Hospital,IRY-6538,Gold,Coupe,"[""Sunroof"", ""Custom rims""]"
1787724780,Hospital,HYS-9092,Gray,Coupe,"[""Roof rack"", ""Dented rear bumper""]"
1787724810,Hospital,KES-9323,Maroon,Bus,"[""Spoiler"", ""Missing hubcap""]"
1787724870,Hospital,FCH-7617,Maroon,Sedan,[]
1787724960,Hospital,EJJ-5605,Red,Bus,"[""Tinted windows"", ""Aftermarket exhaust""]"
1787725020,Hospital,IRY-6538,Gold,Coupe,"[""Sunroof"", ""Custom rims""]"
1787725110,Hospital,IMH-7658,Gray,Hatchback,"[""Tinted windows""]"
1787725590,Hospital,DOP-3475,Silver,SUV,[]
1787725650,Office Back Alley,ZNI-4355,Blue,Coupe,[]
1787725710,Hospital,DYT-5541,Maroon,Hatchback,[]
1787726040,Office Back Alley,IRY-6538,Gold,Coupe,"[""Sunroof"", ""Custom rims""]"
1787726100,Hospital,FYR-2853,Gold,SUV,"[""Missing hubcap"", ""Aftermarket exhaust""]"
1787726250,Office Back Alley,EHW-3879,Maroon,Coupe,[]
1787726970,Bookstore,ZGK-3461,Blue,Van,[]
1787727000,Bookstore,EUA-8367,Gold,Motorcycle,"[""Ladder rack""]"
1787727030,Bookstore,NYF-1596,Silver,Pickup Truck,"[""Bumper sticker""]"
1787727090,Office Back Alley,EHW-3879,Maroon,Coupe,[]
1787727120,Bookstore,VKM-8657,Blue,Sedan,"[""Custom rims""]"
1787727240,Bookstore,ABS-2643,Gold,Pickup Truck,"[""Tow hitch"", ""Missing hubcap""]"
1787727570,Bookstore,HQY-7996,Maroon,Motorcycle,[]
1787727750,Bookstore,LXQ-7888,Black,Van,[]
1787727810,Bookstore,ZNI-4355,Blue,Coupe,[]
1787727810,Bookstore,EQL-6876,Green,Bus,"[""Cracked windshield""]"
1787727840,Bookstore,BLF-4771,Gray,Sedan,[]
1787727960,Bookstore,VJM-7944,Beige,Sedan,[]
1787728050,Bookstore,CZA-9416,Black,Bus,[]
1787728170,Bookstore,WNV-7840,Red,Motorcycle,"[""Bumper sticker""]"
1787728200,Office Back Alley,ZNI-4355,Blue,Coupe,[]
1787728230,Office Back Alley,IRY-6538,Gold,Coupe,"[""Sunroof"", ""Custom rims""]"
1787728320,Office Back Alley,BPU-4332,White,Motorcycle,[]
1787728410,Bookstore,EWE-8741,Blue,Bus,"[""Custom rims""]"
1787728500,Bookstore,EYH-6407,Black,Bus,"[""Custom rims"", ""Tinted windows""]"
1787728530,Bookstore,ABS-2643,Gold,Pickup Truck,"[""Tow hitch"", ""Missing hubcap""]"
1787728590,Bookstore,RBG-4071,Blue,Bus,"[""Bumper sticker"", ""Ladder rack""]"
1787728590,Bookstore,KES-9323,Maroon,Bus,"[""Spoiler"", ""Missing hubcap""]"
1787728590,Bookstore,BPU-4332,White,Motorcycle,[]
1787728590,Office Back Alley,BLF-4771,Gray,Sedan,[]
1787728590,Office Back Alley,TBJ-5379,Green,Coupe,"[""Bumper sticker""]"
1787728650,Office Back Alley,QLL-8894,Black,Coupe,"[""Spoiler"", ""Bumper sticker""]"
1787728680,Hospital,EHW-3879,Maroon,Coupe,[]
1787728680,Office Back Alley,EHW-3879,Maroon,Coupe,[]
1787728710,Bookstore,EVV-3567,Blue,SUV,"[""Aftermarket exhaust""]"
1787728800,Office Back Alley,EUA-8367,Gold,Motorcycle,"[""Ladder rack""]"
1787728830,Office Back Alley,NYF-1596,Silver,Pickup Truck,"[""Bumper sticker""]"
1787728830,Bookstore,XOW-5609,Gray,Sedan,"[""Sunroof"", ""Roof rack""]"
1787728890,Bookstore,DYT-5541,Maroon,Hatchback,[]
1787728950,Bookstore,DOP-3475,Silver,SUV,[]
1787728980,Office Back Alley,KNM-8888,Gray,Sedan,"[""Ladder rack"", ""Aftermarket exhaust""]"
1787729010,Hospital,QDH-4925,Red,Van,[]
1787729010,Bookstore,DYT-5541,Maroon,Hatchback,[]
1787729040,Office Back Alley,KOE-4072,Beige,Pickup Truck,[]
1787729100,Bookstore,LXQ-7888,Black,Van,[]
1787729250,Bookstore,IMH-7658,Gray,Hatchback,"[""Tinted windows""]"
1787729280,Office Back Alley,VDV-4194,White,Coupe,[]
1787729310,Bookstore,AIT-2702,Blue,Pickup Truck,"[""Dented rear bumper"", ""Tow hitch""]"
1787729370,Hospital,NVS-7383,Gold,Van,"[""Aftermarket exhaust"", ""Ladder rack""]"
1787729430,Office Back Alley,IRY-6538,Gold,Coupe,"[""Sunroof"", ""Custom rims""]"
1787729430,Bookstore,HQY-7996,Maroon,Motorcycle,[]
1787729550,Bookstore,OYU-1228,Maroon,Bus,[]
1787729580,Bookstore,ZGK-3461,Blue,Van,[]
1787729610,Office Back Alley,EQL-6876,Green,Bus,"[""Cracked windshield""]"
1787729610,Bookstore,LHA-6933,Gray,Bus,"[""Missing hubcap""]"
1787729700,Office Back Alley,BGW-3337,Silver,Bus,"[""Bumper sticker""]"
1787729760,Office Back Alley,VJM-7944,Beige,Sedan,[]
1787729760,Bookstore,RTJ-3423,Gold,Sedan,[]
1787729790,Office Back Alley,TBJ-5379,Green,Coupe,"[""Bumper sticker""]"
1787729820,Bookstore,YTG-6287,Green,Coupe,"[""Bumper sticker"", ""Tow hitch""]"
1787729850,Bookstore,UHR-2612,White,Pickup Truck,[]
1787729850,Bookstore,RRT-3341,Red,Sedan,"[""Tinted windows"", ""Dented rear bumper""]"
1787729940,Hospital,BPU-4332,White,Motorcycle,[]
1787729940,Bookstore,OGN-4489,Black,Pickup Truck,"[""Aftermarket exhaust"", ""Custom rims""]"
1787730180,Hospital,IUT-7188,Gray,Bus,"[""Sunroof""]"
1787730210,Hospital,OYU-1228,Maroon,Bus,[]
1787730210,Hospital,BLF-4771,Gray,Sedan,[]
1787730210,Bookstore,TML-3408,Red,Motorcycle,"[""Spoiler"", ""Custom rims""]"
1787730210,Office Back Alley,EWE-8741,Blue,Bus,"[""Custom rims""]"
1787730270,Hospital,QLL-8894,Black,Coupe,"[""Spoiler"", ""Bumper sticker""]"
1787730270,Bookstore,IRY-6538,Gold,Coupe,"[""Sunroof"", ""Custom rims""]"
1787730330,Bookstore,MDL-3261,Blue,Motorcycle,[]
1787730390,Office Back Alley,BPU-4332,White,Motorcycle,[]
1787730420,Bookstore,AIT-2702,Blue,Pickup Truck,"[""Dented rear bumper"", ""Tow hitch""]"
1787730480,Bookstore,EYH-6407,Black,Bus,"[""Custom rims"", ""Tinted windows""]"
1787730510,Office Back Alley,EVV-3567,Blue,SUV,"[""Aftermarket exhaust""]"
1787730570,Hospital,YJG-1440,Black,Sedan,"[""Tinted windows"", ""Bumper sticker""]"
1787730630,Office Back Alley,EHW-3879,Maroon,Coupe,[]
1787730630,Office Back Alley,QDH-4925,Red,Van,[]
1787730630,Office Back Alley,XOW-5609,Gray,Sedan,"[""Sunroof"", ""Roof rack""]"
1787730690,Bookstore,ZNI-4355,Blue,Coupe,[]
1787730720,Bookstore,NUN-3923,Silver,Motorcycle,"[""Roof rack"", ""Sunroof""]"
1787730720,Office Back Alley,KOE-4072,Beige,Pickup Truck,[]
1787730750,Office Back Alley,VJM-7944,Beige,Sedan,[]
1787730750,Office Back Alley,ZNI-4355,Blue,Coupe,[]
1787730750,Office Back Alley,DOP-3475,Silver,SUV,[]
1787730810,Office Back Alley,DYT-5541,Maroon,Hatchback,[]
1787730870,Office Back Alley,KNM-8888,Gray,Sedan,"[""Ladder rack"", ""Aftermarket exhaust""]"
1787730900,Bookstore,KES-9323,Maroon,Bus,"[""Spoiler"", ""Missing hubcap""]"
1787730900,Office Back Alley,EUA-8367,Gold,Motorcycle,"[""Ladder rack""]"
1787730960,Bookstore,RRT-3341,Red,Sedan,"[""Tinted windows"", ""Dented rear bumper""]"
1787730960,Bookstore,LUG-7654,Black,Bus,"[""Bumper sticker""]"
1787730990,Bookstore,HUK-4229,White,Coupe,"[""Tinted windows""]"
1787730990,Office Back Alley,NVS-7383,Gold,Van,"[""Aftermarket exhaust"", ""Ladder rack""]"
1787731050,Office Back Alley,IMH-7658,Gray,Hatchback,"[""Tinted windows""]"
1787731050,Hospital,IRY-6538,Gold,Coupe,"[""Sunroof"", ""Custom rims""]"
1787731200,Bookstore,KES-9323,Maroon,Bus,"[""Spoiler"", ""Missing hubcap""]"
1787731200,Office Back Alley,BPU-4332,White,Motorcycle,[]
1787731230,Hospital,DYT-5541,Maroon,Hatchback,[]
1787731260,Office Back Alley,NYF-1596,Silver,Pickup Truck,"[""Bumper sticker""]"
1787731320,Office Back Alley,EQL-6876,Green,Bus,"[""Cracked windshield""]"
1787731350,Office Back Alley,OYU-1228,Maroon,Bus,[]
1787731380,Office Back Alley,VDV-4194,White,Coupe,[]
1787731380,Bookstore,HYS-9092,Gray,Coupe,"[""Roof rack"", ""Dented rear bumper""]"
1787731380,Bookstore,FCH-7617,Maroon,Sedan,[]
1787731410,Office Back Alley,LHA-6933,Gray,Bus,"[""Missing hubcap""]"
1787731410,Hospital,TBJ-5379,Green,Coupe,"[""Bumper sticker""]"
1787731500,Bookstore,TML-3408,Red,Motorcycle,"[""Spoiler"", ""Custom rims""]"
1787731530,Bookstore,RRC-4766,Blue,Coupe,"[""Tinted windows"", ""Tow hitch""]"
1787731620,Bookstore,BPU-4332,White,Motorcycle,[]
1787731620,Office Back Alley,UHR-2612,White,Pickup Truck,[]
1787731740,Bookstore,WUB-4659,Black,Pickup Truck,"[""Sunroof""]"
1787731800,Office Back Alley,IUT-7188,Gray,Bus,"[""Sunroof""]"
1787731830,Office Back Alley,OYU-1228,Maroon,Bus,[]
1787731980,Office Back Alley,DYT-5541,Maroon,Hatchback,[]
1787732010,Office Back Alley,RRC-4766,Blue,Coupe,"[""Tinted windows"", ""Tow hitch""]"
1787732040,Office Back Alley,XOW-5609,Gray,Sedan,"[""Sunroof"", ""Roof rack""]"
1787732070,Office Back Alley,BGW-3337,Silver,Bus,"[""Bumper sticker""]"
1787732190,Office Back Alley,YJG-1440,Black,Sedan,"[""Tinted windows"", ""Bumper sticker""]"
1787732220,Bookstore,RTJ-3423,Gold,Sedan,[]
1787732220,Office Back Alley,QDH-4925,Red,Van,[]
1787732220,Office Back Alley,EYH-6407,Black,Bus,"[""Custom rims"", ""Tinted windows""]"
1787732250,Bookstore,CZA-9416,Black,Bus,[]
1787732250,Bookstore,VJM-7944,Beige,Sedan,[]
1787732250,Office Back Alley,ZNI-4355,Blue,Coupe,[]
1787732250,Office Back Alley,OGN-4489,Black,Pickup Truck,"[""Aftermarket exhaust"", ""Custom rims""]"
1787732310,Bookstore,OGN-4489,Black,Pickup Truck,"[""Aftermarket exhaust"", ""Custom rims""]"
1787732340,Bookstore,FHL-3560,Silver,Van,[]
1787732340,Hospital,KOE-4072,Beige,Pickup Truck,[]
1787732370,Bookstore,DOP-3475,Silver,SUV,[]
1787732370,Office Back Alley,DYT-5541,Maroon,Hatchback,[]
1787732400,Bookstore,YTG-6287,Green,Coupe,"[""Bumper sticker"", ""Tow hitch""]"
1787732520,Office Back Alley,DOP-3475,Silver,SUV,[]
1787732550,Office Back Alley,IMH-7658,Gray,Hatchback,"[""Tinted windows""]"
1787732550,Office Back Alley,RRC-4766,Blue,Coupe,"[""Tinted windows"", ""Tow hitch""]"
1787732580,Bookstore,RBG-4071,Blue,Bus,"[""Bumper sticker"", ""Ladder rack""]"
1787732580,Office Back Alley,VJM-7944,Beige,Sedan,[]
1787732610,Hospital,HQY-7996,Maroon,Motorcycle,[]
1787732610,Office Back Alley,EWE-8741,Blue,Bus,"[""Custom rims""]"
1787732640,Bookstore,KNM-8888,Gray,Sedan,"[""Ladder rack"", ""Aftermarket exhaust""]"
1787732640,Bookstore,GEZ-2109,Red,Motorcycle,"[""Missing hubcap"", ""Dented rear bumper""]"
1787732640,Office Back Alley,UHR-2612,White,Pickup Truck,[]
1787732730,Bookstore,EUA-8367,Gold,Motorcycle,"[""Ladder rack""]"
1787732790,Bookstore,QDH-4925,Red,Van,[]
1787732820,Hospital,BPU-4332,White,Motorcycle,[]
1787732820,Office Back Alley,NVS-7383,Gold,Van,"[""Aftermarket exhaust"", ""Ladder rack""]"
1787732820,Bookstore,DOP-3475,Silver,SUV,[]
1787732850,Bookstore,TQP-8061,Silver,Hatchback,"[""Tinted windows""]"
1787732850,Office Back Alley,DYT-5541,Maroon,Hatchback,[]
1787732880,Bookstore,QDH-4925,Red,Van,[]
1787732910,Bookstore,IRY-6538,Gold,Coupe,"[""Sunroof"", ""Custom rims""]"
1787732910,Bookstore,ZNI-4355,Blue,Coupe,[]
1787732940,Hospital,EQL-6876,Green,Bus,"[""Cracked windshield""]"
1787732940,Office Back Alley,EHW-3879,Maroon,Coupe,[]
1787732940,Office Back Alley,NYF-1596,Silver,Pickup Truck,"[""Bumper sticker""]"
1787732970,Office Back Alley,EVV-3567,Blue,SUV,"[""Aftermarket exhaust""]"
1787732970,Office Back Alley,FCH-7617,Maroon,Sedan,[]
1787732970,Bookstore,HYS-9092,Gray,Coupe,"[""Roof rack"", ""Dented rear bumper""]"
1787733000,Hospital,OYU-1228,Maroon,Bus,[]
1787733030,Bookstore,NYF-1596,Silver,Pickup Truck,"[""Bumper sticker""]"
1787733060,Bookstore,ZFD-3277,Green,Hatchback,"[""Bumper sticker"", ""Missing hubcap""]"
1787733090,Hospital,VKM-8657,Blue,Sedan,"[""Custom rims""]"
1787733090,Bookstore,FCH-7617,Maroon,Sedan,[]
1787733090,Bookstore,ZGK-3461,Blue,Van,[]
1787733150,Office Back Alley,LHA-6933,Gray,Bus,"[""Missing hubcap""]"
1787733150,Office Back Alley,BPU-4332,White,Motorcycle,[]
1787733240,Office Back Alley,EYH-6407,Black,Bus,"[""Custom rims"", ""Tinted windows""]"
1787733270,Bookstore,NKO-5227,Gray,Motorcycle,"[""Roof rack""]"
1787733270,Office Back Alley,OGN-4489,Black,Pickup Truck,"[""Aftermarket exhaust"", ""Custom rims""]"
1787733300,Bookstore,WNV-7840,Red,Motorcycle,"[""Bumper sticker""]"
1787733330,Bookstore,ZYZ-1012,Beige,Motorcycle,"[""Spoiler""]"
1787733360,Bookstore,ZNI-4355,Blue,Coupe,[]
1787733390,Bookstore,TQP-8061,Silver,Hatchback,"[""Tinted windows""]"
1787733420,Hospital,FCH-7617,Maroon,Sedan,[]
1787733450,Bookstore,BLF-4771,Gray,Sedan,[]
1787733480,Hospital,EHW-3879,Maroon,Coupe,[]
1787733510,Office Back Alley,WUB-4659,Black,Pickup Truck,"[""Sunroof""]"
1787733600,Bookstore,RRC-4766,Blue,Coupe,"[""Tinted windows"", ""Tow hitch""]"
1787733630,Hospital,EQL-6876,Green,Bus,"[""Cracked windshield""]"
1787733630,Hospital,QLL-8894,Black,Coupe,"[""Spoiler"", ""Bumper sticker""]"
1787733630,Bookstore,DOP-3475,Silver,SUV,[]
1787733660,Office Back Alley,OYU-1228,Maroon,Bus,[]
1787733690,Hospital,ZIG-1175,Black,Bus,[]
1787733720,Bookstore,AIT-2702,Blue,Pickup Truck,"[""Dented rear bumper"", ""Tow hitch""]"
1787733810,Bookstore,XOW-5609,Gray,Sedan,"[""Sunroof"", ""Roof rack""]"
1787733810,Hospital,CIU-8112,Maroon,Bus,"[""Dented rear bumper"", ""Tow hitch""]"
1787733840,Hospital,BLF-4771,Gray,Sedan,[]
1787733840,Bookstore,RRC-4766,Blue,Coupe,"[""Tinted windows"", ""Tow hitch""]"
1787733870,Bookstore,HQY-7996,Maroon,Motorcycle,[]
1787733870,Hospital,ZNI-4355,Blue,Coupe,[]
1787733870,Hospital,RRC-4766,Blue,Coupe,"[""Tinted windows"", ""Tow hitch""]"
1787733870,Hospital,ROX-9271,Gray,Coupe,"[""Custom rims"", ""Roof rack""]"
1787733900,Hospital,FYR-2853,Gold,SUV,"[""Missing hubcap"", ""Aftermarket exhaust""]"
1787733900,Bookstore,EUA-8367,Gold,Motorcycle,"[""Ladder rack""]"
1787733900,Office Back Alley,NYF-1596,Silver,Pickup Truck,"[""Bumper sticker""]"
1787733930,Office Back Alley,OYU-1228,Maroon,Bus,[]
1787733960,Hospital,UJS-4783,Red,Bus,"[""Spoiler""]"
1787733960,Bookstore,CZA-9416,Black,Bus,[]
1787733990,Hospital,DYT-5541,Maroon,Hatchback,[]
1787733990,Office Back Alley,RRC-4766,Blue,Coupe,"[""Tinted windows"", ""Tow hitch""]"
1787734050,Bookstore,QDH-4925,Red,Van,[]
1787734050,Office Back Alley,OGN-4489,Black,Pickup Truck,"[""Aftermarket exhaust"", ""Custom rims""]"
1787734170,Bookstore,BTZ-5167,Silver,Coupe,[]
1787734170,Office Back Alley,YJG-1440,Black,Sedan,"[""Tinted windows"", ""Bumper sticker""]"
1787734170,Office Back Alley,DYT-5541,Maroon,Hatchback,[]
1787734230,Hospital,EWE-8741,Blue,Bus,"[""Custom rims""]"
1787734260,Office Back Alley,VDV-4194,White,Coupe,[]
1787734290,Office Back Alley,IUT-7188,Gray,Bus,"[""Sunroof""]"
1787734320,Bookstore,IMH-7658,Gray,Hatchback,"[""Tinted windows""]"
1787734320,Bookstore,RQA-7745,Red,Motorcycle,"[""Sunroof""]"
1787734350,Office Back Alley,RBG-4071,Blue,Bus,"[""Bumper sticker"", ""Ladder rack""]"
1787734350,Hospital,VAP-5225,Silver,Hatchback,"[""Cracked windshield"", ""Tinted windows""]"
1787734380,Bookstore,IRY-6538,Gold,Coupe,"[""Sunroof"", ""Custom rims""]"
1787734380,Hospital,OGN-4489,Black,Pickup Truck,"[""Aftermarket exhaust"", ""Custom rims""]"
1787734470,Bookstore,HQY-7996,Maroon,Motorcycle,[]
1787734530,Bookstore,IMH-7658,Gray,Hatchback,"[""Tinted windows""]"
1787734560,Hospital,EHW-3879,Maroon,Coupe,[]
1787734590,Hospital,EVV-3567,Blue,SUV,"[""Aftermarket exhaust""]"
1787734620,Office Back Alley,OYU-1228,Maroon,Bus,[]
1787734620,Bookstore,GEZ-2109,Red,Motorcycle,"[""Missing hubcap"", ""Dented rear bumper""]"
1787734680,Bookstore,FHL-3560,Silver,Van,[]
1787734710,Bookstore,KNM-8888,Gray,Sedan,"[""Ladder rack"", ""Aftermarket exhaust""]"
1787734740,Office Back Alley,RRC-4766,Blue,Coupe,"[""Tinted windows"", ""Tow hitch""]"
1787734770,Hospital,LHA-6933,Gray,Bus,"[""Missing hubcap""]"
1787734800,Office Back Alley,FCH-7617,Maroon,Sedan,[]
1787734860,Office Back Alley,ZFD-3277,Green,Hatchback,"[""Bumper sticker"", ""Missing hubcap""]"
1787735070,Office Back Alley,WNV-7840,Red,Motorcycle,"[""Bumper sticker""]"
1787735070,Hospital,BPU-4332,White,Motorcycle,[]
1787735100,Office Back Alley,BPU-4332,White,Motorcycle,[]
1787735160,Bookstore,NUN-3923,Silver,Motorcycle,"[""Roof rack"", ""Sunroof""]"
1787735430,Bookstore,IRY-6538,Gold,Coupe,"[""Sunroof"", ""Custom rims""]"
1787735460,Bookstore,BTZ-5167,Silver,Coupe,[]
1787735490,Office Back Alley,AIT-2702,Blue,Pickup Truck,"[""Dented rear bumper"", ""Tow hitch""]"
1787735580,Office Back Alley,RRC-4766,Blue,Coupe,"[""Tinted windows"", ""Tow hitch""]"
1787735700,Bookstore,NKO-5227,Gray,Motorcycle,"[""Roof rack""]"
1787735730,Hospital,BLF-4771,Gray,Sedan,[]
1787735760,Hospital,QLL-8894,Black,Coupe,"[""Spoiler"", ""Bumper sticker""]"
1787735790,Hospital,YJG-1440,Black,Sedan,"[""Tinted windows"", ""Bumper sticker""]"
1787735880,Office Back Alley,ZFD-3277,Green,Hatchback,"[""Bumper sticker"", ""Missing hubcap""]"
1787735880,Office Back Alley,OYU-1228,Maroon,Bus,[]
1787735940,Bookstore,NYF-1596,Silver,Pickup Truck,"[""Bumper sticker""]"
1787735940,Office Back Alley,WUB-4659,Black,Pickup Truck,"[""Sunroof""]"
1787735970,Office Back Alley,RBG-4071,Blue,Bus,"[""Bumper sticker"", ""Ladder rack""]"
1787736000,Office Back Alley,OGN-4489,Black,Pickup Truck,"[""Aftermarket exhaust"", ""Custom rims""]"
1787736090,Bookstore,TQP-8061,Silver,Hatchback,"[""Tinted windows""]"
1787736120,Office Back Alley,RQA-7745,Red,Motorcycle,"[""Sunroof""]"
1787736150,Bookstore,QDH-4925,Red,Van,[]
1787736180,Bookstore,BPU-4332,White,Motorcycle,[]
1787736210,Bookstore,RRT-3341,Red,Sedan,"[""Tinted windows"", ""Dented rear bumper""]"
1787736240,Office Back Alley,HQY-7996,Maroon,Motorcycle,[]
1787736300,Hospital,IRY-6538,Gold,Coupe,"[""Sunroof"", ""Custom rims""]"
1787736330,Hospital,KOE-4072,Beige,Pickup Truck,[]
1787736330,Office Back Alley,IMH-7658,Gray,Hatchback,"[""Tinted windows""]"
1787736360,Office Back Alley,GEZ-2109,Red,Motorcycle,"[""Missing hubcap"", ""Dented rear bumper""]"
1787736420,Office Back Alley,FHL-3560,Silver,Van,[]
1787736450,Office Back Alley,KNM-8888,Gray,Sedan,"[""Ladder rack"", ""Aftermarket exhaust""]"
1787736540,Bookstore,KES-9323,Maroon,Bus,"[""Spoiler"", ""Missing hubcap""]"
1787736600,Hospital,KES-9323,Maroon,Bus,"[""Spoiler"", ""Missing hubcap""]"
1787736690,Office Back Alley,BPU-4332,White,Motorcycle,[]
1787736750,Hospital,IRY-6538,Gold,Coupe,"[""Sunroof"", ""Custom rims""]"
1787736870,Bookstore,DOP-3475,Silver,SUV,[]
1787737110,Hospital,AIT-2702,Blue,Pickup Truck,"[""Dented rear bumper"", ""Tow hitch""]"
1787737170,Office Back Alley,IRY-6538,Gold,Coupe,"[""Sunroof"", ""Custom rims""]"
1787737230,Hospital,RRC-4766,Blue,Coupe,"[""Tinted windows"", ""Tow hitch""]"
1787737380,Bookstore,ABS-2643,Gold,Pickup Truck,"[""Tow hitch"", ""Missing hubcap""]"
1787737380,Office Back Alley,QLL-8894,Black,Coupe,"[""Spoiler"", ""Bumper sticker""]"
1787737410,Bookstore,QDH-4925,Red,Van,[]
1787737410,Office Back Alley,IMH-7658,Gray,Hatchback,"[""Tinted windows""]"
1787737440,Hospital,EQL-6876,Green,Bus,"[""Cracked windshield""]"
1787737530,Bookstore,TQP-8061,Silver,Hatchback,"[""Tinted windows""]"
1787737530,Office Back Alley,RQA-7745,Red,Motorcycle,"[""Sunroof""]"
1787737740,Bookstore,VJM-7944,Beige,Sedan,[]
1787737830,Hospital,BPU-4332,White,Motorcycle,[]
1787737860,Hospital,HQY-7996,Maroon,Motorcycle,[]
1787737860,Bookstore,TQP-8061,Silver,Hatchback,"[""Tinted windows""]"
1787737920,Hospital,HQY-7996,Maroon,Motorcycle,[]
1787737920,Office Back Alley,QDH-4925,Red,Van,[]
1787737950,Office Back Alley,KOE-4072,Beige,Pickup Truck,[]
1787737950,Office Back Alley,BPU-4332,White,Motorcycle,[]
1787737950,Hospital,BLF-4771,Gray,Sedan,[]
1787738070,Hospital,FHL-3560,Silver,Van,[]
1787738310,Office Back Alley,KES-9323,Maroon,Bus,"[""Spoiler"", ""Missing hubcap""]"
1787738310,Hospital,UJS-4783,Red,Bus,"[""Spoiler""]"
1787738550,Bookstore,RRC-4766,Blue,Coupe,"[""Tinted windows"", ""Tow hitch""]"
1787738640,Bookstore,ZYZ-1012,Beige,Motorcycle,"[""Spoiler""]"
1787738670,Hospital,ROX-9271,Gray,Coupe,"[""Custom rims"", ""Roof rack""]"
1787738820,Hospital,RRC-4766,Blue,Coupe,"[""Tinted windows"", ""Tow hitch""]"
1787738910,Hospital,QLL-8894,Black,Coupe,"[""Spoiler"", ""Bumper sticker""]"
1787738940,Hospital,VKM-8657,Blue,Sedan,"[""Custom rims""]"
1787738970,Hospital,CIU-8112,Maroon,Bus,"[""Dented rear bumper"", ""Tow hitch""]"
1787738970,Hospital,FYR-2853,Gold,SUV,"[""Missing hubcap"", ""Aftermarket exhaust""]"
1787739000,Bookstore,HQY-7996,Maroon,Motorcycle,[]
1787739030,Hospital,ZIG-1175,Black,Bus,[]
1787739180,Bookstore,IMH-7658,Gray,Hatchback,"[""Tinted windows""]"
1787739570,Hospital,BPU-4332,White,Motorcycle,[]
1787739570,Office Back Alley,BLF-4771,Gray,Sedan,[]
1787739630,Office Back Alley,TQP-8061,Silver,Hatchback,"[""Tinted windows""]"
1787739810,Bookstore,LUG-7654,Black,Bus,"[""Bumper sticker""]"
1787739930,Office Back Alley,UJS-4783,Red,Bus,"[""Spoiler""]"
1787740290,Office Back Alley,ROX-9271,Gray,Coupe,"[""Custom rims"", ""Roof rack""]"
1787740320,Office Back Alley,RRC-4766,Blue,Coupe,"[""Tinted windows"", ""Tow hitch""]"
1787740530,Office Back Alley,QLL-8894,Black,Coupe,"[""Spoiler"", ""Bumper sticker""]"
1787740650,Office Back Alley,ZIG-1175,Black,Bus,[]
1787741610,Office Back Alley,LUG-7654,Black,Bus,"[""Bumper sticker""]"
1787763840,Office Back Alley,KES-9323,Maroon,Bus,"[""Spoiler"", ""Missing hubcap""]"
1787764080,Hospital,ZNI-4355,Blue,Coupe,[]
1787764440,Office Back Alley,IUT-7188,Gray,Bus,"[""Sunroof""]"
1787764590,Hospital,EHW-3879,Maroon,Coupe,[]
1787764590,Hospital,IRY-6538,Gold,Coupe,"[""Sunroof"", ""Custom rims""]"
1787764680,Bookstore,FCH-7617,Maroon,Sedan,[]
1787764800,Office Back Alley,RRC-4766,Blue,Coupe,"[""Tinted windows"", ""Tow hitch""]"
1787764860,Office Back Alley,NKO-5227,Gray,Motorcycle,"[""Roof rack""]"
1787764890,Bookstore,IMH-7658,Gray,Hatchback,"[""Tinted windows""]"
1787764920,Hospital,RRC-4766,Blue,Coupe,"[""Tinted windows"", ""Tow hitch""]"
1787764950,Office Back Alley,WNV-7840,Red,Motorcycle,"[""Bumper sticker""]"
1787764950,Office Back Alley,DOP-3475,Silver,SUV,[]
1787764980,Office Back Alley,HQY-7996,Maroon,Motorcycle,[]
1787765010,Office Back Alley,DOP-3475,Silver,SUV,[]
1787765100,Hospital,FHL-3560,Silver,Van,[]
1787765160,Hospital,EHW-3879,Maroon,Coupe,[]
1787765190,Hospital,BPU-4332,White,Motorcycle,[]
1787765190,Hospital,EVV-3567,Blue,SUV,"[""Aftermarket exhaust""]"
1787765220,Bookstore,CIU-8112,Maroon,Bus,"[""Dented rear bumper"", ""Tow hitch""]"
1787765220,Hospital,EQL-6876,Green,Bus,"[""Cracked windshield""]"
1787765250,Hospital,AIT-2702,Blue,Pickup Truck,"[""Dented rear bumper"", ""Tow hitch""]"
1787765340,Office Back Alley,RRT-3341,Red,Sedan,"[""Tinted windows"", ""Dented rear bumper""]"
1787765340,Hospital,IRY-6538,Gold,Coupe,"[""Sunroof"", ""Custom rims""]"
1787765340,Hospital,LHA-6933,Gray,Bus,"[""Missing hubcap""]"
1787765430,Office Back Alley,OGN-4489,Black,Pickup Truck,"[""Aftermarket exhaust"", ""Custom rims""]"
1787765490,Bookstore,YTG-6287,Green,Coupe,"[""Bumper sticker"", ""Tow hitch""]"
1787765520,Bookstore,TQP-8061,Silver,Hatchback,"[""Tinted windows""]"
1787765580,Office Back Alley,RRC-4766,Blue,Coupe,"[""Tinted windows"", ""Tow hitch""]"
1787765610,Hospital,HQY-7996,Maroon,Motorcycle,[]
1787765610,Office Back Alley,UHR-2612,White,Pickup Truck,[]
1787765610,Office Back Alley,QDH-4925,Red,Van,[]
1787765640,Office Back Alley,FCH-7617,Maroon,Sedan,[]
1787765640,Bookstore,BLF-4771,Gray,Sedan,[]
1787765670,Bookstore,KES-9323,Maroon,Bus,"[""Spoiler"", ""Missing hubcap""]"
1787765670,Office Back Alley,DYT-5541,Maroon,Hatchback,[]
1787765700,Bookstore,VQJ-3851,Beige,Hatchback,[]
1787765700,Hospital,YJG-1440,Black,Sedan,"[""Tinted windows"", ""Bumper sticker""]"
1787765730,Hospital,MDL-3261,Blue,Motorcycle,[]
1787765790,Bookstore,ZNI-4355,Blue,Coupe,[]
1787765850,Bookstore,HYS-9092,Gray,Coupe,"[""Roof rack"", ""Dented rear bumper""]"
1787765850,Bookstore,TXI-5471,White,Pickup Truck,[]
1787765880,Office Back Alley,VDV-4194,White,Coupe,[]
1787765880,Hospital,DYT-5541,Maroon,Hatchback,[]
1787765910,Hospital,EWE-8741,Blue,Bus,"[""Custom rims""]"
1787765910,Office Back Alley,DOP-3475,Silver,SUV,[]
1787765940,Hospital,TBJ-5379,Green,Coupe,"[""Bumper sticker""]"
1787765970,Office Back Alley,OYU-1228,Maroon,Bus,[]
1787766000,Office Back Alley,ROX-9271,Gray,Coupe,"[""Custom rims"", ""Roof rack""]"
1787766030,Hospital,AIT-2702,Blue,Pickup Truck,"[""Dented rear bumper"", ""Tow hitch""]"
1787766030,Office Back Alley,BPU-4332,White,Motorcycle,[]
1787766060,Hospital,CZA-9416,Black,Bus,[]
1787766090,Office Back Alley,RRC-4766,Blue,Coupe,"[""Tinted windows"", ""Tow hitch""]"
1787766120,Office Back Alley,QLL-8894,Black,Coupe,"[""Spoiler"", ""Bumper sticker""]"
1787766180,Office Back Alley,RBG-4071,Blue,Bus,"[""Bumper sticker"", ""Ladder rack""]"
1787766180,Office Back Alley,RRC-4766,Blue,Coupe,"[""Tinted windows"", ""Tow hitch""]"
1787766210,Office Back Alley,EHW-3879,Maroon,Coupe,[]
1787766210,Office Back Alley,BPU-4332,White,Motorcycle,[]
1787766240,Office Back Alley,QLL-8894,Black,Coupe,"[""Spoiler"", ""Bumper sticker""]"
1787766240,Hospital,NUN-3923,Silver,Motorcycle,"[""Roof rack"", ""Sunroof""]"
1787766270,Bookstore,IUT-7188,Gray,Bus,"[""Sunroof""]"
1787766300,Office Back Alley,TQP-8061,Silver,Hatchback,"[""Tinted windows""]"
1787766330,Bookstore,XOW-5609,Gray,Sedan,"[""Sunroof"", ""Roof rack""]"
1787766360,Bookstore,IMH-7658,Gray,Hatchback,"[""Tinted windows""]"
1787766390,Office Back Alley,OGN-4489,Black,Pickup Truck,"[""Aftermarket exhaust"", ""Custom rims""]"
1787766420,Hospital,BPU-4332,White,Motorcycle,[]
1787766420,Hospital,HUK-4229,White,Coupe,"[""Tinted windows""]"
1787766450,Office Back Alley,NYF-1596,Silver,Pickup Truck,"[""Bumper sticker""]"
1787766450,Bookstore,FYR-2853,Gold,SUV,"[""Missing hubcap"", ""Aftermarket exhaust""]"
1787766480,Office Back Alley,IRY-6538,Gold,Coupe,"[""Sunroof"", ""Custom rims""]"
1787766510,Hospital,BGW-3337,Silver,Bus,"[""Bumper sticker""]"
1787766510,Office Back Alley,KNM-8888,Gray,Sedan,"[""Ladder rack"", ""Aftermarket exhaust""]"
1787766540,Hospital,KES-9323,Maroon,Bus,"[""Spoiler"", ""Missing hubcap""]"
1787766570,Hospital,HQY-7996,Maroon,Motorcycle,[]
1787766630,Office Back Alley,GEZ-2109,Red,Motorcycle,"[""Missing hubcap"", ""Dented rear bumper""]"
1787766630,Hospital,DOP-3475,Silver,SUV,[]
1787766660,Office Back Alley,BLF-4771,Gray,Sedan,[]
1787766660,Office Back Alley,FHL-3560,Silver,Van,[]
1787766750,Office Back Alley,EVV-3567,Blue,SUV,"[""Aftermarket exhaust""]"
1787766780,Office Back Alley,UJS-4783,Red,Bus,"[""Spoiler""]"
1787766780,Office Back Alley,EQL-6876,Green,Bus,"[""Cracked windshield""]"
1787766930,Office Back Alley,LUG-7654,Black,Bus,"[""Bumper sticker""]"
1787766960,Hospital,RRT-3341,Red,Sedan,"[""Tinted windows"", ""Dented rear bumper""]"
1787766960,Office Back Alley,RRC-4766,Blue,Coupe,"[""Tinted windows"", ""Tow hitch""]"
1787767020,Bookstore,RQA-7745,Red,Motorcycle,"[""Sunroof""]"
1787767020,Office Back Alley,KOE-4072,Beige,Pickup Truck,[]
1787767050,Hospital,OGN-4489,Black,Pickup Truck,"[""Aftermarket exhaust"", ""Custom rims""]"
1787767110,Bookstore,OYU-1228,Maroon,Bus,[]
1787767170,Office Back Alley,HQY-7996,Maroon,Motorcycle,[]
1787767170,Hospital,VAP-5225,Silver,Hatchback,"[""Cracked windshield"", ""Tinted windows""]"
1787767200,Hospital,QDH-4925,Red,Van,[]
1787767200,Bookstore,TQP-8061,Silver,Hatchback,"[""Tinted windows""]"
1787767200,Office Back Alley,NKO-5227,Gray,Motorcycle,"[""Roof rack""]"
1787767230,Office Back Alley,ZIG-1175,Black,Bus,[]
1787767230,Hospital,FYR-2853,Gold,SUV,"[""Missing hubcap"", ""Aftermarket exhaust""]"
1787767230,Hospital,QDH-4925,Red,Van,[]
1787767260,Bookstore,EYH-6407,Black,Bus,"[""Custom rims"", ""Tinted windows""]"
1787767260,Office Back Alley,YTG-6287,Green,Coupe,"[""Bumper sticker"", ""Tow hitch""]"
1787767320,Office Back Alley,IRY-6538,Gold,Coupe,"[""Sunroof"", ""Custom rims""]"
1787767350,Office Back Alley,MDL-3261,Blue,Motorcycle,[]
1787767380,Bookstore,FCH-7617,Maroon,Sedan,[]
1787767410,Bookstore,BTZ-5167,Silver,Coupe,[]
1787767470,Bookstore,ZNI-4355,Blue,Coupe,[]
1787767470,Office Back Alley,EWE-8741,Blue,Bus,"[""Custom rims""]"
1787767530,Hospital,DOP-3475,Silver,SUV,[]
1787767560,Office Back Alley,TBJ-5379,Green,Coupe,"[""Bumper sticker""]"
1787767590,Office Back Alley,DYT-5541,Maroon,Hatchback,[]
1787767590,Hospital,OYU-1228,Maroon,Bus,[]
1787767620,Bookstore,ZFD-3277,Green,Hatchback,"[""Bumper sticker"", ""Missing hubcap""]"
1787767620,Office Back Alley,EVV-3567,Blue,SUV,"[""Aftermarket exhaust""]"
1787767620,Office Back Alley,HYS-9092,Gray,Coupe,"[""Roof rack"", ""Dented rear bumper""]"
1787767620,Office Back Alley,TXI-5471,White,Pickup Truck,[]
1787767650,Office Back Alley,AIT-2702,Blue,Pickup Truck,"[""Dented rear bumper"", ""Tow hitch""]"
1787767680,Office Back Alley,RRC-4766,Blue,Coupe,"[""Tinted windows"", ""Tow hitch""]"
1787767710,Hospital,QLL-8894,Black,Coupe,"[""Spoiler"", ""Bumper sticker""]"
1787767740,Bookstore,ROX-9271,Gray,Coupe,"[""Custom rims"", ""Roof rack""]"
1787767770,Bookstore,BPU-4332,White,Motorcycle,[]
1787767770,Hospital,RRC-4766,Blue,Coupe,"[""Tinted windows"", ""Tow hitch""]"
1787767860,Office Back Alley,NUN-3923,Silver,Motorcycle,"[""Roof rack"", ""Sunroof""]"
1787767890,Bookstore,OYU-1228,Maroon,Bus,[]
1787767920,Bookstore,HQY-7996,Maroon,Motorcycle,[]
1787767920,Office Back Alley,RRC-4766,Blue,Coupe,"[""Tinted windows"", ""Tow hitch""]"
1787767920,Office Back Alley,UHR-2612,White,Pickup Truck,[]
1787767950,Bookstore,BPU-4332,White,Motorcycle,[]
1787768040,Bookstore,TQP-8061,Silver,Hatchback,"[""Tinted windows""]"
1787768040,Hospital,NYF-1596,Silver,Pickup Truck,"[""Bumper sticker""]"
1787768040,Office Back Alley,RRC-4766,Blue,Coupe,"[""Tinted windows"", ""Tow hitch""]"
1787768040,Office Back Alley,HUK-4229,White,Coupe,"[""Tinted windows""]"
1787768100,Hospital,KNM-8888,Gray,Sedan,"[""Ladder rack"", ""Aftermarket exhaust""]"
1787768100,Office Back Alley,XOW-5609,Gray,Sedan,"[""Sunroof"", ""Roof rack""]"
1787768130,Bookstore,OGN-4489,Black,Pickup Truck,"[""Aftermarket exhaust"", ""Custom rims""]"
1787768130,Office Back Alley,IMH-7658,Gray,Hatchback,"[""Tinted windows""]"
1787768160,Office Back Alley,LUG-7654,Black,Bus,"[""Bumper sticker""]"
1787768220,Hospital,GEZ-2109,Red,Motorcycle,"[""Missing hubcap"", ""Dented rear bumper""]"
1787768340,Office Back Alley,HQY-7996,Maroon,Motorcycle,[]
1787768370,Hospital,UJS-4783,Red,Bus,"[""Spoiler""]"
1787768430,Office Back Alley,TXI-5471,White,Pickup Truck,[]
1787768430,Office Back Alley,CZA-9416,Black,Bus,[]
1787768460,Bookstore,KES-9323,Maroon,Bus,"[""Spoiler"", ""Missing hubcap""]"
1787768520,Bookstore,BPU-4332,White,Motorcycle,[]
1787768580,Bookstore,AIT-2702,Blue,Pickup Truck,"[""Dented rear bumper"", ""Tow hitch""]"
1787768580,Bookstore,FCH-7617,Maroon,Sedan,[]
1787768580,Office Back Alley,RBG-4071,Blue,Bus,"[""Bumper sticker"", ""Ladder rack""]"
1787768580,Office Back Alley,FHL-3560,Silver,Van,[]
1787768610,Office Back Alley,EQL-6876,Green,Bus,"[""Cracked windshield""]"
1787768640,Office Back Alley,RTJ-3423,Gold,Sedan,[]
1787768670,Office Back Alley,EHW-3879,Maroon,Coupe,[]
1787768670,Office Back Alley,ZNI-4355,Blue,Coupe,[]
1787768700,Office Back Alley,ZGK-3461,Blue,Van,[]
1787768730,Office Back Alley,QLL-8894,Black,Coupe,"[""Spoiler"", ""Bumper sticker""]"
1787768760,Bookstore,KOE-4072,Beige,Pickup Truck,[]
1787768790,Office Back Alley,VAP-5225,Silver,Hatchback,"[""Cracked windshield"", ""Tinted windows""]"
1787768820,Office Back Alley,VJM-7944,Beige,Sedan,[]
1787768820,Hospital,ZIG-1175,Black,Bus,[]
1787768850,Office Back Alley,FYR-2853,Gold,SUV,"[""Missing hubcap"", ""Aftermarket exhaust""]"
1787768880,Hospital,OGN-4489,Black,Pickup Truck,"[""Aftermarket exhaust"", ""Custom rims""]"
1787768910,Office Back Alley,FCH-7617,Maroon,Sedan,[]
1787768940,Office Back Alley,AIT-2702,Blue,Pickup Truck,"[""Dented rear bumper"", ""Tow hitch""]"
1787768970,Bookstore,NKO-5227,Gray,Motorcycle,"[""Roof rack""]"
1787768970,Office Back Alley,HUK-4229,White,Coupe,"[""Tinted windows""]"
1787768970,Office Back Alley,NYF-1596,Silver,Pickup Truck,"[""Bumper sticker""]"
1787769060,Office Back Alley,VJM-7944,Beige,Sedan,[]
1787769090,Bookstore,ZFD-3277,Green,Hatchback,"[""Bumper sticker"", ""Missing hubcap""]"
1787769090,Office Back Alley,EWE-8741,Blue,Bus,"[""Custom rims""]"
1787769090,Office Back Alley,WUB-4659,Black,Pickup Truck,"[""Sunroof""]"
1787769120,Office Back Alley,ZYZ-1012,Beige,Motorcycle,"[""Spoiler""]"
1787769180,Bookstore,DYT-5541,Maroon,Hatchback,[]
1787769210,Office Back Alley,YTG-6287,Green,Coupe,"[""Bumper sticker"", ""Tow hitch""]"
1787769240,Hospital,EVV-3567,Blue,SUV,"[""Aftermarket exhaust""]"
1787769240,Bookstore,WNV-7840,Red,Motorcycle,"[""Bumper sticker""]"
1787769270,Office Back Alley,MDL-3261,Blue,Motorcycle,[]
1787769300,Hospital,RRC-4766,Blue,Coupe,"[""Tinted windows"", ""Tow hitch""]"
1787769330,Bookstore,EQL-6876,Green,Bus,"[""Cracked windshield""]"
1787769330,Office Back Alley,HYS-9092,Gray,Coupe,"[""Roof rack"", ""Dented rear bumper""]"
1787769360,Bookstore,DYT-5541,Maroon,Hatchback,[]
1787769420,Office Back Alley,IMH-7658,Gray,Hatchback,"[""Tinted windows""]"
1787769480,Bookstore,IMH-7658,Gray,Hatchback,"[""Tinted windows""]"
1787769480,Office Back Alley,TBJ-5379,Green,Coupe,"[""Bumper sticker""]"
1787769480,Office Back Alley,ABS-2643,Gold,Pickup Truck,"[""Tow hitch"", ""Missing hubcap""]"
1787769540,Hospital,UHR-2612,White,Pickup Truck,[]
1787769600,Office Back Alley,EUA-8367,Gold,Motorcycle,"[""Ladder rack""]"
1787769630,Office Back Alley,ZGK-3461,Blue,Van,[]
1787769660,Hospital,RRC-4766,Blue,Coupe,"[""Tinted windows"", ""Tow hitch""]"
1787769690,Office Back Alley,BLF-4771,Gray,Sedan,[]
1787769690,Bookstore,CIU-8112,Maroon,Bus,"[""Dented rear bumper"", ""Tow hitch""]"
1787769750,Bookstore,RRC-4766,Blue,Coupe,"[""Tinted windows"", ""Tow hitch""]"
1787769750,Bookstore,BPU-4332,White,Motorcycle,[]
1787769780,Office Back Alley,VAP-5225,Silver,Hatchback,"[""Cracked windshield"", ""Tinted windows""]"
1787769870,Bookstore,KES-9323,Maroon,Bus,"[""Spoiler"", ""Missing hubcap""]"
1787769900,Office Back Alley,FYR-2853,Gold,SUV,"[""Missing hubcap"", ""Aftermarket exhaust""]"
1787769930,Bookstore,LUG-7654,Black,Bus,"[""Bumper sticker""]"
1787769960,Hospital,HQY-7996,Maroon,Motorcycle,[]
1787770050,Hospital,CZA-9416,Black,Bus,[]
1787770080,Hospital,IRY-6538,Gold,Coupe,"[""Sunroof"", ""Custom rims""]"
1787770080,Hospital,TXI-5471,White,Pickup Truck,[]
1787770080,Office Back Alley,NUN-3923,Silver,Motorcycle,"[""Roof rack"", ""Sunroof""]"
1787770080,Office Back Alley,LXQ-7888,Black,Van,[]
1787770110,Office Back Alley,EQL-6876,Green,Bus,"[""Cracked windshield""]"
1787770110,Office Back Alley,ZYZ-1012,Beige,Motorcycle,"[""Spoiler""]"
1787770200,Hospital,RBG-4071,Blue,Bus,"[""Bumper sticker"", ""Ladder rack""]"
1787770200,Office Back Alley,VJM-7944,Beige,Sedan,[]
1787770230,Office Back Alley,FHL-3560,Silver,Van,[]
1787770260,Hospital,RTJ-3423,Gold,Sedan,[]
1787770350,Bookstore,VQJ-3851,Beige,Hatchback,[]
1787770440,Bookstore,EHW-3879,Maroon,Coupe,[]
1787770440,Hospital,VJM-7944,Beige,Sedan,[]
1787770500,Bookstore,QLL-8894,Black,Coupe,"[""Spoiler"", ""Bumper sticker""]"
1787770500,Office Back Alley,XOW-5609,Gray,Sedan,"[""Sunroof"", ""Roof rack""]"
1787770530,Bookstore,QDH-4925,Red,Van,[]
1787770560,Hospital,AIT-2702,Blue,Pickup Truck,"[""Dented rear bumper"", ""Tow hitch""]"
1787770560,Office Back Alley,ZNI-4355,Blue,Coupe,[]
1787770590,Hospital,HUK-4229,White,Coupe,"[""Tinted windows""]"
1787770590,Hospital,NYF-1596,Silver,Pickup Truck,"[""Bumper sticker""]"
1787770650,Office Back Alley,TBJ-5379,Green,Coupe,"[""Bumper sticker""]"
1787770710,Hospital,WUB-4659,Black,Pickup Truck,"[""Sunroof""]"
1787770740,Bookstore,TQP-8061,Silver,Hatchback,"[""Tinted windows""]"
1787770770,Bookstore,KES-9323,Maroon,Bus,"[""Spoiler"", ""Missing hubcap""]"
1787770860,Bookstore,EWE-8741,Blue,Bus,"[""Custom rims""]"
1787770860,Hospital,YTG-6287,Green,Coupe,"[""Bumper sticker"", ""Tow hitch""]"
1787770920,Office Back Alley,VDV-4194,White,Coupe,[]
1787770950,Bookstore,KES-9323,Maroon,Bus,"[""Spoiler"", ""Missing hubcap""]"
1787771010,Bookstore,BLF-4771,Gray,Sedan,[]
1787771040,Bookstore,MDL-3261,Blue,Motorcycle,[]
1787771070,Hospital,RRT-3341,Red,Sedan,"[""Tinted windows"", ""Dented rear bumper""]"
1787771100,Hospital,ABS-2643,Gold,Pickup Truck,"[""Tow hitch"", ""Missing hubcap""]"
1787771130,Bookstore,VKM-8657,Blue,Sedan,"[""Custom rims""]"
1787771220,Hospital,EUA-8367,Gold,Motorcycle,"[""Ladder rack""]"
1787771250,Bookstore,IMH-7658,Gray,Hatchback,"[""Tinted windows""]"
1787771310,Hospital,BLF-4771,Gray,Sedan,[]
1787771310,Office Back Alley,DOP-3475,Silver,SUV,[]
1787771400,Hospital,VAP-5225,Silver,Hatchback,"[""Cracked windshield"", ""Tinted windows""]"
1787771400,Bookstore,ZGK-3461,Blue,Van,[]
1787771460,Office Back Alley,FCH-7617,Maroon,Sedan,[]
1787771490,Bookstore,EJJ-5605,Red,Bus,"[""Tinted windows"", ""Aftermarket exhaust""]"
1787771520,Bookstore,WNV-7840,Red,Motorcycle,"[""Bumper sticker""]"
1787771520,Bookstore,FCH-7617,Maroon,Sedan,[]
1787771550,Bookstore,BLF-4771,Gray,Sedan,[]
1787771580,Bookstore,RRC-4766,Blue,Coupe,"[""Tinted windows"", ""Tow hitch""]"
1787771640,Hospital,BGW-3337,Silver,Bus,"[""Bumper sticker""]"
1787771670,Hospital,IRY-6538,Gold,Coupe,"[""Sunroof"", ""Custom rims""]"
1787771700,Office Back Alley,IRY-6538,Gold,Coupe,"[""Sunroof"", ""Custom rims""]"
1787771730,Hospital,EQL-6876,Green,Bus,"[""Cracked windshield""]"
1787771730,Hospital,OGN-4489,Black,Pickup Truck,"[""Aftermarket exhaust"", ""Custom rims""]"
1787771820,Hospital,NVS-7383,Gold,Van,"[""Aftermarket exhaust"", ""Ladder rack""]"
1787771880,Bookstore,ZYZ-1012,Beige,Motorcycle,"[""Spoiler""]"
1787771880,Office Back Alley,VJM-7944,Beige,Sedan,[]
1787771970,Office Back Alley,NUN-3923,Silver,Motorcycle,"[""Roof rack"", ""Sunroof""]"
1787772000,Bookstore,FHL-3560,Silver,Van,[]
1787772030,Office Back Alley,VDV-4194,White,Coupe,[]
1787772120,Office Back Alley,VQJ-3851,Beige,Hatchback,[]
1787772150,Hospital,DOP-3475,Silver,SUV,[]
1787772150,Bookstore,RQA-7745,Red,Motorcycle,"[""Sunroof""]"
1787772180,Office Back Alley,LXQ-7888,Black,Van,[]
1787772210,Hospital,ZNI-4355,Blue,Coupe,[]
1787772270,Bookstore,XOW-5609,Gray,Sedan,"[""Sunroof"", ""Roof rack""]"
1787772480,Bookstore,QDH-4925,Red,Van,[]
1787772480,Bookstore,TBJ-5379,Green,Coupe,"[""Bumper sticker""]"
1787772540,Office Back Alley,FYR-2853,Gold,SUV,"[""Missing hubcap"", ""Aftermarket exhaust""]"
1787772630,Bookstore,ZNI-4355,Blue,Coupe,[]
1787772660,Bookstore,TQP-8061,Silver,Hatchback,"[""Tinted windows""]"
1787772690,Office Back Alley,RRT-3341,Red,Sedan,"[""Tinted windows"", ""Dented rear bumper""]"
1787772720,Bookstore,KOE-4072,Beige,Pickup Truck,[]
1787772780,Bookstore,EWE-8741,Blue,Bus,"[""Custom rims""]"
1787772840,Hospital,QDH-4925,Red,Van,[]
1787772960,Bookstore,BPU-4332,White,Motorcycle,[]
1787773080,Hospital,KNM-8888,Gray,Sedan,"[""Ladder rack"", ""Aftermarket exhaust""]"
1787773080,Hospital,FCH-7617,Maroon,Sedan,[]
1787773110,Hospital,DOP-3475,Silver,SUV,[]
1787773110,Hospital,HYS-9092,Gray,Coupe,"[""Roof rack"", ""Dented rear bumper""]"
1787773230,Bookstore,QDH-4925,Red,Van,[]
1787773260,Office Back Alley,BGW-3337,Silver,Bus,"[""Bumper sticker""]"
1787773290,Office Back Alley,EJJ-5605,Red,Bus,"[""Tinted windows"", ""Aftermarket exhaust""]"
1787773320,Office Back Alley,LXQ-7888,Black,Van,[]
1787773320,Office Back Alley,BLF-4771,Gray,Sedan,[]
1787773350,Office Back Alley,OGN-4489,Black,Pickup Truck,"[""Aftermarket exhaust"", ""Custom rims""]"
1787773410,Bookstore,BPU-4332,White,Motorcycle,[]
1787773410,Bookstore,BPU-4332,White,Motorcycle,[]
1787773440,Bookstore,VKM-8657,Blue,Sedan,"[""Custom rims""]"
1787773590,Bookstore,NYF-1596,Silver,Pickup Truck,"[""Bumper sticker""]"
1787773590,Hospital,NUN-3923,Silver,Motorcycle,"[""Roof rack"", ""Sunroof""]"
1787773590,Hospital,EVV-3567,Blue,SUV,"[""Aftermarket exhaust""]"
1787773590,Office Back Alley,IRY-6538,Gold,Coupe,"[""Sunroof"", ""Custom rims""]"
1787773620,Bookstore,NKO-5227,Gray,Motorcycle,"[""Roof rack""]"
1787773620,Office Back Alley,DOP-3475,Silver,SUV,[]
1787773650,Bookstore,RRC-4766,Blue,Coupe,"[""Tinted windows"", ""Tow hitch""]"
1787773650,Hospital,ZFD-3277,Green,Hatchback,"[""Bumper sticker"", ""Missing hubcap""]"
1787773680,Hospital,VDV-4194,White,Coupe,[]
1787773710,Bookstore,VJM-7944,Beige,Sedan,[]
1787773770,Office Back Alley,DOP-3475,Silver,SUV,[]
1787773800,Bookstore,TQP-8061,Silver,Hatchback,"[""Tinted windows""]"
1787773890,Hospital,FYR-2853,Gold,SUV,"[""Missing hubcap"", ""Aftermarket exhaust""]"
1787773920,Office Back Alley,RQA-7745,Red,Motorcycle,"[""Sunroof""]"
1787773920,Hospital,YJG-1440,Black,Sedan,"[""Tinted windows"", ""Bumper sticker""]"
1787773950,Hospital,ZIG-1175,Black,Bus,[]
1787773980,Bookstore,AIT-2702,Blue,Pickup Truck,"[""Dented rear bumper"", ""Tow hitch""]"
1787774040,Bookstore,ZNI-4355,Blue,Coupe,[]
1787774040,Office Back Alley,VQJ-3851,Beige,Hatchback,[]
1787774070,Bookstore,DYT-5541,Maroon,Hatchback,[]
1787774100,Bookstore,GEZ-2109,Red,Motorcycle,"[""Missing hubcap"", ""Dented rear bumper""]"
1787774100,Hospital,CZA-9416,Black,Bus,[]
1787774130,Office Back Alley,FYR-2853,Gold,SUV,"[""Missing hubcap"", ""Aftermarket exhaust""]"
1787774280,Bookstore,IMH-7658,Gray,Hatchback,"[""Tinted windows""]"
1787774310,Hospital,OGN-4489,Black,Pickup Truck,"[""Aftermarket exhaust"", ""Custom rims""]"
1787774340,Office Back Alley,OGN-4489,Black,Pickup Truck,"[""Aftermarket exhaust"", ""Custom rims""]"
1787774400,Office Back Alley,ZNI-4355,Blue,Coupe,[]
1787774400,Bookstore,BPU-4332,White,Motorcycle,[]
1787774460,Office Back Alley,QDH-4925,Red,Van,[]
1787774490,Office Back Alley,FCH-7617,Maroon,Sedan,[]
1787774520,Bookstore,EHW-3879,Maroon,Coupe,[]
1787774520,Bookstore,QLL-8894,Black,Coupe,"[""Spoiler"", ""Bumper sticker""]"
1787774550,Office Back Alley,RRT-3341,Red,Sedan,"[""Tinted windows"", ""Dented rear bumper""]"
1787774670,Hospital,VJM-7944,Beige,Sedan,[]
1787774700,Office Back Alley,KNM-8888,Gray,Sedan,"[""Ladder rack"", ""Aftermarket exhaust""]"
1787774730,Office Back Alley,DOP-3475,Silver,SUV,[]
1787774730,Bookstore,KOE-4072,Beige,Pickup Truck,[]
1787774760,Bookstore,QLL-8894,Black,Coupe,"[""Spoiler"", ""Bumper sticker""]"
1787774760,Office Back Alley,EJJ-5605,Red,Bus,"[""Tinted windows"", ""Aftermarket exhaust""]"
1787774880,Hospital,RBG-4071,Blue,Bus,"[""Bumper sticker"", ""Ladder rack""]"
1787774880,Office Back Alley,RQA-7745,Red,Motorcycle,"[""Sunroof""]"
1787774940,Hospital,LXQ-7888,Black,Van,[]
1787774940,Hospital,TXI-5471,White,Pickup Truck,[]
1787775090,Bookstore,IUT-7188,Gray,Bus,"[""Sunroof""]"
1787775120,Office Back Alley,DOP-3475,Silver,SUV,[]
1787775120,Office Back Alley,OGN-4489,Black,Pickup Truck,"[""Aftermarket exhaust"", ""Custom rims""]"
1787775180,Office Back Alley,VKM-8657,Blue,Sedan,"[""Custom rims""]"
1787775210,Office Back Alley,EVV-3567,Blue,SUV,"[""Aftermarket exhaust""]"
1787775270,Office Back Alley,BLF-4771,Gray,Sedan,[]
1787775300,Bookstore,EHW-3879,Maroon,Coupe,[]
1787775360,Hospital,ABS-2643,Gold,Pickup Truck,"[""Tow hitch"", ""Missing hubcap""]"
1787775360,Bookstore,VJM-7944,Beige,Sedan,[]
1787775420,Bookstore,IRY-6538,Gold,Coupe,"[""Sunroof"", ""Custom rims""]"
1787775420,Office Back Alley,QDH-4925,Red,Van,[]
1787775450,Bookstore,DOP-3475,Silver,SUV,[]
1787775510,Office Back Alley,FYR-2853,Gold,SUV,"[""Missing hubcap"", ""Aftermarket exhaust""]"
1787775540,Office Back Alley,YJG-1440,Black,Sedan,"[""Tinted windows"", ""Bumper sticker""]"
1787775570,Office Back Alley,TQP-8061,Silver,Hatchback,"[""Tinted windows""]"
1787775630,Hospital,WUB-4659,Black,Pickup Truck,"[""Sunroof""]"
1787775630,Office Back Alley,FCH-7617,Maroon,Sedan,[]
1787775660,Hospital,VQJ-3851,Beige,Hatchback,[]
1787775690,Hospital,NYF-1596,Silver,Pickup Truck,"[""Bumper sticker""]"
1787775720,Office Back Alley,CZA-9416,Black,Bus,[]
1787775720,Bookstore,GEZ-2109,Red,Motorcycle,"[""Missing hubcap"", ""Dented rear bumper""]"
1787775720,Bookstore,KES-9323,Maroon,Bus,"[""Spoiler"", ""Missing hubcap""]"
1787775720,Bookstore,OYU-1228,Maroon,Bus,[]
1787775750,Office Back Alley,AIT-2702,Blue,Pickup Truck,"[""Dented rear bumper"", ""Tow hitch""]"
1787775750,Hospital,CZA-9416,Black,Bus,[]
1787775810,Office Back Alley,KNM-8888,Gray,Sedan,"[""Ladder rack"", ""Aftermarket exhaust""]"
1787775840,Office Back Alley,DYT-5541,Maroon,Hatchback,[]
1787775900,Bookstore,FYR-2853,Gold,SUV,"[""Missing hubcap"", ""Aftermarket exhaust""]"
1787775900,Hospital,IRY-6538,Gold,Coupe,"[""Sunroof"", ""Custom rims""]"
1787775930,Office Back Alley,BGW-3337,Silver,Bus,"[""Bumper sticker""]"
1787775930,Office Back Alley,OGN-4489,Black,Pickup Truck,"[""Aftermarket exhaust"", ""Custom rims""]"
1787776050,Hospital,RRC-4766,Blue,Coupe,"[""Tinted windows"", ""Tow hitch""]"
1787776050,Office Back Alley,ZNI-4355,Blue,Coupe,[]
1787776080,Bookstore,RTJ-3423,Gold,Sedan,[]
1787776110,Office Back Alley,EVV-3567,Blue,SUV,"[""Aftermarket exhaust""]"
1787776170,Office Back Alley,BPU-4332,White,Motorcycle,[]
1787776200,Hospital,RRC-4766,Blue,Coupe,"[""Tinted windows"", ""Tow hitch""]"
1787776200,Office Back Alley,DOP-3475,Silver,SUV,[]
1787776230,Bookstore,TBJ-5379,Green,Coupe,"[""Bumper sticker""]"
1787776260,Office Back Alley,RRT-3341,Red,Sedan,"[""Tinted windows"", ""Dented rear bumper""]"
1787776290,Office Back Alley,VJM-7944,Beige,Sedan,[]
1787776350,Hospital,NVS-7383,Gold,Van,"[""Aftermarket exhaust"", ""Ladder rack""]"
1787776530,Office Back Alley,QLL-8894,Black,Coupe,"[""Spoiler"", ""Bumper sticker""]"
1787776530,Hospital,HQY-7996,Maroon,Motorcycle,[]
1787776560,Office Back Alley,TXI-5471,White,Pickup Truck,[]
1787776560,Bookstore,BPU-4332,White,Motorcycle,[]
1787776590,Bookstore,EJJ-5605,Red,Bus,"[""Tinted windows"", ""Aftermarket exhaust""]"
1787776590,Office Back Alley,AIT-2702,Blue,Pickup Truck,"[""Dented rear bumper"", ""Tow hitch""]"
1787776620,Office Back Alley,FCH-7617,Maroon,Sedan,[]
1787776650,Bookstore,RQA-7745,Red,Motorcycle,"[""Sunroof""]"
1787776710,Bookstore,XOW-5609,Gray,Sedan,"[""Sunroof"", ""Roof rack""]"
1787776740,Bookstore,HQY-7996,Maroon,Motorcycle,[]
1787776740,Office Back Alley,YJG-1440,Black,Sedan,"[""Tinted windows"", ""Bumper sticker""]"
1787776740,Hospital,OGN-4489,Black,Pickup Truck,"[""Aftermarket exhaust"", ""Custom rims""]"
1787776800,Bookstore,ZGK-3461,Blue,Van,[]
1787776890,Bookstore,DOP-3475,Silver,SUV,[]
1787776890,Office Back Alley,DYT-5541,Maroon,Hatchback,[]
1787776890,Office Back Alley,IUT-7188,Gray,Bus,"[""Sunroof""]"
1787776980,Office Back Alley,ABS-2643,Gold,Pickup Truck,"[""Tow hitch"", ""Missing hubcap""]"
1787777010,Bookstore,AIT-2702,Blue,Pickup Truck,"[""Dented rear bumper"", ""Tow hitch""]"
1787777040,Bookstore,BLF-4771,Gray,Sedan,[]
1787777040,Hospital,QDH-4925,Red,Van,[]
1787777100,Office Back Alley,VKM-8657,Blue,Sedan,"[""Custom rims""]"
1787777100,Office Back Alley,TQP-8061,Silver,Hatchback,"[""Tinted windows""]"
1787777160,Bookstore,TQP-8061,Silver,Hatchback,"[""Tinted windows""]"
1787777190,Hospital,BLF-4771,Gray,Sedan,[]
1787777220,Bookstore,EQL-6876,Green,Bus,"[""Cracked windshield""]"
1787777220,Hospital,UJS-4783,Red,Bus,"[""Spoiler""]"
1787777250,Office Back Alley,ZNI-4355,Blue,Coupe,[]
1787777280,Hospital,VAP-5225,Silver,Hatchback,"[""Cracked windshield"", ""Tinted windows""]"
1787777280,Bookstore,BLF-4771,Gray,Sedan,[]
1787777310,Office Back Alley,NYF-1596,Silver,Pickup Truck,"[""Bumper sticker""]"
1787777370,Office Back Alley,CZA-9416,Black,Bus,[]
1787777370,Hospital,WNV-7840,Red,Motorcycle,"[""Bumper sticker""]"
1787777460,Office Back Alley,FYR-2853,Gold,SUV,"[""Missing hubcap"", ""Aftermarket exhaust""]"
1787777520,Office Back Alley,OYU-1228,Maroon,Bus,[]
1787777520,Bookstore,LHA-6933,Gray,Bus,"[""Missing hubcap""]"
1787777550,Hospital,ZFD-3277,Green,Hatchback,"[""Bumper sticker"", ""Missing hubcap""]"
1787777640,Office Back Alley,TXI-5471,White,Pickup Truck,[]
1787777700,Office Back Alley,CZA-9416,Black,Bus,[]
1787777700,Bookstore,BGW-3337,Silver,Bus,"[""Bumper sticker""]"
1787777700,Bookstore,ROX-9271,Gray,Coupe,"[""Custom rims"", ""Roof rack""]"
1787777730,Hospital,EVV-3567,Blue,SUV,"[""Aftermarket exhaust""]"
1787777820,Bookstore,ZNI-4355,Blue,Coupe,[]
1787777820,Office Back Alley,OGN-4489,Black,Pickup Truck,"[""Aftermarket exhaust"", ""Custom rims""]"
1787777820,Office Back Alley,RRC-4766,Blue,Coupe,"[""Tinted windows"", ""Tow hitch""]"
1787777850,Office Back Alley,RTJ-3423,Gold,Sedan,[]
1787777880,Hospital,EYH-6407,Black,Bus,"[""Custom rims"", ""Tinted windows""]"
1787777880,Bookstore,FCH-7617,Maroon,Sedan,[]
1787777880,Office Back Alley,VJM-7944,Beige,Sedan,[]
1787777940,Hospital,BPU-4332,White,Motorcycle,[]
1787777970,Office Back Alley,NVS-7383,Gold,Van,"[""Aftermarket exhaust"", ""Ladder rack""]"
1787777970,Bookstore,QDH-4925,Red,Van,[]
1787777970,Bookstore,DOP-3475,Silver,SUV,[]
1787778060,Office Back Alley,KNM-8888,Gray,Sedan,"[""Ladder rack"", ""Aftermarket exhaust""]"
1787778060,Office Back Alley,BPU-4332,White,Motorcycle,[]
1787778090,Bookstore,RRT-3341,Red,Sedan,"[""Tinted windows"", ""Dented rear bumper""]"
1787778090,Bookstore,RRC-4766,Blue,Coupe,"[""Tinted windows"", ""Tow hitch""]"
1787778090,Office Back Alley,KOE-4072,Beige,Pickup Truck,[]
1787778150,Bookstore,DOP-3475,Silver,SUV,[]
1787778150,Bookstore,EUA-8367,Gold,Motorcycle,"[""Ladder rack""]"
1787778150,Office Back Alley,NYF-1596,Silver,Pickup Truck,"[""Bumper sticker""]"
1787778150,Office Back Alley,HQY-7996,Maroon,Motorcycle,[]
1787778210,Hospital,AIT-2702,Blue,Pickup Truck,"[""Dented rear bumper"", ""Tow hitch""]"
1787778330,Bookstore,LUG-7654,Black,Bus,"[""Bumper sticker""]"
1787778480,Bookstore,NYF-1596,Silver,Pickup Truck,"[""Bumper sticker""]"
1787778540,Hospital,VDV-4194,White,Coupe,[]
1787778540,Office Back Alley,HQY-7996,Maroon,Motorcycle,[]
1787778570,Office Back Alley,ZGK-3461,Blue,Van,[]
1787778570,Bookstore,YJG-1440,Black,Sedan,"[""Tinted windows"", ""Bumper sticker""]"
1787778660,Office Back Alley,IUT-7188,Gray,Bus,"[""Sunroof""]"
1787778690,Bookstore,RRC-4766,Blue,Coupe,"[""Tinted windows"", ""Tow hitch""]"
1787778810,Office Back Alley,BLF-4771,Gray,Sedan,[]
1787778840,Office Back Alley,UJS-4783,Red,Bus,"[""Spoiler""]"
1787778870,Office Back Alley,NVS-7383,Gold,Van,"[""Aftermarket exhaust"", ""Ladder rack""]"
1787778870,Bookstore,TQP-8061,Silver,Hatchback,"[""Tinted windows""]"
1787778900,Office Back Alley,VAP-5225,Silver,Hatchback,"[""Cracked windshield"", ""Tinted windows""]"
1787778930,Bookstore,VKM-8657,Blue,Sedan,"[""Custom rims""]"
1787778960,Office Back Alley,TQP-8061,Silver,Hatchback,"[""Tinted windows""]"
1787779020,Office Back Alley,EQL-6876,Green,Bus,"[""Cracked windshield""]"
1787779050,Office Back Alley,CZA-9416,Black,Bus,[]
1787779110,Bookstore,RQA-7745,Red,Motorcycle,"[""Sunroof""]"
1787779110,Office Back Alley,KOE-4072,Beige,Pickup Truck,[]
1787779170,Office Back Alley,ZFD-3277,Green,Hatchback,"[""Bumper sticker"", ""Missing hubcap""]"
1787779170,Bookstore,EQL-6876,Green,Bus,"[""Cracked windshield""]"
1787779230,Bookstore,FYR-2853,Gold,SUV,"[""Missing hubcap"", ""Aftermarket exhaust""]"
1787779260,Hospital,TXI-5471,White,Pickup Truck,[]
1787779320,Office Back Alley,ABS-2643,Gold,Pickup Truck,"[""Tow hitch"", ""Missing hubcap""]"
1787779320,Bookstore,EHW-3879,Maroon,Coupe,[]
1787779380,Bookstore,XOW-5609,Gray,Sedan,"[""Sunroof"", ""Roof rack""]"
1787779380,Bookstore,OYU-1228,Maroon,Bus,[]
1787779470,Office Back Alley,ZNI-4355,Blue,Coupe,[]
1787779500,Bookstore,QLL-8894,Black,Coupe,"[""Spoiler"", ""Bumper sticker""]"
1787779500,Office Back Alley,EYH-6407,Black,Bus,"[""Custom rims"", ""Tinted windows""]"
1787779500,Office Back Alley,ROX-9271,Gray,Coupe,"[""Custom rims"", ""Roof rack""]"
1787779530,Office Back Alley,RTJ-3423,Gold,Sedan,[]
1787779560,Bookstore,DYT-5541,Maroon,Hatchback,[]
1787779560,Bookstore,DYT-5541,Maroon,Hatchback,[]
1787779590,Bookstore,FCH-7617,Maroon,Sedan,[]
1787779590,Bookstore,YTG-6287,Green,Coupe,"[""Bumper sticker"", ""Tow hitch""]"
1787779590,Office Back Alley,HQY-7996,Maroon,Motorcycle,[]
1787779650,Bookstore,VJM-7944,Beige,Sedan,[]
1787779650,Bookstore,OGN-4489,Black,Pickup Truck,"[""Aftermarket exhaust"", ""Custom rims""]"
1787779650,Bookstore,KES-9323,Maroon,Bus,"[""Spoiler"", ""Missing hubcap""]"
1787779650,Bookstore,UHR-2612,White,Pickup Truck,[]
1787779680,Hospital,BPU-4332,White,Motorcycle,[]
1787779680,Office Back Alley,CZA-9416,Black,Bus,[]
1787779770,Bookstore,RRC-4766,Blue,Coupe,"[""Tinted windows"", ""Tow hitch""]"
1787779830,Bookstore,FCH-7617,Maroon,Sedan,[]
1787779830,Office Back Alley,TQP-8061,Silver,Hatchback,"[""Tinted windows""]"
1787779830,Office Back Alley,BLF-4771,Gray,Sedan,[]
1787779830,Office Back Alley,ZGK-3461,Blue,Van,[]
1787779860,Bookstore,BPU-4332,White,Motorcycle,[]
1787779860,Office Back Alley,NVS-7383,Gold,Van,"[""Aftermarket exhaust"", ""Ladder rack""]"
1787779890,Office Back Alley,DOP-3475,Silver,SUV,[]
1787779890,Bookstore,KNM-8888,Gray,Sedan,"[""Ladder rack"", ""Aftermarket exhaust""]"
1787779950,Hospital,RRC-4766,Blue,Coupe,"[""Tinted windows"", ""Tow hitch""]"
1787779980,Bookstore,TQP-8061,Silver,Hatchback,"[""Tinted windows""]"
1787780010,Hospital,NKO-5227,Gray,Motorcycle,"[""Roof rack""]"
1787780010,Office Back Alley,OYU-1228,Maroon,Bus,[]
1787780040,Office Back Alley,RBG-4071,Blue,Bus,"[""Bumper sticker"", ""Ladder rack""]"
1787780100,Bookstore,WUB-4659,Black,Pickup Truck,"[""Sunroof""]"
1787780100,Office Back Alley,NYF-1596,Silver,Pickup Truck,"[""Bumper sticker""]"
1787780100,Office Back Alley,VAP-5225,Silver,Hatchback,"[""Cracked windshield"", ""Tinted windows""]"
1787780130,Office Back Alley,LUG-7654,Black,Bus,"[""Bumper sticker""]"
1787780160,Office Back Alley,VDV-4194,White,Coupe,[]
1787780250,Office Back Alley,NYF-1596,Silver,Pickup Truck,"[""Bumper sticker""]"
1787780280,Hospital,ZIG-1175,Black,Bus,[]
1787780310,Bookstore,MDL-3261,Blue,Motorcycle,[]
1787780370,Bookstore,YJG-1440,Black,Sedan,"[""Tinted windows"", ""Bumper sticker""]"
1787780370,Bookstore,IMH-7658,Gray,Hatchback,"[""Tinted windows""]"
1787780400,Hospital,ZYZ-1012,Beige,Motorcycle,"[""Spoiler""]"
1787780430,Bookstore,IUT-7188,Gray,Bus,"[""Sunroof""]"
1787780430,Office Back Alley,QLL-8894,Black,Coupe,"[""Spoiler"", ""Bumper sticker""]"
1787780460,Office Back Alley,RRC-4766,Blue,Coupe,"[""Tinted windows"", ""Tow hitch""]"
1787780520,Office Back Alley,RRC-4766,Blue,Coupe,"[""Tinted windows"", ""Tow hitch""]"
1787780550,Office Back Alley,ROX-9271,Gray,Coupe,"[""Custom rims"", ""Roof rack""]"
1787780640,Office Back Alley,EQL-6876,Green,Bus,"[""Cracked windshield""]"
1787780730,Hospital,KOE-4072,Beige,Pickup Truck,[]
1787780730,Hospital,DYT-5541,Maroon,Hatchback,[]
1787780730,Office Back Alley,HQY-7996,Maroon,Motorcycle,[]
1787780820,Hospital,OYU-1228,Maroon,Bus,[]
1787780850,Office Back Alley,OYU-1228,Maroon,Bus,[]
1787780850,Office Back Alley,RQA-7745,Red,Motorcycle,"[""Sunroof""]"
1787780880,Bookstore,TBJ-5379,Green,Coupe,"[""Bumper sticker""]"
1787780880,Bookstore,CZA-9416,Black,Bus,[]
1787780880,Bookstore,FHL-3560,Silver,Van,[]
1787780880,Bookstore,CIU-8112,Maroon,Bus,"[""Dented rear bumper"", ""Tow hitch""]"
1787781000,Bookstore,ZNI-4355,Blue,Coupe,[]
1787781060,Bookstore,EJJ-5605,Red,Bus,"[""Tinted windows"", ""Aftermarket exhaust""]"
1787781060,Bookstore,DOP-3475,Silver,SUV,[]
1787781090,Bookstore,ABS-2643,Gold,Pickup Truck,"[""Tow hitch"", ""Missing hubcap""]"
1787781180,Office Back Alley,ZNI-4355,Blue,Coupe,[]
1787781180,Office Back Alley,OYU-1228,Maroon,Bus,[]
1787781210,Office Back Alley,EYH-6407,Black,Bus,"[""Custom rims"", ""Tinted windows""]"
1787781240,Hospital,HQY-7996,Maroon,Motorcycle,[]
1787781270,Office Back Alley,ZFD-3277,Green,Hatchback,"[""Bumper sticker"", ""Missing hubcap""]"
1787781270,Office Back Alley,QLL-8894,Black,Coupe,"[""Spoiler"", ""Bumper sticker""]"
1787781300,Hospital,FCH-7617,Maroon,Sedan,[]
1787781300,Office Back Alley,UJS-4783,Red,Bus,"[""Spoiler""]"
1787781300,Bookstore,IRY-6538,Gold,Coupe,"[""Sunroof"", ""Custom rims""]"
1787781300,Bookstore,RTJ-3423,Gold,Sedan,[]
1787781330,Bookstore,HQY-7996,Maroon,Motorcycle,[]
1787781330,Bookstore,TQP-8061,Silver,Hatchback,"[""Tinted windows""]"
1787781330,Hospital,HYS-9092,Gray,Coupe,"[""Roof rack"", ""Dented rear bumper""]"
1787781360,Bookstore,TML-3408,Red,Motorcycle,"[""Spoiler"", ""Custom rims""]"
1787781360,Office Back Alley,YTG-6287,Green,Coupe,"[""Bumper sticker"", ""Tow hitch""]"
1787781360,Office Back Alley,DYT-5541,Maroon,Hatchback,[]
1787781390,Office Back Alley,RBG-4071,Blue,Bus,"[""Bumper sticker"", ""Ladder rack""]"
1787781450,Hospital,RRC-4766,Blue,Coupe,"[""Tinted windows"", ""Tow hitch""]"
1787781450,Office Back Alley,DOP-3475,Silver,SUV,[]
1787781450,Office Back Alley,KES-9323,Maroon,Bus,"[""Spoiler"", ""Missing hubcap""]"
1787781480,Hospital,BTZ-5167,Silver,Coupe,[]
1787781510,Office Back Alley,CZA-9416,Black,Bus,[]
1787781510,Office Back Alley,RRC-4766,Blue,Coupe,"[""Tinted windows"", ""Tow hitch""]"
1787781540,Office Back Alley,LUG-7654,Black,Bus,"[""Bumper sticker""]"
1787781600,Bookstore,TQP-8061,Silver,Hatchback,"[""Tinted windows""]"
1787781630,Bookstore,NVS-7383,Gold,Van,"[""Aftermarket exhaust"", ""Ladder rack""]"
1787781630,Office Back Alley,NKO-5227,Gray,Motorcycle,"[""Roof rack""]"
1787781750,Hospital,VAP-5225,Silver,Hatchback,"[""Cracked windshield"", ""Tinted windows""]"
1787781780,Bookstore,FCH-7617,Maroon,Sedan,[]
1787781810,Office Back Alley,NYF-1596,Silver,Pickup Truck,"[""Bumper sticker""]"
1787781900,Bookstore,MDL-3261,Blue,Motorcycle,[]
1787781900,Bookstore,QDH-4925,Red,Van,[]
1787781930,Office Back Alley,RQA-7745,Red,Motorcycle,"[""Sunroof""]"
1787781960,Bookstore,RRT-3341,Red,Sedan,"[""Tinted windows"", ""Dented rear bumper""]"
1787781990,Hospital,EHW-3879,Maroon,Coupe,[]
1787781990,Office Back Alley,ZGK-3461,Blue,Van,[]
1787782110,Bookstore,QDH-4925,Red,Van,[]
1787782110,Office Back Alley,QLL-8894,Black,Coupe,"[""Spoiler"", ""Bumper sticker""]"
1787782170,Office Back Alley,IMH-7658,Gray,Hatchback,"[""Tinted windows""]"
1787782170,Hospital,ROX-9271,Gray,Coupe,"[""Custom rims"", ""Roof rack""]"
1787782200,Office Back Alley,VDV-4194,White,Coupe,[]
1787782230,Bookstore,BPU-4332,White,Motorcycle,[]
1787782260,Hospital,EQL-6876,Green,Bus,"[""Cracked windshield""]"
1787782290,Bookstore,RRC-4766,Blue,Coupe,"[""Tinted windows"", ""Tow hitch""]"
1787782320,Hospital,QDH-4925,Red,Van,[]
1787782350,Office Back Alley,RRC-4766,Blue,Coupe,"[""Tinted windows"", ""Tow hitch""]"
1787782440,Office Back Alley,OYU-1228,Maroon,Bus,[]
1787782440,Bookstore,AIT-2702,Blue,Pickup Truck,"[""Dented rear bumper"", ""Tow hitch""]"
1787782470,Bookstore,IRY-6538,Gold,Coupe,"[""Sunroof"", ""Custom rims""]"
1787782500,Office Back Alley,QLL-8894,Black,Coupe,"[""Spoiler"", ""Bumper sticker""]"
1787782530,Office Back Alley,DYT-5541,Maroon,Hatchback,[]
1787782590,Hospital,BPU-4332,White,Motorcycle,[]
1787782620,Bookstore,OYU-1228,Maroon,Bus,[]
1787782650,Office Back Alley,YTG-6287,Green,Coupe,"[""Bumper sticker"", ""Tow hitch""]"
1787782680,Office Back Alley,RRC-4766,Blue,Coupe,"[""Tinted windows"", ""Tow hitch""]"
1787782770,Office Back Alley,ZNI-4355,Blue,Coupe,[]
1787782770,Bookstore,BGW-3337,Silver,Bus,"[""Bumper sticker""]"
1787782800,Hospital,NUN-3923,Silver,Motorcycle,"[""Roof rack"", ""Sunroof""]"
1787782830,Hospital,EYH-6407,Black,Bus,"[""Custom rims"", ""Tinted windows""]"
1787782830,Office Back Alley,LUG-7654,Black,Bus,"[""Bumper sticker""]"
1787782830,Office Back Alley,EJJ-5605,Red,Bus,"[""Tinted windows"", ""Aftermarket exhaust""]"
1787782830,Office Back Alley,DOP-3475,Silver,SUV,[]
1787782860,Bookstore,BLF-4771,Gray,Sedan,[]
1787782890,Bookstore,LHA-6933,Gray,Bus,"[""Missing hubcap""]"
1787782920,Bookstore,WNV-7840,Red,Motorcycle,"[""Bumper sticker""]"
1787782950,Office Back Alley,HYS-9092,Gray,Coupe,"[""Roof rack"", ""Dented rear bumper""]"
1787782950,Bookstore,ZNI-4355,Blue,Coupe,[]
1787783010,Office Back Alley,OYU-1228,Maroon,Bus,[]
1787783040,Bookstore,ZFD-3277,Green,Hatchback,"[""Bumper sticker"", ""Missing hubcap""]"
1787783070,Bookstore,EUA-8367,Gold,Motorcycle,"[""Ladder rack""]"
1787783100,Office Back Alley,BTZ-5167,Silver,Coupe,[]
1787783130,Office Back Alley,TQP-8061,Silver,Hatchback,"[""Tinted windows""]"
1787783160,Office Back Alley,HQY-7996,Maroon,Motorcycle,[]
1787783160,Office Back Alley,TML-3408,Red,Motorcycle,"[""Spoiler"", ""Custom rims""]"
1787783160,Bookstore,RBG-4071,Blue,Bus,"[""Bumper sticker"", ""Ladder rack""]"
1787783190,Bookstore,NYF-1596,Silver,Pickup Truck,"[""Bumper sticker""]"
1787783190,Hospital,IMH-7658,Gray,Hatchback,"[""Tinted windows""]"
1787783220,Bookstore,DOP-3475,Silver,SUV,[]
1787783250,Bookstore,RTJ-3423,Gold,Sedan,[]
1787783340,Bookstore,CZA-9416,Black,Bus,[]
1787783340,Bookstore,XOW-5609,Gray,Sedan,"[""Sunroof"", ""Roof rack""]"
1787783370,Office Back Alley,IMH-7658,Gray,Hatchback,"[""Tinted windows""]"
1787783430,Office Back Alley,OYU-1228,Maroon,Bus,[]
1787783460,Bookstore,VQJ-3851,Beige,Hatchback,[]
1787783520,Office Back Alley,NYF-1596,Silver,Pickup Truck,"[""Bumper sticker""]"
1787783580,Office Back Alley,UJS-4783,Red,Bus,"[""Spoiler""]"
1787783610,Office Back Alley,EHW-3879,Maroon,Coupe,[]
1787783670,Bookstore,GEZ-2109,Red,Motorcycle,"[""Missing hubcap"", ""Dented rear bumper""]"
1787783700,Office Back Alley,KES-9323,Maroon,Bus,"[""Spoiler"", ""Missing hubcap""]"
1787783700,Office Back Alley,QDH-4925,Red,Van,[]
1787783730,Office Back Alley,EJJ-5605,Red,Bus,"[""Tinted windows"", ""Aftermarket exhaust""]"
1787783730,Bookstore,OYU-1228,Maroon,Bus,[]
1787783760,Office Back Alley,HYS-9092,Gray,Coupe,"[""Roof rack"", ""Dented rear bumper""]"
1787783760,Bookstore,ZGK-3461,Blue,Van,[]
1787783760,Bookstore,RQA-7745,Red,Motorcycle,"[""Sunroof""]"
1787783880,Bookstore,HUK-4229,White,Coupe,"[""Tinted windows""]"
1787783940,Office Back Alley,QDH-4925,Red,Van,[]
1787784060,Bookstore,UHR-2612,White,Pickup Truck,[]
1787784090,Bookstore,DYT-5541,Maroon,Hatchback,[]
1787784120,Bookstore,EQL-6876,Green,Bus,"[""Cracked windshield""]"
1787784120,Bookstore,RRC-4766,Blue,Coupe,"[""Tinted windows"", ""Tow hitch""]"
1787784180,Office Back Alley,NKO-5227,Gray,Motorcycle,"[""Roof rack""]"
1787784210,Office Back Alley,ZNI-4355,Blue,Coupe,[]
1787784270,Office Back Alley,BTZ-5167,Silver,Coupe,[]
1787784300,Bookstore,FYR-2853,Gold,SUV,"[""Missing hubcap"", ""Aftermarket exhaust""]"
1787784360,Bookstore,CZA-9416,Black,Bus,[]
1787784360,Bookstore,DYT-5541,Maroon,Hatchback,[]
1787784420,Office Back Alley,NUN-3923,Silver,Motorcycle,"[""Roof rack"", ""Sunroof""]"
1787784420,Bookstore,YTG-6287,Green,Coupe,"[""Bumper sticker"", ""Tow hitch""]"
1787784540,Office Back Alley,DOP-3475,Silver,SUV,[]
1787784540,Office Back Alley,BGW-3337,Silver,Bus,"[""Bumper sticker""]"
1787784600,Bookstore,IRY-6538,Gold,Coupe,"[""Sunroof"", ""Custom rims""]"
1787784660,Office Back Alley,LHA-6933,Gray,Bus,"[""Missing hubcap""]"
1787784720,Office Back Alley,TQP-8061,Silver,Hatchback,"[""Tinted windows""]"
1787784780,Office Back Alley,QDH-4925,Red,Van,[]
1787784780,Bookstore,ZYZ-1012,Beige,Motorcycle,"[""Spoiler""]"
1787784810,Office Back Alley,IMH-7658,Gray,Hatchback,"[""Tinted windows""]"
1787784840,Office Back Alley,EUA-8367,Gold,Motorcycle,"[""Ladder rack""]"
1787784840,Hospital,BLF-4771,Gray,Sedan,[]
1787784840,Bookstore,OYU-1228,Maroon,Bus,[]
1787784960,Office Back Alley,TML-3408,Red,Motorcycle,"[""Spoiler"", ""Custom rims""]"
1787784990,Bookstore,HQY-7996,Maroon,Motorcycle,[]
1787784990,Hospital,EHW-3879,Maroon,Coupe,[]
1787785020,Hospital,IMH-7658,Gray,Hatchback,"[""Tinted windows""]"
1787785110,Office Back Alley,XOW-5609,Gray,Sedan,"[""Sunroof"", ""Roof rack""]"
1787785200,Bookstore,ABS-2643,Gold,Pickup Truck,"[""Tow hitch"", ""Missing hubcap""]"
1787785200,Bookstore,OGN-4489,Black,Pickup Truck,"[""Aftermarket exhaust"", ""Custom rims""]"
1787785260,Bookstore,OYU-1228,Maroon,Bus,[]
1787785290,Hospital,DYT-5541,Maroon,Hatchback,[]
1787785320,Bookstore,HQY-7996,Maroon,Motorcycle,[]
1787785350,Bookstore,BLF-4771,Gray,Sedan,[]
1787785380,Hospital,HYS-9092,Gray,Coupe,"[""Roof rack"", ""Dented rear bumper""]"
1787785410,Bookstore,WNV-7840,Red,Motorcycle,"[""Bumper sticker""]"
1787785650,Office Back Alley,EHW-3879,Maroon,Coupe,[]
1787785710,Hospital,FCH-7617,Maroon,Sedan,[]
1787785710,Bookstore,DOP-3475,Silver,SUV,[]
1787785800,Bookstore,NVS-7383,Gold,Van,"[""Aftermarket exhaust"", ""Ladder rack""]"
1787785830,Bookstore,IUT-7188,Gray,Bus,"[""Sunroof""]"
1787785860,Hospital,ZIG-1175,Black,Bus,[]
1787785860,Bookstore,FHL-3560,Silver,Van,[]
1787785860,Office Back Alley,QDH-4925,Red,Van,[]
1787785890,Office Back Alley,NUN-3923,Silver,Motorcycle,"[""Roof rack"", ""Sunroof""]"
1787785980,Office Back Alley,EUA-8367,Gold,Motorcycle,"[""Ladder rack""]"
1787786100,Office Back Alley,FYR-2853,Gold,SUV,"[""Missing hubcap"", ""Aftermarket exhaust""]"
1787786190,Hospital,IRY-6538,Gold,Coupe,"[""Sunroof"", ""Custom rims""]"
1787786250,Bookstore,TQP-8061,Silver,Hatchback,"[""Tinted windows""]"
1787786250,Hospital,KOE-4072,Beige,Pickup Truck,[]
1787786310,Bookstore,DOP-3475,Silver,SUV,[]
1787786310,Office Back Alley,IMH-7658,Gray,Hatchback,"[""Tinted windows""]"
1787786370,Bookstore,HUK-4229,White,Coupe,"[""Tinted windows""]"
1787786550,Bookstore,TQP-8061,Silver,Hatchback,"[""Tinted windows""]"
1787786580,Bookstore,RRC-4766,Blue,Coupe,"[""Tinted windows"", ""Tow hitch""]"
1787786580,Bookstore,OGN-4489,Black,Pickup Truck,"[""Aftermarket exhaust"", ""Custom rims""]"
1787786610,Office Back Alley,EHW-3879,Maroon,Coupe,[]
1787786610,Bookstore,QDH-4925,Red,Van,[]
1787786670,Hospital,VAP-5225,Silver,Hatchback,"[""Cracked windshield"", ""Tinted windows""]"
1787786730,Hospital,RRC-4766,Blue,Coupe,"[""Tinted windows"", ""Tow hitch""]"
1787786730,Office Back Alley,BGW-3337,Silver,Bus,"[""Bumper sticker""]"
1787786730,Bookstore,TML-3408,Red,Motorcycle,"[""Spoiler"", ""Custom rims""]"
1787786790,Hospital,DOP-3475,Silver,SUV,[]
1787787120,Hospital,ROX-9271,Gray,Coupe,"[""Custom rims"", ""Roof rack""]"
1787787150,Office Back Alley,LHA-6933,Gray,Bus,"[""Missing hubcap""]"
1787787570,Office Back Alley,XOW-5609,Gray,Sedan,"[""Sunroof"", ""Roof rack""]"
1787787750,Bookstore,BPU-4332,White,Motorcycle,[]
1787787750,Bookstore,EUA-8367,Gold,Motorcycle,"[""Ladder rack""]"
1787787870,Office Back Alley,KOE-4072,Beige,Pickup Truck,[]
1787788080,Bookstore,IMH-7658,Gray,Hatchback,"[""Tinted windows""]"
1787788170,Office Back Alley,FYR-2853,Gold,SUV,"[""Missing hubcap"", ""Aftermarket exhaust""]"
1787788170,Bookstore,KNM-8888,Gray,Sedan,"[""Ladder rack"", ""Aftermarket exhaust""]"
1787788290,Bookstore,FYR-2853,Gold,SUV,"[""Missing hubcap"", ""Aftermarket exhaust""]"
1787788290,Office Back Alley,VAP-5225,Silver,Hatchback,"[""Cracked windshield"", ""Tinted windows""]"
1787788500,Bookstore,GEZ-2109,Red,Motorcycle,"[""Missing hubcap"", ""Dented rear bumper""]"
1787788650,Hospital,BLF-4771,Gray,Sedan,[]
1787788830,Hospital,FCH-7617,Maroon,Sedan,[]
1787788920,Bookstore,LHA-6933,Gray,Bus,"[""Missing hubcap""]"
1787789220,Bookstore,TBJ-5379,Green,Coupe,"[""Bumper sticker""]"
1787789310,Bookstore,IRY-6538,Gold,Coupe,"[""Sunroof"", ""Custom rims""]"
1787789400,Bookstore,XOW-5609,Gray,Sedan,"[""Sunroof"", ""Roof rack""]"
1787791380,Bookstore,AIT-2702,Blue,Pickup Truck,"[""Dented rear bumper"", ""Tow hitch""]"
1787792490,Bookstore,ZNI-4355,Blue,Coupe,[]
1787792700,Hospital,IRY-6538,Gold,Coupe,"[""Sunroof"", ""Custom rims""]"
1787810880,Hospital,IMH-7658,Gray,Hatchback,"[""Tinted windows""]"
1787811480,Hospital,IRY-6538,Gold,Coupe,"[""Sunroof"", ""Custom rims""]"
1787812020,Hospital,EHW-3879,Maroon,Coupe,[]
1787812080,Office Back Alley,KES-9323,Maroon,Bus,"[""Spoiler"", ""Missing hubcap""]"
1787812080,Hospital,HYS-9092,Gray,Coupe,"[""Roof rack"", ""Dented rear bumper""]"
1787812170,Hospital,EJJ-5605,Red,Bus,"[""Tinted windows"", ""Aftermarket exhaust""]"
1787812470,Office Back Alley,IMH-7658,Gray,Hatchback,"[""Tinted windows""]"
1787812530,Office Back Alley,DOP-3475,Silver,SUV,[]
1787812740,Office Back Alley,DYT-5541,Maroon,Hatchback,[]
1787812770,Office Back Alley,EHW-3879,Maroon,Coupe,[]
1787813250,Office Back Alley,BLF-4771,Gray,Sedan,[]
1787813460,Bookstore,TML-3408,Red,Motorcycle,"[""Spoiler"", ""Custom rims""]"
1787813460,Bookstore,EQL-6876,Green,Bus,"[""Cracked windshield""]"
1787813490,Bookstore,WUB-4659,Black,Pickup Truck,"[""Sunroof""]"
1787813520,Office Back Alley,IMH-7658,Gray,Hatchback,"[""Tinted windows""]"
1787813550,Bookstore,ABS-2643,Gold,Pickup Truck,"[""Tow hitch"", ""Missing hubcap""]"
1787813580,Bookstore,FCH-7617,Maroon,Sedan,[]
1787813670,Bookstore,IRY-6538,Gold,Coupe,"[""Sunroof"", ""Custom rims""]"
1787813700,Bookstore,TQP-8061,Silver,Hatchback,"[""Tinted windows""]"
1787813790,Bookstore,NVS-7383,Gold,Van,"[""Aftermarket exhaust"", ""Ladder rack""]"
1787813850,Bookstore,RTJ-3423,Gold,Sedan,[]
1787813970,Office Back Alley,KES-9323,Maroon,Bus,"[""Spoiler"", ""Missing hubcap""]"
1787814060,Bookstore,ZNI-4355,Blue,Coupe,[]
1787814210,Bookstore,ZGK-3461,Blue,Van,[]
1787814300,Bookstore,VJM-7944,Beige,Sedan,[]
1787814330,Office Back Alley,DYT-5541,Maroon,Hatchback,[]
1787814540,Bookstore,QDH-4925,Red,Van,[]
1787814540,Bookstore,FYR-2853,Gold,SUV,"[""Missing hubcap"", ""Aftermarket exhaust""]"
1787814720,Hospital,LXQ-7888,Black,Van,[]
1787814780,Office Back Alley,AIT-2702,Blue,Pickup Truck,"[""Dented rear bumper"", ""Tow hitch""]"
1787814810,Bookstore,LHA-6933,Gray,Bus,"[""Missing hubcap""]"
1787814810,Bookstore,HQY-7996,Maroon,Motorcycle,[]
1787814870,Bookstore,WNV-7840,Red,Motorcycle,"[""Bumper sticker""]"
1787814900,Office Back Alley,BLF-4771,Gray,Sedan,[]
1787814900,Bookstore,FCH-7617,Maroon,Sedan,[]
1787814930,Office Back Alley,EHW-3879,Maroon,Coupe,[]
1787815110,Bookstore,OGN-4489,Black,Pickup Truck,"[""Aftermarket exhaust"", ""Custom rims""]"
1787815140,Bookstore,EYH-6407,Black,Bus,"[""Custom rims"", ""Tinted windows""]"
1787815140,Hospital,IMH-7658,Gray,Hatchback,"[""Tinted windows""]"
1787815170,Bookstore,UHR-2612,White,Pickup Truck,[]
1787815200,Office Back Alley,KOE-4072,Beige,Pickup Truck,[]
1787815260,Office Back Alley,TML-3408,Red,Motorcycle,"[""Spoiler"", ""Custom rims""]"
1787815260,Bookstore,DOP-3475,Silver,SUV,[]
1787815290,Bookstore,NYF-1596,Silver,Pickup Truck,"[""Bumper sticker""]"
1787815290,Bookstore,XOW-5609,Gray,Sedan,"[""Sunroof"", ""Roof rack""]"
1787815290,Office Back Alley,DOP-3475,Silver,SUV,[]
1787815290,Office Back Alley,BGW-3337,Silver,Bus,"[""Bumper sticker""]"
1787815320,Bookstore,KES-9323,Maroon,Bus,"[""Spoiler"", ""Missing hubcap""]"
1787815350,Office Back Alley,ABS-2643,Gold,Pickup Truck,"[""Tow hitch"", ""Missing hubcap""]"
1787815380,Bookstore,DYT-5541,Maroon,Hatchback,[]
1787815380,Bookstore,RBG-4071,Blue,Bus,"[""Bumper sticker"", ""Ladder rack""]"
1787815500,Bookstore,DYT-5541,Maroon,Hatchback,[]
1787815500,Bookstore,HQY-7996,Maroon,Motorcycle,[]
1787815500,Hospital,ZNI-4355,Blue,Coupe,[]
1787815560,Office Back Alley,MDL-3261,Blue,Motorcycle,[]
1787815590,Office Back Alley,AIT-2702,Blue,Pickup Truck,"[""Dented rear bumper"", ""Tow hitch""]"
1787815590,Office Back Alley,NVS-7383,Gold,Van,"[""Aftermarket exhaust"", ""Ladder rack""]"
1787815650,Office Back Alley,RTJ-3423,Gold,Sedan,[]
1787815680,Bookstore,YJG-1440,Black,Sedan,"[""Tinted windows"", ""Bumper sticker""]"
1787815740,Office Back Alley,BLF-4771,Gray,Sedan,[]
1787815800,Bookstore,BPU-4332,White,Motorcycle,[]
1787815920,Office Back Alley,QLL-8894,Black,Coupe,"[""Spoiler"", ""Bumper sticker""]"
1787815950,Bookstore,VKM-8657,Blue,Sedan,"[""Custom rims""]"
1787816010,Office Back Alley,ZGK-3461,Blue,Van,[]
1787816070,Office Back Alley,BLF-4771,Gray,Sedan,[]
1787816100,Hospital,HQY-7996,Maroon,Motorcycle,[]
1787816100,Bookstore,DYT-5541,Maroon,Hatchback,[]
1787816130,Bookstore,OYU-1228,Maroon,Bus,[]
1787816310,Bookstore,RRT-3341,Red,Sedan,"[""Tinted windows"", ""Dented rear bumper""]"
1787816340,Bookstore,TQP-8061,Silver,Hatchback,"[""Tinted windows""]"
1787816430,Office Back Alley,CZA-9416,Black,Bus,[]
1787816490,Office Back Alley,TML-3408,Red,Motorcycle,"[""Spoiler"", ""Custom rims""]"
1787816520,Bookstore,DYT-5541,Maroon,Hatchback,[]
1787816580,Office Back Alley,KOE-4072,Beige,Pickup Truck,[]
1787816610,Bookstore,BPU-4332,White,Motorcycle,[]
1787816670,Office Back Alley,RTJ-3423,Gold,Sedan,[]
1787816700,Office Back Alley,FCH-7617,Maroon,Sedan,[]
1787816700,Bookstore,EHW-3879,Maroon,Coupe,[]
1787816730,Hospital,VJM-7944,Beige,Sedan,[]
1787816790,Bookstore,LUG-7654,Black,Bus,"[""Bumper sticker""]"
1787816820,Bookstore,TBJ-5379,Green,Coupe,"[""Bumper sticker""]"
1787816880,Bookstore,UHR-2612,White,Pickup Truck,[]
1787816910,Hospital,BGW-3337,Silver,Bus,"[""Bumper sticker""]"
1787816910,Bookstore,YTG-6287,Green,Coupe,"[""Bumper sticker"", ""Tow hitch""]"
1787817000,Office Back Alley,KES-9323,Maroon,Bus,"[""Spoiler"", ""Missing hubcap""]"
1787817060,Bookstore,DOP-3475,Silver,SUV,[]
1787817060,Hospital,RRC-4766,Blue,Coupe,"[""Tinted windows"", ""Tow hitch""]"
1787817060,Office Back Alley,DOP-3475,Silver,SUV,[]
1787817090,Bookstore,HUK-4229,White,Coupe,"[""Tinted windows""]"
1787817120,Bookstore,KNM-8888,Gray,Sedan,"[""Ladder rack"", ""Aftermarket exhaust""]"
1787817180,Office Back Alley,DYT-5541,Maroon,Hatchback,[]
1787817210,Office Back Alley,MDL-3261,Blue,Motorcycle,[]
1787817210,Office Back Alley,AIT-2702,Blue,Pickup Truck,"[""Dented rear bumper"", ""Tow hitch""]"
1787817240,Office Back Alley,CZA-9416,Black,Bus,[]
1787817270,Bookstore,OGN-4489,Black,Pickup Truck,"[""Aftermarket exhaust"", ""Custom rims""]"
1787817270,Bookstore,VDV-4194,White,Coupe,[]
1787817300,Bookstore,HQY-7996,Maroon,Motorcycle,[]
1787817330,Bookstore,EVV-3567,Blue,SUV,"[""Aftermarket exhaust""]"
1787817330,Bookstore,EUA-8367,Gold,Motorcycle,"[""Ladder rack""]"
1787817450,Bookstore,OYU-1228,Maroon,Bus,[]
1787817480,Office Back Alley,YJG-1440,Black,Sedan,"[""Tinted windows"", ""Bumper sticker""]"
1787817480,Bookstore,VAP-5225,Silver,Hatchback,"[""Cracked windshield"", ""Tinted windows""]"
1787817510,Bookstore,BLF-4771,Gray,Sedan,[]
1787817540,Hospital,QLL-8894,Black,Coupe,"[""Spoiler"", ""Bumper sticker""]"
1787817630,Hospital,RQA-7745,Red,Motorcycle,"[""Sunroof""]"
1787817630,Hospital,OYU-1228,Maroon,Bus,[]
1787817630,Office Back Alley,ABS-2643,Gold,Pickup Truck,"[""Tow hitch"", ""Missing hubcap""]"
1787817720,Office Back Alley,HQY-7996,Maroon,Motorcycle,[]
1787817750,Bookstore,HYS-9092,Gray,Coupe,"[""Roof rack"", ""Dented rear bumper""]"
1787817780,Office Back Alley,TML-3408,Red,Motorcycle,"[""Spoiler"", ""Custom rims""]"
1787817840,Bookstore,BLF-4771,Gray,Sedan,[]
1787817870,Hospital,AIT-2702,Blue,Pickup Truck,"[""Dented rear bumper"", ""Tow hitch""]"
1787817870,Hospital,EQL-6876,Green,Bus,"[""Cracked windshield""]"
1787817930,Bookstore,IRY-6538,Gold,Coupe,"[""Sunroof"", ""Custom rims""]"
1787817960,Bookstore,NUN-3923,Silver,Motorcycle,"[""Roof rack"", ""Sunroof""]"
1787817990,Bookstore,BPU-4332,White,Motorcycle,[]
1787818020,Office Back Alley,ZGK-3461,Blue,Van,[]
1787818050,Office Back Alley,VJM-7944,Beige,Sedan,[]
1787818080,Office Back Alley,NVS-7383,Gold,Van,"[""Aftermarket exhaust"", ""Ladder rack""]"
1787818110,Office Back Alley,RRT-3341,Red,Sedan,"[""Tinted windows"", ""Dented rear bumper""]"
1787818350,Office Back Alley,VJM-7944,Beige,Sedan,[]
1787818380,Office Back Alley,QDH-4925,Red,Van,[]
1787818380,Office Back Alley,DOP-3475,Silver,SUV,[]
1787818380,Bookstore,ZNI-4355,Blue,Coupe,[]
1787818380,Bookstore,WUB-4659,Black,Pickup Truck,"[""Sunroof""]"
1787818440,Bookstore,RTJ-3423,Gold,Sedan,[]
1787818440,Office Back Alley,DOP-3475,Silver,SUV,[]
1787818440,Office Back Alley,YJG-1440,Black,Sedan,"[""Tinted windows"", ""Bumper sticker""]"
1787818470,Bookstore,LUG-7654,Black,Bus,"[""Bumper sticker""]"
1787818500,Hospital,IUT-7188,Gray,Bus,"[""Sunroof""]"
1787818500,Hospital,EWE-8741,Blue,Bus,"[""Custom rims""]"
1787818530,Bookstore,KNM-8888,Gray,Sedan,"[""Ladder rack"", ""Aftermarket exhaust""]"
1787818560,Office Back Alley,QDH-4925,Red,Van,[]
1787818560,Office Back Alley,RRC-4766,Blue,Coupe,"[""Tinted windows"", ""Tow hitch""]"
1787818590,Bookstore,NYF-1596,Silver,Pickup Truck,"[""Bumper sticker""]"
1787818620,Hospital,KES-9323,Maroon,Bus,"[""Spoiler"", ""Missing hubcap""]"
1787818710,Office Back Alley,YTG-6287,Green,Coupe,"[""Bumper sticker"", ""Tow hitch""]"
1787818770,Office Back Alley,NYF-1596,Silver,Pickup Truck,"[""Bumper sticker""]"
1787818770,Bookstore,LHA-6933,Gray,Bus,"[""Missing hubcap""]"
1787818830,Hospital,AIT-2702,Blue,Pickup Truck,"[""Dented rear bumper"", ""Tow hitch""]"
1787818860,Office Back Alley,FCH-7617,Maroon,Sedan,[]
1787818860,Office Back Alley,RRC-4766,Blue,Coupe,"[""Tinted windows"", ""Tow hitch""]"
1787818890,Hospital,IMH-7658,Gray,Hatchback,"[""Tinted windows""]"
1787818920,Office Back Alley,IRY-6538,Gold,Coupe,"[""Sunroof"", ""Custom rims""]"
1787818920,Bookstore,FCH-7617,Maroon,Sedan,[]
1787818980,Bookstore,MDL-3261,Blue,Motorcycle,[]
1787819010,Bookstore,VQJ-3851,Beige,Hatchback,[]
1787819040,Office Back Alley,BLF-4771,Gray,Sedan,[]
1787819070,Bookstore,CZA-9416,Black,Bus,[]
1787819070,Office Back Alley,KOE-4072,Beige,Pickup Truck,[]
1787819100,Bookstore,RRC-4766,Blue,Coupe,"[""Tinted windows"", ""Tow hitch""]"
1787819160,Bookstore,DYT-5541,Maroon,Hatchback,[]
1787819160,Bookstore,QDH-4925,Red,Van,[]
1787819220,Office Back Alley,OYU-1228,Maroon,Bus,[]
1787819250,Office Back Alley,RQA-7745,Red,Motorcycle,"[""Sunroof""]"
1787819250,Office Back Alley,OYU-1228,Maroon,Bus,[]
1787819250,Hospital,ABS-2643,Gold,Pickup Truck,"[""Tow hitch"", ""Missing hubcap""]"
1787819250,Bookstore,TQP-8061,Silver,Hatchback,"[""Tinted windows""]"
1787819250,Bookstore,BPU-4332,White,Motorcycle,[]
1787819280,Bookstore,QLL-8894,Black,Coupe,"[""Spoiler"", ""Bumper sticker""]"
1787819310,Bookstore,DYT-5541,Maroon,Hatchback,[]
1787819370,Office Back Alley,BPU-4332,White,Motorcycle,[]
1787819430,Bookstore,XOW-5609,Gray,Sedan,"[""Sunroof"", ""Roof rack""]"
1787819430,Office Back Alley,KES-9323,Maroon,Bus,"[""Spoiler"", ""Missing hubcap""]"
1787819430,Office Back Alley,BTZ-5167,Silver,Coupe,[]
1787819460,Office Back Alley,ZIG-1175,Black,Bus,[]
1787819520,Office Back Alley,HYS-9092,Gray,Coupe,"[""Roof rack"", ""Dented rear bumper""]"
1787819550,Office Back Alley,RBG-4071,Blue,Bus,"[""Bumper sticker"", ""Ladder rack""]"
1787819550,Bookstore,BLF-4771,Gray,Sedan,[]
1787819550,Bookstore,TML-3408,Red,Motorcycle,"[""Spoiler"", ""Custom rims""]"
1787819580,Bookstore,RRC-4766,Blue,Coupe,"[""Tinted windows"", ""Tow hitch""]"
1787819670,Bookstore,UJS-4783,Red,Bus,"[""Spoiler""]"
1787819730,Office Back Alley,BPU-4332,White,Motorcycle,[]
1787819730,Bookstore,HQY-7996,Maroon,Motorcycle,[]
1787819790,Office Back Alley,DYT-5541,Maroon,Hatchback,[]
1787819820,Office Back Alley,HQY-7996,Maroon,Motorcycle,[]
1787819880,Bookstore,EQL-6876,Green,Bus,"[""Cracked windshield""]"
1787819910,Office Back Alley,RRT-3341,Red,Sedan,"[""Tinted windows"", ""Dented rear bumper""]"
1787819940,Hospital,ZNI-4355,Blue,Coupe,[]
1787819940,Bookstore,NUN-3923,Silver,Motorcycle,"[""Roof rack"", ""Sunroof""]"
1787819940,Bookstore,TQP-8061,Silver,Hatchback,"[""Tinted windows""]"
1787819940,Office Back Alley,DOP-3475,Silver,SUV,[]
1787820000,Bookstore,FYR-2853,Gold,SUV,"[""Missing hubcap"", ""Aftermarket exhaust""]"
1787820000,Bookstore,GEZ-2109,Red,Motorcycle,"[""Missing hubcap"", ""Dented rear bumper""]"
1787820030,Bookstore,EVV-3567,Blue,SUV,"[""Aftermarket exhaust""]"
1787820030,Office Back Alley,YTG-6287,Green,Coupe,"[""Bumper sticker"", ""Tow hitch""]"
1787820090,Hospital,YJG-1440,Black,Sedan,"[""Tinted windows"", ""Bumper sticker""]"
1787820090,Bookstore,BLF-4771,Gray,Sedan,[]
1787820120,Office Back Alley,IUT-7188,Gray,Bus,"[""Sunroof""]"
1787820120,Bookstore,RTJ-3423,Gold,Sedan,[]
1787820150,Hospital,OGN-4489,Black,Pickup Truck,"[""Aftermarket exhaust"", ""Custom rims""]"
1787820150,Bookstore,VQJ-3851,Beige,Hatchback,[]
1787820150,Office Back Alley,NYF-1596,Silver,Pickup Truck,"[""Bumper sticker""]"
1787820180,Hospital,CIU-8112,Maroon,Bus,"[""Dented rear bumper"", ""Tow hitch""]"
1787820180,Bookstore,EHW-3879,Maroon,Coupe,[]
1787820210,Office Back Alley,LUG-7654,Black,Bus,"[""Bumper sticker""]"
1787820240,Bookstore,VKM-8657,Blue,Sedan,"[""Custom rims""]"
1787820270,Bookstore,UHR-2612,White,Pickup Truck,[]
1787820270,Office Back Alley,VJM-7944,Beige,Sedan,[]
1787820270,Office Back Alley,KNM-8888,Gray,Sedan,"[""Ladder rack"", ""Aftermarket exhaust""]"
1787820360,Office Back Alley,VJM-7944,Beige,Sedan,[]
1787820360,Office Back Alley,ROX-9271,Gray,Coupe,"[""Custom rims"", ""Roof rack""]"
1787820360,Bookstore,WNV-7840,Red,Motorcycle,"[""Bumper sticker""]"
1787820390,Hospital,FCH-7617,Maroon,Sedan,[]
1787820390,Office Back Alley,QDH-4925,Red,Van,[]
1787820420,Hospital,FHL-3560,Silver,Van,[]
1787820480,Office Back Alley,RRC-4766,Blue,Coupe,"[""Tinted windows"", ""Tow hitch""]"
1787820510,Hospital,FYR-2853,Gold,SUV,"[""Missing hubcap"", ""Aftermarket exhaust""]"
1787820510,Office Back Alley,OGN-4489,Black,Pickup Truck,"[""Aftermarket exhaust"", ""Custom rims""]"
1787820510,Office Back Alley,IMH-7658,Gray,Hatchback,"[""Tinted windows""]"
1787820540,Office Back Alley,OYU-1228,Maroon,Bus,[]
1787820600,Office Back Alley,RRC-4766,Blue,Coupe,"[""Tinted windows"", ""Tow hitch""]"
1787820630,Bookstore,CZA-9416,Black,Bus,[]
1787820660,Hospital,NKO-5227,Gray,Motorcycle,"[""Roof rack""]"
1787820660,Office Back Alley,BTZ-5167,Silver,Coupe,[]
1787820690,Office Back Alley,FCH-7617,Maroon,Sedan,[]
1787820780,Office Back Alley,RQA-7745,Red,Motorcycle,"[""Sunroof""]"
1787820780,Hospital,BPU-4332,White,Motorcycle,[]
1787820810,Office Back Alley,QDH-4925,Red,Van,[]
1787820870,Bookstore,OGN-4489,Black,Pickup Truck,"[""Aftermarket exhaust"", ""Custom rims""]"
1787820870,Office Back Alley,ZIG-1175,Black,Bus,[]
1787820990,Hospital,BPU-4332,White,Motorcycle,[]
1787820990,Office Back Alley,IRY-6538,Gold,Coupe,"[""Sunroof"", ""Custom rims""]"
1787821050,Hospital,KES-9323,Maroon,Bus,"[""Spoiler"", ""Missing hubcap""]"
1787821170,Bookstore,GEZ-2109,Red,Motorcycle,"[""Missing hubcap"", ""Dented rear bumper""]"
1787821170,Office Back Alley,BLF-4771,Gray,Sedan,[]
1787821200,Bookstore,DOP-3475,Silver,SUV,[]
1787821410,Hospital,DYT-5541,Maroon,Hatchback,[]
1787821440,Office Back Alley,HYS-9092,Gray,Coupe,"[""Roof rack"", ""Dented rear bumper""]"
1787821470,Office Back Alley,OYU-1228,Maroon,Bus,[]
1787821590,Hospital,IRY-6538,Gold,Coupe,"[""Sunroof"", ""Custom rims""]"
1787821620,Bookstore,EUA-8367,Gold,Motorcycle,"[""Ladder rack""]"
1787821680,Office Back Alley,IMH-7658,Gray,Hatchback,"[""Tinted windows""]"
1787821680,Office Back Alley,EQL-6876,Green,Bus,"[""Cracked windshield""]"
1787821770,Office Back Alley,EVV-3567,Blue,SUV,"[""Aftermarket exhaust""]"
1787821800,Bookstore,YTG-6287,Green,Coupe,"[""Bumper sticker"", ""Tow hitch""]"
1787821920,Office Back Alley,IUT-7188,Gray,Bus,"[""Sunroof""]"
1787822040,Office Back Alley,UHR-2612,White,Pickup Truck,[]
1787822130,Bookstore,ZYZ-1012,Beige,Motorcycle,"[""Spoiler""]"
1787822130,Office Back Alley,WNV-7840,Red,Motorcycle,"[""Bumper sticker""]"
1787822280,Hospital,BGW-3337,Silver,Bus,"[""Bumper sticker""]"
1787822280,Hospital,CZA-9416,Black,Bus,[]
1787822310,Office Back Alley,RRC-4766,Blue,Coupe,"[""Tinted windows"", ""Tow hitch""]"
1787822370,Bookstore,ZFD-3277,Green,Hatchback,"[""Bumper sticker"", ""Missing hubcap""]"
1787822640,Office Back Alley,OGN-4489,Black,Pickup Truck,"[""Aftermarket exhaust"", ""Custom rims""]"
1787822640,Bookstore,NYF-1596,Silver,Pickup Truck,"[""Bumper sticker""]"
1787822820,Hospital,QLL-8894,Black,Coupe,"[""Spoiler"", ""Bumper sticker""]"
1787822880,Hospital,EHW-3879,Maroon,Coupe,[]
1787822910,Office Back Alley,GEZ-2109,Red,Motorcycle,"[""Missing hubcap"", ""Dented rear bumper""]"
1787822940,Hospital,HQY-7996,Maroon,Motorcycle,[]
1787822940,Office Back Alley,AIT-2702,Blue,Pickup Truck,"[""Dented rear bumper"", ""Tow hitch""]"
1787823000,Office Back Alley,FCH-7617,Maroon,Sedan,[]
1787823120,Hospital,EQL-6876,Green,Bus,"[""Cracked windshield""]"
1787823210,Bookstore,HYS-9092,Gray,Coupe,"[""Roof rack"", ""Dented rear bumper""]"
1787823240,Bookstore,RRC-4766,Blue,Coupe,"[""Tinted windows"", ""Tow hitch""]"
1787823240,Bookstore,QLL-8894,Black,Coupe,"[""Spoiler"", ""Bumper sticker""]"
1787823240,Office Back Alley,EQL-6876,Green,Bus,"[""Cracked windshield""]"
1787823420,Hospital,EVV-3567,Blue,SUV,"[""Aftermarket exhaust""]"
1787823420,Office Back Alley,EWE-8741,Blue,Bus,"[""Custom rims""]"
1787823450,Bookstore,IMH-7658,Gray,Hatchback,"[""Tinted windows""]"
1787823480,Hospital,KES-9323,Maroon,Bus,"[""Spoiler"", ""Missing hubcap""]"
1787823720,Hospital,ABS-2643,Gold,Pickup Truck,"[""Tow hitch"", ""Missing hubcap""]"
1787823930,Hospital,RRC-4766,Blue,Coupe,"[""Tinted windows"", ""Tow hitch""]"
1787824050,Bookstore,LHA-6933,Gray,Bus,"[""Missing hubcap""]"
1787824170,Hospital,ZNI-4355,Blue,Coupe,[]
1787824230,Bookstore,RRC-4766,Blue,Coupe,"[""Tinted windows"", ""Tow hitch""]"
1787824260,Hospital,WUB-4659,Black,Pickup Truck,"[""Sunroof""]"
1787824290,Hospital,ZNI-4355,Blue,Coupe,[]
1787824380,Hospital,OGN-4489,Black,Pickup Truck,"[""Aftermarket exhaust"", ""Custom rims""]"
1787824440,Office Back Alley,QLL-8894,Black,Coupe,"[""Spoiler"", ""Bumper sticker""]"
1787824500,Hospital,IRY-6538,Gold,Coupe,"[""Sunroof"", ""Custom rims""]"
1787824560,Hospital,AIT-2702,Blue,Pickup Truck,"[""Dented rear bumper"", ""Tow hitch""]"
1787824620,Hospital,FCH-7617,Maroon,Sedan,[]
1787824770,Bookstore,FCH-7617,Maroon,Sedan,[]
1787824890,Hospital,EQL-6876,Green,Bus,"[""Cracked windshield""]"
1787825010,Office Back Alley,QLL-8894,Black,Coupe,"[""Spoiler"", ""Bumper sticker""]"
1787825040,Hospital,EWE-8741,Blue,Bus,"[""Custom rims""]"
1787825100,Office Back Alley,KES-9323,Maroon,Bus,"[""Spoiler"", ""Missing hubcap""]"
1787825160,Bookstore,EHW-3879,Maroon,Coupe,[]
1787825280,Bookstore,TQP-8061,Silver,Hatchback,"[""Tinted windows""]"
1787825460,Hospital,CIU-8112,Maroon,Bus,"[""Dented rear bumper"", ""Tow hitch""]"
1787825820,Office Back Alley,LHA-6933,Gray,Bus,"[""Missing hubcap""]"
1787825820,Hospital,FYR-2853,Gold,SUV,"[""Missing hubcap"", ""Aftermarket exhaust""]"
1787826000,Office Back Alley,OGN-4489,Black,Pickup Truck,"[""Aftermarket exhaust"", ""Custom rims""]"
1787826000,Office Back Alley,RRC-4766,Blue,Coupe,"[""Tinted windows"", ""Tow hitch""]"
1787826240,Office Back Alley,FCH-7617,Maroon,Sedan,[]
1787826330,Hospital,NKO-5227,Gray,Motorcycle,"[""Roof rack""]"
1787826780,Bookstore,VDV-4194,White,Coupe,[]
1787827050,Office Back Alley,TQP-8061,Silver,Hatchback,"[""Tinted windows""]"
1787827440,Hospital,LHA-6933,Gray,Bus,"[""Missing hubcap""]"
1787827590,Bookstore,BPU-4332,White,Motorcycle,[]
1787827860,Bookstore,UJS-4783,Red,Bus,"[""Spoiler""]"
1787828550,Hospital,EHW-3879,Maroon,Coupe,[]
1787828580,Office Back Alley,VDV-4194,White,Coupe,[]
1787829390,Office Back Alley,BPU-4332,White,Motorcycle,[]
1787829660,Office Back Alley,UJS-4783,Red,Bus,"[""Spoiler""]"
1787850330,Office Back Alley,IUT-7188,Gray,Bus,"[""Sunroof""]"
1787850510,Hospital,IRY-6538,Gold,Coupe,"[""Sunroof"", ""Custom rims""]"
1787850720,Hospital,IRY-6538,Gold,Coupe,"[""Sunroof"", ""Custom rims""]"
1787850810,Office Back Alley,VQJ-3851,Beige,Hatchback,[]
1787850810,Office Back Alley,DOP-3475,Silver,SUV,[]
1787850960,Office Back Alley,KES-9323,Maroon,Bus,"[""Spoiler"", ""Missing hubcap""]"
1787850990,Office Back Alley,WNV-7840,Red,Motorcycle,"[""Bumper sticker""]"
1787851140,Hospital,ZNI-4355,Blue,Coupe,[]
1787851320,Hospital,LHA-6933,Gray,Bus,"[""Missing hubcap""]"
1787851380,Hospital,EVV-3567,Blue,SUV,"[""Aftermarket exhaust""]"
1787851380,Hospital,YJG-1440,Black,Sedan,"[""Tinted windows"", ""Bumper sticker""]"
1787851380,Hospital,BPU-4332,White,Motorcycle,[]
1787851380,Hospital,FHL-3560,Silver,Van,[]
1787851410,Bookstore,IMH-7658,Gray,Hatchback,"[""Tinted windows""]"
1787851470,Bookstore,IMH-7658,Gray,Hatchback,"[""Tinted windows""]"
1787851500,Bookstore,YTG-6287,Green,Coupe,"[""Bumper sticker"", ""Tow hitch""]"
1787851560,Hospital,DYT-5541,Maroon,Hatchback,[]
1787851590,Bookstore,ZNI-4355,Blue,Coupe,[]
1787851680,Hospital,BPU-4332,White,Motorcycle,[]
1787851680,Office Back Alley,BLF-4771,Gray,Sedan,[]
1787851680,Office Back Alley,OYU-1228,Maroon,Bus,[]
1787851680,Office Back Alley,DYT-5541,Maroon,Hatchback,[]
1787851710,Office Back Alley,OGN-4489,Black,Pickup Truck,"[""Aftermarket exhaust"", ""Custom rims""]"
1787851770,Hospital,EHW-3879,Maroon,Coupe,[]
1787851800,Office Back Alley,KES-9323,Maroon,Bus,"[""Spoiler"", ""Missing hubcap""]"
1787851830,Bookstore,HYS-9092,Gray,Coupe,"[""Roof rack"", ""Dented rear bumper""]"
1787851830,Office Back Alley,CIU-8112,Maroon,Bus,"[""Dented rear bumper"", ""Tow hitch""]"
1787851830,Office Back Alley,UHR-2612,White,Pickup Truck,[]
1787851890,Office Back Alley,VQJ-3851,Beige,Hatchback,[]
1787851920,Office Back Alley,RRT-3341,Red,Sedan,"[""Tinted windows"", ""Dented rear bumper""]"
1787851980,Office Back Alley,KNM-8888,Gray,Sedan,"[""Ladder rack"", ""Aftermarket exhaust""]"
1787851980,Hospital,IUT-7188,Gray,Bus,"[""Sunroof""]"
1787851980,Bookstore,NKO-5227,Gray,Motorcycle,"[""Roof rack""]"
1787852040,Hospital,HQY-7996,Maroon,Motorcycle,[]
1787852040,Office Back Alley,RBG-4071,Blue,Bus,"[""Bumper sticker"", ""Ladder rack""]"
1787852160,Office Back Alley,ZFD-3277,Green,Hatchback,"[""Bumper sticker"", ""Missing hubcap""]"
1787852160,Office Back Alley,VDV-4194,White,Coupe,[]
1787852160,Hospital,EWE-8741,Blue,Bus,"[""Custom rims""]"
1787852190,Hospital,KES-9323,Maroon,Bus,"[""Spoiler"", ""Missing hubcap""]"
1787852190,Bookstore,TQP-8061,Silver,Hatchback,"[""Tinted windows""]"
1787852220,Hospital,AIT-2702,Blue,Pickup Truck,"[""Dented rear bumper"", ""Tow hitch""]"
1787852220,Hospital,EQL-6876,Green,Bus,"[""Cracked windshield""]"
1787852220,Office Back Alley,CZA-9416,Black,Bus,[]
1787852220,Office Back Alley,RRC-4766,Blue,Coupe,"[""Tinted windows"", ""Tow hitch""]"
1787852250,Office Back Alley,HQY-7996,Maroon,Motorcycle,[]
1787852250,Office Back Alley,BPU-4332,White,Motorcycle,[]
1787852280,Bookstore,BGW-3337,Silver,Bus,"[""Bumper sticker""]"
1787852280,Office Back Alley,RRC-4766,Blue,Coupe,"[""Tinted windows"", ""Tow hitch""]"
1787852310,Office Back Alley,IRY-6538,Gold,Coupe,"[""Sunroof"", ""Custom rims""]"
1787852400,Office Back Alley,ROX-9271,Gray,Coupe,"[""Custom rims"", ""Roof rack""]"
1787852400,Office Back Alley,NYF-1596,Silver,Pickup Truck,"[""Bumper sticker""]"
1787852400,Hospital,RRC-4766,Blue,Coupe,"[""Tinted windows"", ""Tow hitch""]"
1787852400,Bookstore,IMH-7658,Gray,Hatchback,"[""Tinted windows""]"
1787852430,Office Back Alley,OGN-4489,Black,Pickup Truck,"[""Aftermarket exhaust"", ""Custom rims""]"
1787852460,Office Back Alley,BLF-4771,Gray,Sedan,[]
1787852460,Bookstore,QDH-4925,Red,Van,[]
1787852490,Hospital,VAP-5225,Silver,Hatchback,"[""Cracked windshield"", ""Tinted windows""]"
1787852490,Office Back Alley,OYU-1228,Maroon,Bus,[]
1787852490,Office Back Alley,QDH-4925,Red,Van,[]
1787852490,Office Back Alley,TQP-8061,Silver,Hatchback,"[""Tinted windows""]"
1787852520,Office Back Alley,LUG-7654,Black,Bus,"[""Bumper sticker""]"
1787852550,Office Back Alley,FCH-7617,Maroon,Sedan,[]
1787852580,Office Back Alley,OYU-1228,Maroon,Bus,[]
1787852580,Hospital,EHW-3879,Maroon,Coupe,[]
1787852580,Hospital,FYR-2853,Gold,SUV,"[""Missing hubcap"", ""Aftermarket exhaust""]"
1787852610,Office Back Alley,DOP-3475,Silver,SUV,[]
1787852610,Office Back Alley,UJS-4783,Red,Bus,"[""Spoiler""]"
1787852640,Office Back Alley,QLL-8894,Black,Coupe,"[""Spoiler"", ""Bumper sticker""]"
1787852640,Office Back Alley,BPU-4332,White,Motorcycle,[]
1787852730,Bookstore,RRC-4766,Blue,Coupe,"[""Tinted windows"", ""Tow hitch""]"
1787852730,Office Back Alley,CIU-8112,Maroon,Bus,"[""Dented rear bumper"", ""Tow hitch""]"
1787852730,Office Back Alley,KOE-4072,Beige,Pickup Truck,[]
1787852730,Office Back Alley,RRC-4766,Blue,Coupe,"[""Tinted windows"", ""Tow hitch""]"
1787852760,Bookstore,WNV-7840,Red,Motorcycle,"[""Bumper sticker""]"
1787852760,Office Back Alley,ZNI-4355,Blue,Coupe,[]
1787852820,Office Back Alley,OGN-4489,Black,Pickup Truck,"[""Aftermarket exhaust"", ""Custom rims""]"
1787852940,Office Back Alley,OYU-1228,Maroon,Bus,[]
1787852940,Office Back Alley,GEZ-2109,Red,Motorcycle,"[""Missing hubcap"", ""Dented rear bumper""]"
1787852940,Office Back Alley,EVV-3567,Blue,SUV,"[""Aftermarket exhaust""]"
1787852940,Office Back Alley,YJG-1440,Black,Sedan,"[""Tinted windows"", ""Bumper sticker""]"
1787852970,Office Back Alley,RBG-4071,Blue,Bus,"[""Bumper sticker"", ""Ladder rack""]"
1787853000,Hospital,HUK-4229,White,Coupe,"[""Tinted windows""]"
1787853060,Office Back Alley,ZIG-1175,Black,Bus,[]
1787853150,Office Back Alley,UHR-2612,White,Pickup Truck,[]
1787853180,Office Back Alley,IMH-7658,Gray,Hatchback,"[""Tinted windows""]"
1787853270,Office Back Alley,QLL-8894,Black,Coupe,"[""Spoiler"", ""Bumper sticker""]"
1787853270,Office Back Alley,YTG-6287,Green,Coupe,"[""Bumper sticker"", ""Tow hitch""]"
1787853300,Hospital,DYT-5541,Maroon,Hatchback,[]
1787853330,Hospital,OGN-4489,Black,Pickup Truck,"[""Aftermarket exhaust"", ""Custom rims""]"
1787853330,Office Back Alley,KNM-8888,Gray,Sedan,"[""Ladder rack"", ""Aftermarket exhaust""]"
1787853390,Office Back Alley,EHW-3879,Maroon,Coupe,[]
1787853420,Bookstore,TQP-8061,Silver,Hatchback,"[""Tinted windows""]"
1787853420,Hospital,KES-9323,Maroon,Bus,"[""Spoiler"", ""Missing hubcap""]"
1787853420,Office Back Alley,BLF-4771,Gray,Sedan,[]
1787853420,Office Back Alley,CZA-9416,Black,Bus,[]
1787853510,Hospital,VQJ-3851,Beige,Hatchback,[]
1787853540,Bookstore,TBJ-5379,Green,Coupe,"[""Bumper sticker""]"
1787853540,Hospital,RRT-3341,Red,Sedan,"[""Tinted windows"", ""Dented rear bumper""]"
1787853600,Office Back Alley,HYS-9092,Gray,Coupe,"[""Roof rack"", ""Dented rear bumper""]"
1787853600,Office Back Alley,HQY-7996,Maroon,Motorcycle,[]
1787853630,Hospital,BTZ-5167,Silver,Coupe,[]
1787853630,Office Back Alley,NYF-1596,Silver,Pickup Truck,"[""Bumper sticker""]"
1787853780,Bookstore,HQY-7996,Maroon,Motorcycle,[]
1787853810,Hospital,RRC-4766,Blue,Coupe,"[""Tinted windows"", ""Tow hitch""]"
1787853870,Hospital,RRC-4766,Blue,Coupe,"[""Tinted windows"", ""Tow hitch""]"
1787853900,Bookstore,VDV-4194,White,Coupe,[]
1787853900,Hospital,IRY-6538,Gold,Coupe,"[""Sunroof"", ""Custom rims""]"
1787853960,Office Back Alley,RRC-4766,Blue,Coupe,"[""Tinted windows"", ""Tow hitch""]"
1787853990,Bookstore,BPU-4332,White,Motorcycle,[]
1787853990,Hospital,ROX-9271,Gray,Coupe,"[""Custom rims"", ""Roof rack""]"
1787854020,Bookstore,DOP-3475,Silver,SUV,[]
1787854110,Office Back Alley,VAP-5225,Silver,Hatchback,"[""Cracked windshield"", ""Tinted windows""]"
1787854110,Hospital,LUG-7654,Black,Bus,"[""Bumper sticker""]"
1787854140,Hospital,NUN-3923,Silver,Motorcycle,"[""Roof rack"", ""Sunroof""]"
1787854140,Hospital,FCH-7617,Maroon,Sedan,[]
1787854140,Office Back Alley,OGN-4489,Black,Pickup Truck,"[""Aftermarket exhaust"", ""Custom rims""]"
1787854200,Hospital,UJS-4783,Red,Bus,"[""Spoiler""]"
1787854230,Hospital,BPU-4332,White,Motorcycle,[]
1787854290,Bookstore,RQA-7745,Red,Motorcycle,"[""Sunroof""]"
1787854290,Office Back Alley,HQY-7996,Maroon,Motorcycle,[]
1787854350,Hospital,CIU-8112,Maroon,Bus,"[""Dented rear bumper"", ""Tow hitch""]"
1787854380,Bookstore,QLL-8894,Black,Coupe,"[""Spoiler"", ""Bumper sticker""]"
1787854410,Office Back Alley,YJG-1440,Black,Sedan,"[""Tinted windows"", ""Bumper sticker""]"
1787854470,Bookstore,KOE-4072,Beige,Pickup Truck,[]
1787854470,Bookstore,RRC-4766,Blue,Coupe,"[""Tinted windows"", ""Tow hitch""]"
1787854560,Office Back Alley,HYS-9092,Gray,Coupe,"[""Roof rack"", ""Dented rear bumper""]"
1787854560,Office Back Alley,ZNI-4355,Blue,Coupe,[]
1787854620,Office Back Alley,HUK-4229,White,Coupe,"[""Tinted windows""]"
1787854650,Bookstore,EYH-6407,Black,Bus,"[""Custom rims"", ""Tinted windows""]"
1787854680,Office Back Alley,ZFD-3277,Green,Hatchback,"[""Bumper sticker"", ""Missing hubcap""]"
1787854710,Bookstore,OYU-1228,Maroon,Bus,[]
1787854710,Office Back Alley,OGN-4489,Black,Pickup Truck,"[""Aftermarket exhaust"", ""Custom rims""]"
1787854740,Bookstore,RBG-4071,Blue,Bus,"[""Bumper sticker"", ""Ladder rack""]"
1787854770,Hospital,UHR-2612,White,Pickup Truck,[]
1787854770,Office Back Alley,DOP-3475,Silver,SUV,[]
1787854770,Office Back Alley,OYU-1228,Maroon,Bus,[]
1787854800,Bookstore,MDL-3261,Blue,Motorcycle,[]
1787854800,Bookstore,ZIG-1175,Black,Bus,[]
1787854830,Office Back Alley,EVV-3567,Blue,SUV,"[""Aftermarket exhaust""]"
1787854860,Office Back Alley,GEZ-2109,Red,Motorcycle,"[""Missing hubcap"", ""Dented rear bumper""]"
1787854860,Office Back Alley,NVS-7383,Gold,Van,"[""Aftermarket exhaust"", ""Ladder rack""]"
1787854890,Office Back Alley,OYU-1228,Maroon,Bus,[]
1787854890,Bookstore,DYT-5541,Maroon,Hatchback,[]
1787854920,Office Back Alley,QDH-4925,Red,Van,[]
1787854950,Office Back Alley,VJM-7944,Beige,Sedan,[]
1787854980,Office Back Alley,EUA-8367,Gold,Motorcycle,"[""Ladder rack""]"
1787855010,Bookstore,QLL-8894,Black,Coupe,"[""Spoiler"", ""Bumper sticker""]"
1787855040,Office Back Alley,BLF-4771,Gray,Sedan,[]
1787855070,Hospital,CZA-9416,Black,Bus,[]
1787855100,Office Back Alley,YTG-6287,Green,Coupe,"[""Bumper sticker"", ""Tow hitch""]"
1787855100,Office Back Alley,KNM-8888,Gray,Sedan,"[""Ladder rack"", ""Aftermarket exhaust""]"
1787855280,Hospital,NYF-1596,Silver,Pickup Truck,"[""Bumper sticker""]"
1787855310,Hospital,TXI-5471,White,Pickup Truck,[]
1787855460,Bookstore,FCH-7617,Maroon,Sedan,[]
1787855460,Bookstore,BLF-4771,Gray,Sedan,[]
1787855490,Office Back Alley,EHW-3879,Maroon,Coupe,[]
1787855520,Bookstore,RTJ-3423,Gold,Sedan,[]
1787855550,Bookstore,AIT-2702,Blue,Pickup Truck,"[""Dented rear bumper"", ""Tow hitch""]"
1787855550,Bookstore,EQL-6876,Green,Bus,"[""Cracked windshield""]"
1787855640,Bookstore,TQP-8061,Silver,Hatchback,"[""Tinted windows""]"
1787855640,Bookstore,CZA-9416,Black,Bus,[]
1787855670,Office Back Alley,IMH-7658,Gray,Hatchback,"[""Tinted windows""]"
1787855670,Office Back Alley,RRC-4766,Blue,Coupe,"[""Tinted windows"", ""Tow hitch""]"
1787855670,Office Back Alley,LXQ-7888,Black,Van,[]
1787855760,Hospital,OGN-4489,Black,Pickup Truck,"[""Aftermarket exhaust"", ""Custom rims""]"
1787855760,Hospital,TML-3408,Red,Motorcycle,"[""Spoiler"", ""Custom rims""]"
1787855760,Office Back Alley,HUK-4229,White,Coupe,"[""Tinted windows""]"
1787855820,Office Back Alley,VKM-8657,Blue,Sedan,"[""Custom rims""]"
1787855820,Bookstore,TBJ-5379,Green,Coupe,"[""Bumper sticker""]"
1787855820,Bookstore,FYR-2853,Gold,SUV,"[""Missing hubcap"", ""Aftermarket exhaust""]"
1787855820,Bookstore,QDH-4925,Red,Van,[]
1787855850,Bookstore,IRY-6538,Gold,Coupe,"[""Sunroof"", ""Custom rims""]"
1787855850,Office Back Alley,HYS-9092,Gray,Coupe,"[""Roof rack"", ""Dented rear bumper""]"
1787855910,Hospital,HQY-7996,Maroon,Motorcycle,[]
1787855970,Bookstore,ABS-2643,Gold,Pickup Truck,"[""Tow hitch"", ""Missing hubcap""]"
1787856000,Office Back Alley,HQY-7996,Maroon,Motorcycle,[]
1787856030,Bookstore,NYF-1596,Silver,Pickup Truck,"[""Bumper sticker""]"
1787856030,Office Back Alley,DYT-5541,Maroon,Hatchback,[]
1787856120,Bookstore,MDL-3261,Blue,Motorcycle,[]
1787856120,Bookstore,ZNI-4355,Blue,Coupe,[]
1787856120,Bookstore,ZGK-3461,Blue,Van,[]
1787856180,Hospital,QDH-4925,Red,Van,[]
1787856270,Office Back Alley,FCH-7617,Maroon,Sedan,[]
1787856300,Hospital,ZFD-3277,Green,Hatchback,"[""Bumper sticker"", ""Missing hubcap""]"
1787856330,Bookstore,FHL-3560,Silver,Van,[]
1787856330,Bookstore,ZNI-4355,Blue,Coupe,[]
1787856330,Bookstore,WUB-4659,Black,Pickup Truck,"[""Sunroof""]"
1787856480,Bookstore,OGN-4489,Black,Pickup Truck,"[""Aftermarket exhaust"", ""Custom rims""]"
1787856510,Bookstore,AIT-2702,Blue,Pickup Truck,"[""Dented rear bumper"", ""Tow hitch""]"
1787856510,Office Back Alley,VAP-5225,Silver,Hatchback,"[""Cracked windshield"", ""Tinted windows""]"
1787856540,Bookstore,DOP-3475,Silver,SUV,[]
1787856540,Bookstore,OYU-1228,Maroon,Bus,[]
1787856600,Hospital,EUA-8367,Gold,Motorcycle,"[""Ladder rack""]"
1787856600,Office Back Alley,EVV-3567,Blue,SUV,"[""Aftermarket exhaust""]"
1787856630,Bookstore,GEZ-2109,Red,Motorcycle,"[""Missing hubcap"", ""Dented rear bumper""]"
1787856660,Office Back Alley,VJM-7944,Beige,Sedan,[]
1787856750,Bookstore,RRC-4766,Blue,Coupe,"[""Tinted windows"", ""Tow hitch""]"
1787856750,Bookstore,QDH-4925,Red,Van,[]
1787856870,Bookstore,YTG-6287,Green,Coupe,"[""Bumper sticker"", ""Tow hitch""]"
1787856870,Bookstore,KNM-8888,Gray,Sedan,"[""Ladder rack"", ""Aftermarket exhaust""]"
1787856900,Office Back Alley,NVS-7383,Gold,Van,"[""Aftermarket exhaust"", ""Ladder rack""]"
1787856930,Office Back Alley,TXI-5471,White,Pickup Truck,[]
1787857050,Office Back Alley,BLF-4771,Gray,Sedan,[]
1787857080,Bookstore,FYR-2853,Gold,SUV,"[""Missing hubcap"", ""Aftermarket exhaust""]"
1787857110,Bookstore,BLF-4771,Gray,Sedan,[]
1787857140,Hospital,EHW-3879,Maroon,Coupe,[]
1787857200,Office Back Alley,DOP-3475,Silver,SUV,[]
1787857290,Hospital,RRC-4766,Blue,Coupe,"[""Tinted windows"", ""Tow hitch""]"
1787857290,Hospital,LXQ-7888,Black,Van,[]
1787857290,Bookstore,NKO-5227,Gray,Motorcycle,"[""Roof rack""]"
1787857320,Bookstore,BPU-4332,White,Motorcycle,[]
1787857320,Office Back Alley,VKM-8657,Blue,Sedan,"[""Custom rims""]"
1787857350,Office Back Alley,OYU-1228,Maroon,Bus,[]
1787857380,Office Back Alley,TML-3408,Red,Motorcycle,"[""Spoiler"", ""Custom rims""]"
1787857440,Bookstore,IMH-7658,Gray,Hatchback,"[""Tinted windows""]"
1787857470,Bookstore,BGW-3337,Silver,Bus,"[""Bumper sticker""]"
1787857500,Hospital,HYS-9092,Gray,Coupe,"[""Roof rack"", ""Dented rear bumper""]"
1787857530,Hospital,EQL-6876,Green,Bus,"[""Cracked windshield""]"
1787857560,Bookstore,FCH-7617,Maroon,Sedan,[]
1787857560,Bookstore,EQL-6876,Green,Bus,"[""Cracked windshield""]"
1787857560,Bookstore,FHL-3560,Silver,Van,[]
1787857560,Bookstore,VJM-7944,Beige,Sedan,[]
1787857560,Bookstore,KES-9323,Maroon,Bus,"[""Spoiler"", ""Missing hubcap""]"
1787857590,Office Back Alley,EVV-3567,Blue,SUV,"[""Aftermarket exhaust""]"
1787857650,Hospital,DYT-5541,Maroon,Hatchback,[]
1787857650,Bookstore,EWE-8741,Blue,Bus,"[""Custom rims""]"
1787857710,Bookstore,OGN-4489,Black,Pickup Truck,"[""Aftermarket exhaust"", ""Custom rims""]"
1787857770,Bookstore,HQY-7996,Maroon,Motorcycle,[]
1787857800,Office Back Alley,QDH-4925,Red,Van,[]
1787857800,Hospital,IRY-6538,Gold,Coupe,"[""Sunroof"", ""Custom rims""]"
1787857800,Bookstore,TQP-8061,Silver,Hatchback,"[""Tinted windows""]"
1787857860,Hospital,FYR-2853,Gold,SUV,"[""Missing hubcap"", ""Aftermarket exhaust""]"
1787857890,Hospital,FCH-7617,Maroon,Sedan,[]
1787857920,Bookstore,IRY-6538,Gold,Coupe,"[""Sunroof"", ""Custom rims""]"
1787857950,Hospital,DYT-5541,Maroon,Hatchback,[]
1787857980,Bookstore,QLL-8894,Black,Coupe,"[""Spoiler"", ""Bumper sticker""]"
1787858010,Bookstore,DOP-3475,Silver,SUV,[]
1787858250,Office Back Alley,TML-3408,Red,Motorcycle,"[""Spoiler"", ""Custom rims""]"
1787858250,Office Back Alley,AIT-2702,Blue,Pickup Truck,"[""Dented rear bumper"", ""Tow hitch""]"
1787858250,Hospital,BPU-4332,White,Motorcycle,[]
1787858280,Bookstore,VAP-5225,Silver,Hatchback,"[""Cracked windshield"", ""Tinted windows""]"
1787858280,Office Back Alley,DOP-3475,Silver,SUV,[]
1787858400,Hospital,ZYZ-1012,Beige,Motorcycle,"[""Spoiler""]"
1787858430,Bookstore,NUN-3923,Silver,Motorcycle,"[""Roof rack"", ""Sunroof""]"
1787858490,Office Back Alley,RRC-4766,Blue,Coupe,"[""Tinted windows"", ""Tow hitch""]"
1787858550,Hospital,KES-9323,Maroon,Bus,"[""Spoiler"", ""Missing hubcap""]"
1787858550,Office Back Alley,EVV-3567,Blue,SUV,"[""Aftermarket exhaust""]"
1787858610,Bookstore,BLF-4771,Gray,Sedan,[]
1787858670,Bookstore,BTZ-5167,Silver,Coupe,[]
1787858730,Bookstore,NVS-7383,Gold,Van,"[""Aftermarket exhaust"", ""Ladder rack""]"
1787858790,Office Back Alley,TXI-5471,White,Pickup Truck,[]
1787858820,Bookstore,BLF-4771,Gray,Sedan,[]
1787858850,Bookstore,EHW-3879,Maroon,Coupe,[]
1787858910,Bookstore,EWE-8741,Blue,Bus,"[""Custom rims""]"
1787858970,Office Back Alley,VJM-7944,Beige,Sedan,[]
1787859030,Bookstore,VJM-7944,Beige,Sedan,[]
1787859060,Office Back Alley,NKO-5227,Gray,Motorcycle,"[""Roof rack""]"
1787859090,Bookstore,VKM-8657,Blue,Sedan,"[""Custom rims""]"
1787859120,Bookstore,KNM-8888,Gray,Sedan,"[""Ladder rack"", ""Aftermarket exhaust""]"
1787859150,Office Back Alley,EQL-6876,Green,Bus,"[""Cracked windshield""]"
1787859180,Hospital,ROX-9271,Gray,Coupe,"[""Custom rims"", ""Roof rack""]"
1787859180,Hospital,ZNI-4355,Blue,Coupe,[]
1787859210,Hospital,OGN-4489,Black,Pickup Truck,"[""Aftermarket exhaust"", ""Custom rims""]"
1787859210,Office Back Alley,OYU-1228,Maroon,Bus,[]
1787859240,Office Back Alley,BGW-3337,Silver,Bus,"[""Bumper sticker""]"
1787859240,Bookstore,CZA-9416,Black,Bus,[]
1787859300,Office Back Alley,EQL-6876,Green,Bus,"[""Cracked windshield""]"
1787859390,Bookstore,RQA-7745,Red,Motorcycle,"[""Sunroof""]"
1787859420,Office Back Alley,IRY-6538,Gold,Coupe,"[""Sunroof"", ""Custom rims""]"
1787859420,Bookstore,VDV-4194,White,Coupe,[]
1787859450,Bookstore,YTG-6287,Green,Coupe,"[""Bumper sticker"", ""Tow hitch""]"
1787859540,Bookstore,XOW-5609,Gray,Sedan,"[""Sunroof"", ""Roof rack""]"
1787859570,Office Back Alley,DYT-5541,Maroon,Hatchback,[]
1787859570,Bookstore,NUN-3923,Silver,Motorcycle,"[""Roof rack"", ""Sunroof""]"
1787859570,Bookstore,HQY-7996,Maroon,Motorcycle,[]
1787859600,Bookstore,BPU-4332,White,Motorcycle,[]
1787859600,Hospital,LUG-7654,Black,Bus,"[""Bumper sticker""]"
1787859630,Bookstore,BTZ-5167,Silver,Coupe,[]
1787859660,Hospital,RRC-4766,Blue,Coupe,"[""Tinted windows"", ""Tow hitch""]"
1787859750,Hospital,YJG-1440,Black,Sedan,"[""Tinted windows"", ""Bumper sticker""]"
1787859750,Hospital,HUK-4229,White,Coupe,"[""Tinted windows""]"
1787859840,Bookstore,VQJ-3851,Beige,Hatchback,[]
1787859900,Hospital,DOP-3475,Silver,SUV,[]
1787859900,Hospital,TML-3408,Red,Motorcycle,"[""Spoiler"", ""Custom rims""]"
1787859930,Office Back Alley,QDH-4925,Red,Van,[]
1787860110,Bookstore,IRY-6538,Gold,Coupe,"[""Sunroof"", ""Custom rims""]"
1787860110,Office Back Alley,VJM-7944,Beige,Sedan,[]
1787860170,Office Back Alley,KES-9323,Maroon,Bus,"[""Spoiler"", ""Missing hubcap""]"
1787860170,Bookstore,QDH-4925,Red,Van,[]
1787860170,Bookstore,NYF-1596,Silver,Pickup Truck,"[""Bumper sticker""]"
1787860230,Bookstore,ZNI-4355,Blue,Coupe,[]
1787860260,Bookstore,VAP-5225,Silver,Hatchback,"[""Cracked windshield"", ""Tinted windows""]"
1787860260,Bookstore,CIU-8112,Maroon,Bus,"[""Dented rear bumper"", ""Tow hitch""]"
1787860320,Bookstore,ZNI-4355,Blue,Coupe,[]
1787860320,Bookstore,DYT-5541,Maroon,Hatchback,[]
1787860350,Office Back Alley,EQL-6876,Green,Bus,"[""Cracked windshield""]"
1787860380,Bookstore,EVV-3567,Blue,SUV,"[""Aftermarket exhaust""]"
1787860530,Office Back Alley,RRC-4766,Blue,Coupe,"[""Tinted windows"", ""Tow hitch""]"
1787860560,Bookstore,TXI-5471,White,Pickup Truck,[]
1787860620,Bookstore,QDH-4925,Red,Van,[]
1787860650,Office Back Alley,EQL-6876,Green,Bus,"[""Cracked windshield""]"
1787860800,Office Back Alley,BGW-3337,Silver,Bus,"[""Bumper sticker""]"
1787860800,Office Back Alley,ROX-9271,Gray,Coupe,"[""Custom rims"", ""Roof rack""]"
1787860800,Office Back Alley,ZNI-4355,Blue,Coupe,[]
1787860830,Office Back Alley,OGN-4489,Black,Pickup Truck,"[""Aftermarket exhaust"", ""Custom rims""]"
1787860860,Bookstore,AIT-2702,Blue,Pickup Truck,"[""Dented rear bumper"", ""Tow hitch""]"
1787860860,Hospital,UHR-2612,White,Pickup Truck,[]
1787860890,Hospital,CZA-9416,Black,Bus,[]
1787860890,Office Back Alley,AIT-2702,Blue,Pickup Truck,"[""Dented rear bumper"", ""Tow hitch""]"
1787860950,Hospital,BPU-4332,White,Motorcycle,[]
1787860950,Bookstore,ZGK-3461,Blue,Van,[]
1787860980,Office Back Alley,OYU-1228,Maroon,Bus,[]
1787861010,Office Back Alley,NKO-5227,Gray,Motorcycle,"[""Roof rack""]"
1787861010,Bookstore,GEZ-2109,Red,Motorcycle,"[""Missing hubcap"", ""Dented rear bumper""]"
1787861100,Bookstore,WNV-7840,Red,Motorcycle,"[""Bumper sticker""]"
1787861160,Bookstore,UJS-4783,Red,Bus,"[""Spoiler""]"
1787861160,Office Back Alley,QLL-8894,Black,Coupe,"[""Spoiler"", ""Bumper sticker""]"
1787861160,Office Back Alley,RQA-7745,Red,Motorcycle,"[""Sunroof""]"
1787861190,Office Back Alley,YTG-6287,Green,Coupe,"[""Bumper sticker"", ""Tow hitch""]"
1787861190,Office Back Alley,VDV-4194,White,Coupe,[]
1787861220,Office Back Alley,LUG-7654,Black,Bus,"[""Bumper sticker""]"
1787861340,Office Back Alley,XOW-5609,Gray,Sedan,"[""Sunroof"", ""Roof rack""]"
1787861370,Bookstore,WUB-4659,Black,Pickup Truck,"[""Sunroof""]"
1787861370,Bookstore,RRC-4766,Blue,Coupe,"[""Tinted windows"", ""Tow hitch""]"
1787861430,Bookstore,RRC-4766,Blue,Coupe,"[""Tinted windows"", ""Tow hitch""]"
1787861520,Bookstore,EVV-3567,Blue,SUV,"[""Aftermarket exhaust""]"
1787861760,Hospital,VJM-7944,Beige,Sedan,[]
1787861820,Bookstore,LHA-6933,Gray,Bus,"[""Missing hubcap""]"
1787861850,Bookstore,ZNI-4355,Blue,Coupe,[]
1787861880,Office Back Alley,ZNI-4355,Blue,Coupe,[]
1787861940,Office Back Alley,IRY-6538,Gold,Coupe,"[""Sunroof"", ""Custom rims""]"
1787861940,Office Back Alley,KES-9323,Maroon,Bus,"[""Spoiler"", ""Missing hubcap""]"
1787861940,Office Back Alley,QDH-4925,Red,Van,[]
1787861940,Office Back Alley,NYF-1596,Silver,Pickup Truck,"[""Bumper sticker""]"
1787861970,Bookstore,VQJ-3851,Beige,Hatchback,[]
1787862000,Office Back Alley,VAP-5225,Silver,Hatchback,"[""Cracked windshield"", ""Tinted windows""]"
1787862000,Hospital,EQL-6876,Green,Bus,"[""Cracked windshield""]"
1787862090,Office Back Alley,DYT-5541,Maroon,Hatchback,[]
1787862090,Office Back Alley,ZNI-4355,Blue,Coupe,[]
1787862180,Hospital,RRC-4766,Blue,Coupe,"[""Tinted windows"", ""Tow hitch""]"
1787862210,Bookstore,HQY-7996,Maroon,Motorcycle,[]
1787862210,Bookstore,NVS-7383,Gold,Van,"[""Aftermarket exhaust"", ""Ladder rack""]"
1787862240,Bookstore,IUT-7188,Gray,Bus,"[""Sunroof""]"
1787862270,Hospital,LXQ-7888,Black,Van,[]
1787862270,Bookstore,BPU-4332,White,Motorcycle,[]
1787862300,Bookstore,TXI-5471,White,Pickup Truck,[]
1787862300,Bookstore,RRC-4766,Blue,Coupe,"[""Tinted windows"", ""Tow hitch""]"
1787862300,Bookstore,KOE-4072,Beige,Pickup Truck,[]
1787862390,Office Back Alley,QDH-4925,Red,Van,[]
1787862420,Hospital,BGW-3337,Silver,Bus,"[""Bumper sticker""]"
1787862450,Office Back Alley,OGN-4489,Black,Pickup Truck,"[""Aftermarket exhaust"", ""Custom rims""]"
1787862510,Office Back Alley,CZA-9416,Black,Bus,[]
1787862510,Hospital,AIT-2702,Blue,Pickup Truck,"[""Dented rear bumper"", ""Tow hitch""]"
1787862570,Office Back Alley,ROX-9271,Gray,Coupe,"[""Custom rims"", ""Roof rack""]"
1787862570,Office Back Alley,BPU-4332,White,Motorcycle,[]
1787862600,Hospital,OYU-1228,Maroon,Bus,[]
1787862600,Office Back Alley,VDV-4194,White,Coupe,[]
1787862630,Hospital,NKO-5227,Gray,Motorcycle,"[""Roof rack""]"
1787862660,Office Back Alley,AIT-2702,Blue,Pickup Truck,"[""Dented rear bumper"", ""Tow hitch""]"
1787862720,Office Back Alley,ZGK-3461,Blue,Van,[]
1787862750,Office Back Alley,LUG-7654,Black,Bus,"[""Bumper sticker""]"
1787862780,Bookstore,TQP-8061,Silver,Hatchback,"[""Tinted windows""]"
1787862780,Bookstore,IRY-6538,Gold,Coupe,"[""Sunroof"", ""Custom rims""]"
1787862810,Office Back Alley,XOW-5609,Gray,Sedan,"[""Sunroof"", ""Roof rack""]"
1787862810,Office Back Alley,NYF-1596,Silver,Pickup Truck,"[""Bumper sticker""]"
1787862870,Bookstore,IMH-7658,Gray,Hatchback,"[""Tinted windows""]"
1787862870,Office Back Alley,RQA-7745,Red,Motorcycle,"[""Sunroof""]"
1787862900,Office Back Alley,WNV-7840,Red,Motorcycle,"[""Bumper sticker""]"
1787862900,Bookstore,UJS-4783,Red,Bus,"[""Spoiler""]"
1787862900,Bookstore,EHW-3879,Maroon,Coupe,[]
1787862990,Hospital,MDL-3261,Blue,Motorcycle,[]
1787863050,Bookstore,BLF-4771,Gray,Sedan,[]
1787863050,Office Back Alley,YTG-6287,Green,Coupe,"[""Bumper sticker"", ""Tow hitch""]"
1787863110,Bookstore,KES-9323,Maroon,Bus,"[""Spoiler"", ""Missing hubcap""]"
1787863110,Office Back Alley,OGN-4489,Black,Pickup Truck,"[""Aftermarket exhaust"", ""Custom rims""]"
1787863140,Office Back Alley,WUB-4659,Black,Pickup Truck,"[""Sunroof""]"
1787863200,Bookstore,QLL-8894,Black,Coupe,"[""Spoiler"", ""Bumper sticker""]"
1787863230,Office Back Alley,RRC-4766,Blue,Coupe,"[""Tinted windows"", ""Tow hitch""]"
1787863260,Hospital,ZFD-3277,Green,Hatchback,"[""Bumper sticker"", ""Missing hubcap""]"
1787863260,Office Back Alley,VAP-5225,Silver,Hatchback,"[""Cracked windshield"", ""Tinted windows""]"
1787863290,Bookstore,BLF-4771,Gray,Sedan,[]
1787863350,Bookstore,DYT-5541,Maroon,Hatchback,[]
1787863500,Bookstore,OGN-4489,Black,Pickup Truck,"[""Aftermarket exhaust"", ""Custom rims""]"
1787863530,Office Back Alley,EQL-6876,Green,Bus,"[""Cracked windshield""]"
1787863560,Hospital,TQP-8061,Silver,Hatchback,"[""Tinted windows""]"
1787863560,Office Back Alley,AIT-2702,Blue,Pickup Truck,"[""Dented rear bumper"", ""Tow hitch""]"
1787863590,Office Back Alley,ZNI-4355,Blue,Coupe,[]
1787863590,Hospital,IRY-6538,Gold,Coupe,"[""Sunroof"", ""Custom rims""]"
1787863620,Hospital,ZYZ-1012,Beige,Motorcycle,"[""Spoiler""]"
1787863620,Office Back Alley,QLL-8894,Black,Coupe,"[""Spoiler"", ""Bumper sticker""]"
1787863620,Office Back Alley,LHA-6933,Gray,Bus,"[""Missing hubcap""]"
1787863650,Bookstore,ZNI-4355,Blue,Coupe,[]
1787863650,Office Back Alley,QDH-4925,Red,Van,[]
1787863710,Bookstore,KES-9323,Maroon,Bus,"[""Spoiler"", ""Missing hubcap""]"
1787863770,Bookstore,TBJ-5379,Green,Coupe,"[""Bumper sticker""]"
1787863770,Office Back Alley,OGN-4489,Black,Pickup Truck,"[""Aftermarket exhaust"", ""Custom rims""]"
1787863800,Office Back Alley,RRC-4766,Blue,Coupe,"[""Tinted windows"", ""Tow hitch""]"
1787863860,Bookstore,VJM-7944,Beige,Sedan,[]
1787863890,Hospital,YJG-1440,Black,Sedan,"[""Tinted windows"", ""Bumper sticker""]"
1787863890,Office Back Alley,WNV-7840,Red,Motorcycle,"[""Bumper sticker""]"
1787863890,Office Back Alley,LXQ-7888,Black,Van,[]
1787864040,Office Back Alley,TXI-5471,White,Pickup Truck,[]
1787864040,Office Back Alley,BPU-4332,White,Motorcycle,[]
1787864070,Hospital,FYR-2853,Gold,SUV,"[""Missing hubcap"", ""Aftermarket exhaust""]"
1787864070,Office Back Alley,ZNI-4355,Blue,Coupe,[]
1787864070,Bookstore,NVS-7383,Gold,Van,"[""Aftermarket exhaust"", ""Ladder rack""]"
1787864070,Bookstore,ABS-2643,Gold,Pickup Truck,"[""Tow hitch"", ""Missing hubcap""]"
1787864100,Office Back Alley,KOE-4072,Beige,Pickup Truck,[]
1787864130,Bookstore,QDH-4925,Red,Van,[]
1787864190,Bookstore,NYF-1596,Silver,Pickup Truck,"[""Bumper sticker""]"
1787864220,Hospital,ROX-9271,Gray,Coupe,"[""Custom rims"", ""Roof rack""]"
1787864250,Bookstore,HYS-9092,Gray,Coupe,"[""Roof rack"", ""Dented rear bumper""]"
1787864310,Office Back Alley,BPU-4332,White,Motorcycle,[]
1787864370,Hospital,LUG-7654,Black,Bus,"[""Bumper sticker""]"
1787864370,Bookstore,RRC-4766,Blue,Coupe,"[""Tinted windows"", ""Tow hitch""]"
1787864370,Bookstore,VDV-4194,White,Coupe,[]
1787864400,Bookstore,IRY-6538,Gold,Coupe,"[""Sunroof"", ""Custom rims""]"
1787864460,Hospital,NYF-1596,Silver,Pickup Truck,"[""Bumper sticker""]"
1787864490,Hospital,RQA-7745,Red,Motorcycle,"[""Sunroof""]"
1787864580,Bookstore,XOW-5609,Gray,Sedan,"[""Sunroof"", ""Roof rack""]"
1787864580,Bookstore,BPU-4332,White,Motorcycle,[]
1787864610,Office Back Alley,QDH-4925,Red,Van,[]
1787864670,Office Back Alley,EQL-6876,Green,Bus,"[""Cracked windshield""]"
1787864670,Office Back Alley,LHA-6933,Gray,Bus,"[""Missing hubcap""]"
1787864820,Office Back Alley,BLF-4771,Gray,Sedan,[]
1787864820,Bookstore,YTG-6287,Green,Coupe,"[""Bumper sticker"", ""Tow hitch""]"
1787864820,Bookstore,FCH-7617,Maroon,Sedan,[]
1787864850,Bookstore,CZA-9416,Black,Bus,[]
1787864880,Office Back Alley,ZFD-3277,Green,Hatchback,"[""Bumper sticker"", ""Missing hubcap""]"
1787864880,Bookstore,OGN-4489,Black,Pickup Truck,"[""Aftermarket exhaust"", ""Custom rims""]"
1787864910,Hospital,VAP-5225,Silver,Hatchback,"[""Cracked windshield"", ""Tinted windows""]"
1787864940,Office Back Alley,RRC-4766,Blue,Coupe,"[""Tinted windows"", ""Tow hitch""]"
1787864970,Office Back Alley,LXQ-7888,Black,Van,[]
1787864970,Office Back Alley,BPU-4332,White,Motorcycle,[]
1787865000,Office Back Alley,VQJ-3851,Beige,Hatchback,[]
1787865000,Office Back Alley,QLL-8894,Black,Coupe,"[""Spoiler"", ""Bumper sticker""]"
1787865060,Office Back Alley,ZGK-3461,Blue,Van,[]
1787865090,Office Back Alley,CZA-9416,Black,Bus,[]
1787865090,Office Back Alley,BLF-4771,Gray,Sedan,[]
1787865120,Office Back Alley,WUB-4659,Black,Pickup Truck,"[""Sunroof""]"
1787865180,Bookstore,KES-9323,Maroon,Bus,"[""Spoiler"", ""Missing hubcap""]"
1787865210,Hospital,HUK-4229,White,Coupe,"[""Tinted windows""]"
1787865210,Bookstore,DYT-5541,Maroon,Hatchback,[]
1787865240,Hospital,QLL-8894,Black,Coupe,"[""Spoiler"", ""Bumper sticker""]"
1787865240,Office Back Alley,BPU-4332,White,Motorcycle,[]
1787865240,Office Back Alley,ZNI-4355,Blue,Coupe,[]
1787865240,Office Back Alley,ZYZ-1012,Beige,Motorcycle,"[""Spoiler""]"
1787865270,Office Back Alley,OGN-4489,Black,Pickup Truck,"[""Aftermarket exhaust"", ""Custom rims""]"
1787865270,Bookstore,QDH-4925,Red,Van,[]
1787865300,Bookstore,KES-9323,Maroon,Bus,"[""Spoiler"", ""Missing hubcap""]"
1787865330,Bookstore,AIT-2702,Blue,Pickup Truck,"[""Dented rear bumper"", ""Tow hitch""]"
1787865360,Bookstore,RRT-3341,Red,Sedan,"[""Tinted windows"", ""Dented rear bumper""]"
1787865360,Bookstore,DOP-3475,Silver,SUV,[]
1787865360,Bookstore,OYU-1228,Maroon,Bus,[]
1787865360,Hospital,RBG-4071,Blue,Bus,"[""Bumper sticker"", ""Ladder rack""]"
1787865360,Office Back Alley,UHR-2612,White,Pickup Truck,[]
1787865420,Bookstore,CIU-8112,Maroon,Bus,"[""Dented rear bumper"", ""Tow hitch""]"
1787865480,Bookstore,QDH-4925,Red,Van,[]
1787865510,Bookstore,IMH-7658,Gray,Hatchback,"[""Tinted windows""]"
1787865510,Office Back Alley,YJG-1440,Black,Sedan,"[""Tinted windows"", ""Bumper sticker""]"
1787865570,Hospital,RRC-4766,Blue,Coupe,"[""Tinted windows"", ""Tow hitch""]"
1787865570,Office Back Alley,RRC-4766,Blue,Coupe,"[""Tinted windows"", ""Tow hitch""]"
1787865570,Office Back Alley,TBJ-5379,Green,Coupe,"[""Bumper sticker""]"
1787865600,Bookstore,OGN-4489,Black,Pickup Truck,"[""Aftermarket exhaust"", ""Custom rims""]"
1787865630,Office Back Alley,VJM-7944,Beige,Sedan,[]
1787865660,Bookstore,DYT-5541,Maroon,Hatchback,[]
1787865660,Bookstore,XOW-5609,Gray,Sedan,"[""Sunroof"", ""Roof rack""]"
1787865660,Bookstore,WNV-7840,Red,Motorcycle,"[""Bumper sticker""]"
1787865660,Office Back Alley,TXI-5471,White,Pickup Truck,[]
1787865690,Hospital,DOP-3475,Silver,SUV,[]
1787865690,Bookstore,ABS-2643,Gold,Pickup Truck,"[""Tow hitch"", ""Missing hubcap""]"
1787865750,Office Back Alley,RRC-4766,Blue,Coupe,"[""Tinted windows"", ""Tow hitch""]"
1787865780,Bookstore,EJJ-5605,Red,Bus,"[""Tinted windows"", ""Aftermarket exhaust""]"
1787865810,Hospital,FYR-2853,Gold,SUV,"[""Missing hubcap"", ""Aftermarket exhaust""]"
1787865840,Bookstore,ZNI-4355,Blue,Coupe,[]
1787865990,Bookstore,NYF-1596,Silver,Pickup Truck,"[""Bumper sticker""]"
1787865990,Bookstore,GEZ-2109,Red,Motorcycle,"[""Missing hubcap"", ""Dented rear bumper""]"
1787866020,Hospital,DYT-5541,Maroon,Hatchback,[]
1787866260,Hospital,QDH-4925,Red,Van,[]
1787866290,Office Back Alley,QLL-8894,Black,Coupe,"[""Spoiler"", ""Bumper sticker""]"
1787866320,Bookstore,IMH-7658,Gray,Hatchback,"[""Tinted windows""]"
1787866380,Office Back Alley,KOE-4072,Beige,Pickup Truck,[]
1787866440,Bookstore,LHA-6933,Gray,Bus,"[""Missing hubcap""]"
1787866440,Office Back Alley,ZYZ-1012,Beige,Motorcycle,"[""Spoiler""]"
1787866530,Bookstore,EHW-3879,Maroon,Coupe,[]
1787866560,Hospital,EYH-6407,Black,Bus,"[""Custom rims"", ""Tinted windows""]"
1787866560,Office Back Alley,BLF-4771,Gray,Sedan,[]
1787866620,Hospital,NUN-3923,Silver,Motorcycle,"[""Roof rack"", ""Sunroof""]"
1787866620,Office Back Alley,WUB-4659,Black,Pickup Truck,"[""Sunroof""]"
1787866620,Office Back Alley,RRC-4766,Blue,Coupe,"[""Tinted windows"", ""Tow hitch""]"
1787866620,Office Back Alley,CZA-9416,Black,Bus,[]
1787866650,Bookstore,RRC-4766,Blue,Coupe,"[""Tinted windows"", ""Tow hitch""]"
1787866650,Office Back Alley,ZFD-3277,Green,Hatchback,"[""Bumper sticker"", ""Missing hubcap""]"
1787866680,Bookstore,RRT-3341,Red,Sedan,"[""Tinted windows"", ""Dented rear bumper""]"
1787866740,Bookstore,LXQ-7888,Black,Van,[]
1787866740,Bookstore,BPU-4332,White,Motorcycle,[]
1787866830,Office Back Alley,HUK-4229,White,Coupe,"[""Tinted windows""]"
1787866860,Hospital,ZNI-4355,Blue,Coupe,[]
1787866860,Bookstore,YTG-6287,Green,Coupe,"[""Bumper sticker"", ""Tow hitch""]"
1787866890,Bookstore,ZGK-3461,Blue,Van,[]
1787866920,Office Back Alley,UHR-2612,White,Pickup Truck,[]
1787866980,Bookstore,FHL-3560,Silver,Van,[]
1787867010,Bookstore,BPU-4332,White,Motorcycle,[]
1787867010,Office Back Alley,TBJ-5379,Green,Coupe,"[""Bumper sticker""]"
1787867040,Office Back Alley,BLF-4771,Gray,Sedan,[]
1787867040,Office Back Alley,KES-9323,Maroon,Bus,"[""Spoiler"", ""Missing hubcap""]"
1787867070,Bookstore,HQY-7996,Maroon,Motorcycle,[]
1787867100,Bookstore,FCH-7617,Maroon,Sedan,[]
1787867130,Bookstore,EJJ-5605,Red,Bus,"[""Tinted windows"", ""Aftermarket exhaust""]"
1787867190,Office Back Alley,CIU-8112,Maroon,Bus,"[""Dented rear bumper"", ""Tow hitch""]"
1787867190,Bookstore,OGN-4489,Black,Pickup Truck,"[""Aftermarket exhaust"", ""Custom rims""]"
1787867280,Office Back Alley,VQJ-3851,Beige,Hatchback,[]
1787867310,Office Back Alley,DOP-3475,Silver,SUV,[]
1787867370,Hospital,RRC-4766,Blue,Coupe,"[""Tinted windows"", ""Tow hitch""]"
1787867400,Bookstore,TQP-8061,Silver,Hatchback,"[""Tinted windows""]"
1787867430,Hospital,HQY-7996,Maroon,Motorcycle,[]
1787867430,Office Back Alley,VJM-7944,Beige,Sedan,[]
1787867460,Bookstore,BTZ-5167,Silver,Coupe,[]
1787867490,Bookstore,IUT-7188,Gray,Bus,"[""Sunroof""]"
1787867580,Bookstore,AIT-2702,Blue,Pickup Truck,"[""Dented rear bumper"", ""Tow hitch""]"
1787867610,Office Back Alley,YJG-1440,Black,Sedan,"[""Tinted windows"", ""Bumper sticker""]"
1787867700,Bookstore,RTJ-3423,Gold,Sedan,[]
1787867700,Bookstore,BGW-3337,Silver,Bus,"[""Bumper sticker""]"
1787867700,Office Back Alley,CZA-9416,Black,Bus,[]
1787867790,Office Back Alley,OGN-4489,Black,Pickup Truck,"[""Aftermarket exhaust"", ""Custom rims""]"
1787867820,Bookstore,LHA-6933,Gray,Bus,"[""Missing hubcap""]"
1787867850,Hospital,NKO-5227,Gray,Motorcycle,"[""Roof rack""]"
1787867910,Hospital,QLL-8894,Black,Coupe,"[""Spoiler"", ""Bumper sticker""]"
1787867940,Bookstore,ZIG-1175,Black,Bus,[]
1787867940,Office Back Alley,RRC-4766,Blue,Coupe,"[""Tinted windows"", ""Tow hitch""]"
1787868000,Bookstore,EQL-6876,Green,Bus,"[""Cracked windshield""]"
1787868030,Bookstore,EWE-8741,Blue,Bus,"[""Custom rims""]"
1787868060,Hospital,ZYZ-1012,Beige,Motorcycle,"[""Spoiler""]"
1787868090,Office Back Alley,TXI-5471,White,Pickup Truck,[]
1787868150,Bookstore,EQL-6876,Green,Bus,"[""Cracked windshield""]"
1787868210,Bookstore,TQP-8061,Silver,Hatchback,"[""Tinted windows""]"
1787868300,Hospital,ZFD-3277,Green,Hatchback,"[""Bumper sticker"", ""Missing hubcap""]"
1787868330,Bookstore,BLF-4771,Gray,Sedan,[]
1787868360,Hospital,MDL-3261,Blue,Motorcycle,[]
1787868360,Bookstore,HYS-9092,Gray,Coupe,"[""Roof rack"", ""Dented rear bumper""]"
1787868390,Bookstore,VKM-8657,Blue,Sedan,"[""Custom rims""]"
1787868420,Bookstore,AIT-2702,Blue,Pickup Truck,"[""Dented rear bumper"", ""Tow hitch""]"
1787868450,Bookstore,TQP-8061,Silver,Hatchback,"[""Tinted windows""]"
1787868450,Bookstore,WUB-4659,Black,Pickup Truck,"[""Sunroof""]"
1787868510,Bookstore,DYT-5541,Maroon,Hatchback,[]
1787868690,Bookstore,IMH-7658,Gray,Hatchback,"[""Tinted windows""]"
1787868720,Office Back Alley,KOE-4072,Beige,Pickup Truck,[]
1787868750,Bookstore,UHR-2612,White,Pickup Truck,[]
1787868780,Office Back Alley,FHL-3560,Silver,Van,[]
1787868780,Bookstore,TBJ-5379,Green,Coupe,"[""Bumper sticker""]"
1787868810,Bookstore,BLF-4771,Gray,Sedan,[]
1787868870,Office Back Alley,EJJ-5605,Red,Bus,"[""Tinted windows"", ""Aftermarket exhaust""]"
1787868870,Bookstore,BPU-4332,White,Motorcycle,[]
1787868900,Office Back Alley,FCH-7617,Maroon,Sedan,[]
1787868900,Hospital,VQJ-3851,Beige,Hatchback,[]
1787868930,Office Back Alley,OGN-4489,Black,Pickup Truck,"[""Aftermarket exhaust"", ""Custom rims""]"
1787869020,Hospital,VJM-7944,Beige,Sedan,[]
1787869020,Bookstore,BGW-3337,Silver,Bus,"[""Bumper sticker""]"
1787869020,Bookstore,IRY-6538,Gold,Coupe,"[""Sunroof"", ""Custom rims""]"
1787869050,Office Back Alley,CZA-9416,Black,Bus,[]
1787869050,Office Back Alley,HQY-7996,Maroon,Motorcycle,[]
1787869080,Office Back Alley,HUK-4229,White,Coupe,"[""Tinted windows""]"
1787869170,Hospital,VAP-5225,Silver,Hatchback,"[""Cracked windshield"", ""Tinted windows""]"
1787869200,Bookstore,VJM-7944,Beige,Sedan,[]
1787869230,Bookstore,KNM-8888,Gray,Sedan,"[""Ladder rack"", ""Aftermarket exhaust""]"
1787869260,Hospital,ROX-9271,Gray,Coupe,"[""Custom rims"", ""Roof rack""]"
1787869260,Hospital,LUG-7654,Black,Bus,"[""Bumper sticker""]"
1787869320,Office Back Alley,AIT-2702,Blue,Pickup Truck,"[""Dented rear bumper"", ""Tow hitch""]"
1787869350,Bookstore,EWE-8741,Blue,Bus,"[""Custom rims""]"
1787869380,Bookstore,EQL-6876,Green,Bus,"[""Cracked windshield""]"
1787869380,Bookstore,YJG-1440,Black,Sedan,"[""Tinted windows"", ""Bumper sticker""]"
1787869410,Office Back Alley,EHW-3879,Maroon,Coupe,[]
1787869470,Office Back Alley,NKO-5227,Gray,Motorcycle,"[""Roof rack""]"
1787869560,Office Back Alley,LHA-6933,Gray,Bus,"[""Missing hubcap""]"
1787869590,Office Back Alley,CIU-8112,Maroon,Bus,"[""Dented rear bumper"", ""Tow hitch""]"
1787869620,Office Back Alley,DOP-3475,Silver,SUV,[]
1787869650,Office Back Alley,CZA-9416,Black,Bus,[]
1787869650,Office Back Alley,KES-9323,Maroon,Bus,"[""Spoiler"", ""Missing hubcap""]"
1787869680,Bookstore,QDH-4925,Red,Van,[]
1787869710,Office Back Alley,ZIG-1175,Black,Bus,[]
1787869740,Bookstore,DYT-5541,Maroon,Hatchback,[]
1787869800,Office Back Alley,OGN-4489,Black,Pickup Truck,"[""Aftermarket exhaust"", ""Custom rims""]"
1787869860,Bookstore,FCH-7617,Maroon,Sedan,[]
1787869920,Bookstore,TXI-5471,White,Pickup Truck,[]
1787869950,Bookstore,NYF-1596,Silver,Pickup Truck,"[""Bumper sticker""]"
1787870100,Hospital,FCH-7617,Maroon,Sedan,[]
1787870130,Bookstore,OYU-1228,Maroon,Bus,[]
1787870160,Bookstore,RTJ-3423,Gold,Sedan,[]
1787870220,Hospital,QLL-8894,Black,Coupe,"[""Spoiler"", ""Bumper sticker""]"
1787870220,Office Back Alley,FCH-7617,Maroon,Sedan,[]
1787870250,Bookstore,DOP-3475,Silver,SUV,[]
1787870280,Bookstore,WNV-7840,Red,Motorcycle,"[""Bumper sticker""]"
1787870310,Hospital,IRY-6538,Gold,Coupe,"[""Sunroof"", ""Custom rims""]"
1787870370,Office Back Alley,FHL-3560,Silver,Van,[]
1787870460,Bookstore,KES-9323,Maroon,Bus,"[""Spoiler"", ""Missing hubcap""]"
1787870640,Office Back Alley,AIT-2702,Blue,Pickup Truck,"[""Dented rear bumper"", ""Tow hitch""]"
1787870640,Office Back Alley,VJM-7944,Beige,Sedan,[]
1787870670,Bookstore,DOP-3475,Silver,SUV,[]
1787870670,Bookstore,EHW-3879,Maroon,Coupe,[]
1787870730,Office Back Alley,EJJ-5605,Red,Bus,"[""Tinted windows"", ""Aftermarket exhaust""]"
1787870760,Hospital,RRC-4766,Blue,Coupe,"[""Tinted windows"", ""Tow hitch""]"
1787870760,Bookstore,IUT-7188,Gray,Bus,"[""Sunroof""]"
1787870760,Office Back Alley,OGN-4489,Black,Pickup Truck,"[""Aftermarket exhaust"", ""Custom rims""]"
1787870790,Office Back Alley,VAP-5225,Silver,Hatchback,"[""Cracked windshield"", ""Tinted windows""]"
1787870820,Bookstore,CZA-9416,Black,Bus,[]
1787870850,Bookstore,OYU-1228,Maroon,Bus,[]
1787870850,Office Back Alley,LHA-6933,Gray,Bus,"[""Missing hubcap""]"
1787870880,Office Back Alley,ROX-9271,Gray,Coupe,"[""Custom rims"", ""Roof rack""]"
1787870880,Office Back Alley,LUG-7654,Black,Bus,"[""Bumper sticker""]"
1787870910,Bookstore,TXI-5471,White,Pickup Truck,[]
1787870940,Bookstore,RBG-4071,Blue,Bus,"[""Bumper sticker"", ""Ladder rack""]"
1787871090,Bookstore,VJM-7944,Beige,Sedan,[]
1787871300,Hospital,QDH-4925,Red,Van,[]
1787871360,Bookstore,LXQ-7888,Black,Van,[]
1787871480,Hospital,DYT-5541,Maroon,Hatchback,[]
1787871480,Bookstore,BLF-4771,Gray,Sedan,[]
1787871480,Office Back Alley,HQY-7996,Maroon,Motorcycle,[]
1787871720,Bookstore,UJS-4783,Red,Bus,"[""Spoiler""]"
1787871750,Office Back Alley,ZIG-1175,Black,Bus,[]
1787871840,Office Back Alley,NKO-5227,Gray,Motorcycle,"[""Roof rack""]"
1787871840,Office Back Alley,QLL-8894,Black,Coupe,"[""Spoiler"", ""Bumper sticker""]"
1787871930,Hospital,IMH-7658,Gray,Hatchback,"[""Tinted windows""]"
1787871960,Office Back Alley,VAP-5225,Silver,Hatchback,"[""Cracked windshield"", ""Tinted windows""]"
1787872050,Bookstore,BPU-4332,White,Motorcycle,[]
1787872110,Bookstore,EYH-6407,Black,Bus,"[""Custom rims"", ""Tinted windows""]"
1787872110,Office Back Alley,ROX-9271,Gray,Coupe,"[""Custom rims"", ""Roof rack""]"
1787872170,Bookstore,FYR-2853,Gold,SUV,"[""Missing hubcap"", ""Aftermarket exhaust""]"
1787872200,Bookstore,FHL-3560,Silver,Van,[]
1787872320,Hospital,ZNI-4355,Blue,Coupe,[]
1787872410,Bookstore,BLF-4771,Gray,Sedan,[]
1787872530,Bookstore,OGN-4489,Black,Pickup Truck,"[""Aftermarket exhaust"", ""Custom rims""]"
1787872620,Bookstore,LHA-6933,Gray,Bus,"[""Missing hubcap""]"
1787872680,Bookstore,BTZ-5167,Silver,Coupe,[]
1787872800,Bookstore,AIT-2702,Blue,Pickup Truck,"[""Dented rear bumper"", ""Tow hitch""]"
1787872860,Bookstore,ZNI-4355,Blue,Coupe,[]
1787873010,Bookstore,TQP-8061,Silver,Hatchback,"[""Tinted windows""]"
1787873010,Office Back Alley,VJM-7944,Beige,Sedan,[]
1787873040,Hospital,QLL-8894,Black,Coupe,"[""Spoiler"", ""Bumper sticker""]"
1787873190,Hospital,VQJ-3851,Beige,Hatchback,[]
1787873250,Bookstore,HQY-7996,Maroon,Motorcycle,[]
1787873400,Office Back Alley,LUG-7654,Black,Bus,"[""Bumper sticker""]"
1787873520,Bookstore,VDV-4194,White,Coupe,[]
1787873550,Bookstore,VKM-8657,Blue,Sedan,"[""Custom rims""]"
1787873670,Hospital,HYS-9092,Gray,Coupe,"[""Roof rack"", ""Dented rear bumper""]"
1787873670,Bookstore,QDH-4925,Red,Van,[]
1787873700,Bookstore,RRC-4766,Blue,Coupe,"[""Tinted windows"", ""Tow hitch""]"
1787873790,Hospital,MDL-3261,Blue,Motorcycle,[]
1787873880,Bookstore,BPU-4332,White,Motorcycle,[]
1787873940,Bookstore,BPU-4332,White,Motorcycle,[]
1787874060,Bookstore,GEZ-2109,Red,Motorcycle,"[""Missing hubcap"", ""Dented rear bumper""]"
1787874270,Bookstore,IRY-6538,Gold,Coupe,"[""Sunroof"", ""Custom rims""]"
1787874270,Bookstore,DOP-3475,Silver,SUV,[]
1787874450,Bookstore,RRC-4766,Blue,Coupe,"[""Tinted windows"", ""Tow hitch""]"
1787874750,Hospital,IRY-6538,Gold,Coupe,"[""Sunroof"", ""Custom rims""]"
1787874840,Bookstore,VJM-7944,Beige,Sedan,[]
1787875260,Bookstore,OYU-1228,Maroon,Bus,[]
1787875410,Office Back Alley,MDL-3261,Blue,Motorcycle,[]
1787876880,Bookstore,TBJ-5379,Green,Coupe,"[""Bumper sticker""]"
1787877600,Hospital,BLF-4771,Gray,Sedan,[]
1787877660,Hospital,IRY-6538,Gold,Coupe,"[""Sunroof"", ""Custom rims""]"
1787897250,Hospital,IMH-7658,Gray,Hatchback,"[""Tinted windows""]"
1787897430,Hospital,IRY-6538,Gold,Coupe,"[""Sunroof"", ""Custom rims""]"
1787897520,Hospital,HYS-9092,Gray,Coupe,"[""Roof rack"", ""Dented rear bumper""]"
1787897760,Hospital,IRY-6538,Gold,Coupe,"[""Sunroof"", ""Custom rims""]"
1787897970,Hospital,KES-9323,Maroon,Bus,"[""Spoiler"", ""Missing hubcap""]"
1787898090,Hospital,FCH-7617,Maroon,Sedan,[]
1787898180,Office Back Alley,DYT-5541,Maroon,Hatchback,[]
1787898210,Hospital,WNV-7840,Red,Motorcycle,"[""Bumper sticker""]"
1787898240,Hospital,EHW-3879,Maroon,Coupe,[]
1787898360,Hospital,DOP-3475,Silver,SUV,[]
1787898780,Hospital,EJJ-5605,Red,Bus,"[""Tinted windows"", ""Aftermarket exhaust""]"
1787898810,Hospital,BLF-4771,Gray,Sedan,[]
1787898900,Office Back Alley,ZNI-4355,Blue,Coupe,[]
1787899110,Office Back Alley,HYS-9092,Gray,Coupe,"[""Roof rack"", ""Dented rear bumper""]"
1787899590,Office Back Alley,DYT-5541,Maroon,Hatchback,[]
1787899770,Bookstore,QDH-4925,Red,Van,[]
1787899800,Bookstore,VKM-8657,Blue,Sedan,"[""Custom rims""]"
1787899890,Bookstore,FCH-7617,Maroon,Sedan,[]
1787900040,Office Back Alley,HYS-9092,Gray,Coupe,"[""Roof rack"", ""Dented rear bumper""]"
1787900190,Bookstore,VJM-7944,Beige,Sedan,[]
1787900220,Bookstore,FYR-2853,Gold,SUV,"[""Missing hubcap"", ""Aftermarket exhaust""]"
1787900250,Bookstore,CZA-9416,Black,Bus,[]
1787900280,Bookstore,LXQ-7888,Black,Van,[]
1787900430,Office Back Alley,EHW-3879,Maroon,Coupe,[]
1787900490,Bookstore,NYF-1596,Silver,Pickup Truck,"[""Bumper sticker""]"
1787900640,Bookstore,TML-3408,Red,Motorcycle,"[""Spoiler"", ""Custom rims""]"
1787900700,Bookstore,ZYZ-1012,Beige,Motorcycle,"[""Spoiler""]"
1787900730,Bookstore,VJM-7944,Beige,Sedan,[]
1787900880,Bookstore,EUA-8367,Gold,Motorcycle,"[""Ladder rack""]"
1787900910,Bookstore,ABS-2643,Gold,Pickup Truck,"[""Tow hitch"", ""Missing hubcap""]"
1787901000,Bookstore,WUB-4659,Black,Pickup Truck,"[""Sunroof""]"
1787901120,Office Back Alley,TBJ-5379,Green,Coupe,"[""Bumper sticker""]"
1787901150,Bookstore,TQP-8061,Silver,Hatchback,"[""Tinted windows""]"
1787901210,Bookstore,HQY-7996,Maroon,Motorcycle,[]
1787901240,Bookstore,BPU-4332,White,Motorcycle,[]
1787901270,Bookstore,YTG-6287,Green,Coupe,"[""Bumper sticker"", ""Tow hitch""]"
1787901270,Bookstore,HQY-7996,Maroon,Motorcycle,[]
1787901300,Office Back Alley,CZA-9416,Black,Bus,[]
1787901300,Bookstore,RRC-4766,Blue,Coupe,"[""Tinted windows"", ""Tow hitch""]"
1787901330,Bookstore,YJG-1440,Black,Sedan,"[""Tinted windows"", ""Bumper sticker""]"
1787901330,Bookstore,AIT-2702,Blue,Pickup Truck,"[""Dented rear bumper"", ""Tow hitch""]"
1787901330,Bookstore,OYU-1228,Maroon,Bus,[]
1787901330,Office Back Alley,ZNI-4355,Blue,Coupe,[]
1787901360,Bookstore,DYT-5541,Maroon,Hatchback,[]
1787901360,Bookstore,UHR-2612,White,Pickup Truck,[]
1787901390,Bookstore,LHA-6933,Gray,Bus,"[""Missing hubcap""]"
1787901420,Hospital,IRY-6538,Gold,Coupe,"[""Sunroof"", ""Custom rims""]"
1787901510,Bookstore,ZNI-4355,Blue,Coupe,[]
1787901510,Bookstore,NVS-7383,Gold,Van,"[""Aftermarket exhaust"", ""Ladder rack""]"
1787901510,Bookstore,EWE-8741,Blue,Bus,"[""Custom rims""]"
1787901570,Office Back Alley,QDH-4925,Red,Van,[]
1787901660,Office Back Alley,BGW-3337,Silver,Bus,"[""Bumper sticker""]"
1787901660,Hospital,HYS-9092,Gray,Coupe,"[""Roof rack"", ""Dented rear bumper""]"
1787901690,Office Back Alley,NUN-3923,Silver,Motorcycle,"[""Roof rack"", ""Sunroof""]"
1787901690,Office Back Alley,FCH-7617,Maroon,Sedan,[]
1787901720,Bookstore,OGN-4489,Black,Pickup Truck,"[""Aftermarket exhaust"", ""Custom rims""]"
1787901720,Bookstore,EVV-3567,Blue,SUV,"[""Aftermarket exhaust""]"
1787901810,Bookstore,ZFD-3277,Green,Hatchback,"[""Bumper sticker"", ""Missing hubcap""]"
1787901930,Bookstore,DOP-3475,Silver,SUV,[]
1787902020,Bookstore,RRT-3341,Red,Sedan,"[""Tinted windows"", ""Dented rear bumper""]"
1787902020,Bookstore,RQA-7745,Red,Motorcycle,"[""Sunroof""]"
1787902050,Office Back Alley,CZA-9416,Black,Bus,[]
1787902050,Bookstore,RTJ-3423,Gold,Sedan,[]
1787902050,Bookstore,BPU-4332,White,Motorcycle,[]
1787902080,Office Back Alley,LXQ-7888,Black,Van,[]
1787902110,Office Back Alley,BPU-4332,White,Motorcycle,[]
1787902170,Bookstore,EHW-3879,Maroon,Coupe,[]
1787902170,Bookstore,EYH-6407,Black,Bus,"[""Custom rims"", ""Tinted windows""]"
1787902200,Office Back Alley,HUK-4229,White,Coupe,"[""Tinted windows""]"
1787902200,Hospital,KES-9323,Maroon,Bus,"[""Spoiler"", ""Missing hubcap""]"
1787902230,Hospital,IUT-7188,Gray,Bus,"[""Sunroof""]"
1787902290,Bookstore,IMH-7658,Gray,Hatchback,"[""Tinted windows""]"
1787902290,Bookstore,TXI-5471,White,Pickup Truck,[]
1787902320,Bookstore,OGN-4489,Black,Pickup Truck,"[""Aftermarket exhaust"", ""Custom rims""]"
1787902350,Bookstore,AIT-2702,Blue,Pickup Truck,"[""Dented rear bumper"", ""Tow hitch""]"
1787902380,Bookstore,TQP-8061,Silver,Hatchback,"[""Tinted windows""]"
1787902500,Bookstore,NYF-1596,Silver,Pickup Truck,"[""Bumper sticker""]"
1787902530,Bookstore,TQP-8061,Silver,Hatchback,"[""Tinted windows""]"
1787902530,Office Back Alley,MDL-3261,Blue,Motorcycle,[]
1787902560,Office Back Alley,LUG-7654,Black,Bus,"[""Bumper sticker""]"
1787902680,Office Back Alley,EUA-8367,Gold,Motorcycle,"[""Ladder rack""]"
1787902680,Bookstore,RBG-4071,Blue,Bus,"[""Bumper sticker"", ""Ladder rack""]"
1787902740,Hospital,TBJ-5379,Green,Coupe,"[""Bumper sticker""]"
1787902740,Bookstore,OYU-1228,Maroon,Bus,[]
1787902800,Office Back Alley,WUB-4659,Black,Pickup Truck,"[""Sunroof""]"
1787902920,Office Back Alley,CZA-9416,Black,Bus,[]
1787902950,Bookstore,VDV-4194,White,Coupe,[]
1787902950,Hospital,ZNI-4355,Blue,Coupe,[]
1787902980,Hospital,EHW-3879,Maroon,Coupe,[]
1787903040,Office Back Alley,QDH-4925,Red,Van,[]
1787903070,Office Back Alley,HQY-7996,Maroon,Motorcycle,[]
1787903130,Office Back Alley,YJG-1440,Black,Sedan,"[""Tinted windows"", ""Bumper sticker""]"
1787903160,Office Back Alley,UHR-2612,White,Pickup Truck,[]
1787903160,Bookstore,XOW-5609,Gray,Sedan,"[""Sunroof"", ""Roof rack""]"
1787903280,Bookstore,ZNI-4355,Blue,Coupe,[]
1787903340,Bookstore,HQY-7996,Maroon,Motorcycle,[]
1787903370,Bookstore,AIT-2702,Blue,Pickup Truck,"[""Dented rear bumper"", ""Tow hitch""]"
1787903370,Bookstore,KNM-8888,Gray,Sedan,"[""Ladder rack"", ""Aftermarket exhaust""]"
1787903460,Bookstore,EQL-6876,Green,Bus,"[""Cracked windshield""]"
1787903490,Bookstore,VAP-5225,Silver,Hatchback,"[""Cracked windshield"", ""Tinted windows""]"
1787903550,Bookstore,OGN-4489,Black,Pickup Truck,"[""Aftermarket exhaust"", ""Custom rims""]"
1787903580,Bookstore,FCH-7617,Maroon,Sedan,[]
1787903610,Office Back Alley,ZFD-3277,Green,Hatchback,"[""Bumper sticker"", ""Missing hubcap""]"
1787903610,Bookstore,WNV-7840,Red,Motorcycle,"[""Bumper sticker""]"
1787903700,Bookstore,EWE-8741,Blue,Bus,"[""Custom rims""]"
1787903730,Hospital,BPU-4332,White,Motorcycle,[]
1787903820,Office Back Alley,KES-9323,Maroon,Bus,"[""Spoiler"", ""Missing hubcap""]"
1787903820,Bookstore,EQL-6876,Green,Bus,"[""Cracked windshield""]"
1787903850,Office Back Alley,BPU-4332,White,Motorcycle,[]
1787903910,Bookstore,DOP-3475,Silver,SUV,[]
1787903940,Office Back Alley,YTG-6287,Green,Coupe,"[""Bumper sticker"", ""Tow hitch""]"
1787903970,Office Back Alley,HQY-7996,Maroon,Motorcycle,[]
1787903970,Office Back Alley,EYH-6407,Black,Bus,"[""Custom rims"", ""Tinted windows""]"
1787904000,Office Back Alley,CZA-9416,Black,Bus,[]
1787904060,Office Back Alley,NUN-3923,Silver,Motorcycle,"[""Roof rack"", ""Sunroof""]"
1787904090,Office Back Alley,AIT-2702,Blue,Pickup Truck,"[""Dented rear bumper"", ""Tow hitch""]"
1787904120,Bookstore,VJM-7944,Beige,Sedan,[]
1787904150,Hospital,KES-9323,Maroon,Bus,"[""Spoiler"", ""Missing hubcap""]"
1787904150,Hospital,MDL-3261,Blue,Motorcycle,[]
1787904180,Hospital,LUG-7654,Black,Bus,"[""Bumper sticker""]"
1787904210,Office Back Alley,LXQ-7888,Black,Van,[]
1787904270,Bookstore,FYR-2853,Gold,SUV,"[""Missing hubcap"", ""Aftermarket exhaust""]"
1787904270,Office Back Alley,BGW-3337,Silver,Bus,"[""Bumper sticker""]"
1787904270,Office Back Alley,FCH-7617,Maroon,Sedan,[]
1787904330,Bookstore,FHL-3560,Silver,Van,[]
1787904330,Bookstore,BLF-4771,Gray,Sedan,[]
1787904330,Office Back Alley,OYU-1228,Maroon,Bus,[]
1787904390,Bookstore,KOE-4072,Beige,Pickup Truck,[]
1787904450,Office Back Alley,EUA-8367,Gold,Motorcycle,"[""Ladder rack""]"
1787904480,Bookstore,QLL-8894,Black,Coupe,"[""Spoiler"", ""Bumper sticker""]"
1787904480,Bookstore,ZGK-3461,Blue,Van,[]
1787904600,Hospital,DYT-5541,Maroon,Hatchback,[]
1787904600,Office Back Alley,HUK-4229,White,Coupe,"[""Tinted windows""]"
1787904600,Office Back Alley,EHW-3879,Maroon,Coupe,[]
1787904720,Hospital,OYU-1228,Maroon,Bus,[]
1787904750,Bookstore,VKM-8657,Blue,Sedan,"[""Custom rims""]"
1787904750,Bookstore,CZA-9416,Black,Bus,[]
1787904810,Hospital,EJJ-5605,Red,Bus,"[""Tinted windows"", ""Aftermarket exhaust""]"
1787904810,Office Back Alley,YTG-6287,Green,Coupe,"[""Bumper sticker"", ""Tow hitch""]"
1787904810,Bookstore,XOW-5609,Gray,Sedan,"[""Sunroof"", ""Roof rack""]"
1787904810,Bookstore,QDH-4925,Red,Van,[]
1787904900,Office Back Alley,YJG-1440,Black,Sedan,"[""Tinted windows"", ""Bumper sticker""]"
1787905110,Office Back Alley,BPU-4332,White,Motorcycle,[]
1787905110,Bookstore,FCH-7617,Maroon,Sedan,[]
1787905140,Office Back Alley,BPU-4332,White,Motorcycle,[]
1787905140,Office Back Alley,RRC-4766,Blue,Coupe,"[""Tinted windows"", ""Tow hitch""]"
1787905140,Bookstore,IMH-7658,Gray,Hatchback,"[""Tinted windows""]"
1787905170,Office Back Alley,BTZ-5167,Silver,Coupe,[]
1787905200,Bookstore,TQP-8061,Silver,Hatchback,"[""Tinted windows""]"
1787905230,Office Back Alley,UHR-2612,White,Pickup Truck,[]
1787905260,Bookstore,DYT-5541,Maroon,Hatchback,[]
1787905290,Bookstore,BPU-4332,White,Motorcycle,[]
1787905410,Office Back Alley,WUB-4659,Black,Pickup Truck,"[""Sunroof""]"
1787905410,Office Back Alley,IRY-6538,Gold,Coupe,"[""Sunroof"", ""Custom rims""]"
1787905440,Office Back Alley,EYH-6407,Black,Bus,"[""Custom rims"", ""Tinted windows""]"
1787905440,Office Back Alley,EWE-8741,Blue,Bus,"[""Custom rims""]"
1787905500,Bookstore,FYR-2853,Gold,SUV,"[""Missing hubcap"", ""Aftermarket exhaust""]"
1787905500,Office Back Alley,RRC-4766,Blue,Coupe,"[""Tinted windows"", ""Tow hitch""]"
1787905590,Office Back Alley,RBG-4071,Blue,Bus,"[""Bumper sticker"", ""Ladder rack""]"
1787905620,Hospital,CZA-9416,Black,Bus,[]
1787905620,Office Back Alley,ZFD-3277,Green,Hatchback,"[""Bumper sticker"", ""Missing hubcap""]"
1787905620,Office Back Alley,OGN-4489,Black,Pickup Truck,"[""Aftermarket exhaust"", ""Custom rims""]"
1787905650,Bookstore,UJS-4783,Red,Bus,"[""Spoiler""]"
1787905680,Hospital,NUN-3923,Silver,Motorcycle,"[""Roof rack"", ""Sunroof""]"
1787905680,Hospital,IRY-6538,Gold,Coupe,"[""Sunroof"", ""Custom rims""]"
1787905680,Hospital,TML-3408,Red,Motorcycle,"[""Spoiler"", ""Custom rims""]"
1787905740,Bookstore,QDH-4925,Red,Van,[]
1787905770,Office Back Alley,KES-9323,Maroon,Bus,"[""Spoiler"", ""Missing hubcap""]"
1787905800,Office Back Alley,EVV-3567,Blue,SUV,"[""Aftermarket exhaust""]"
1787905830,Bookstore,QDH-4925,Red,Van,[]
1787905860,Office Back Alley,NYF-1596,Silver,Pickup Truck,"[""Bumper sticker""]"
1787905890,Bookstore,ROX-9271,Gray,Coupe,"[""Custom rims"", ""Roof rack""]"
1787905920,Bookstore,QLL-8894,Black,Coupe,"[""Spoiler"", ""Bumper sticker""]"
1787905920,Office Back Alley,EHW-3879,Maroon,Coupe,[]
1787905950,Office Back Alley,HQY-7996,Maroon,Motorcycle,[]
1787905980,Office Back Alley,BPU-4332,White,Motorcycle,[]
1787906040,Bookstore,TQP-8061,Silver,Hatchback,"[""Tinted windows""]"
1787906070,Bookstore,VDV-4194,White,Coupe,[]
1787906070,Bookstore,DOP-3475,Silver,SUV,[]
1787906100,Bookstore,DOP-3475,Silver,SUV,[]
1787906160,Office Back Alley,OYU-1228,Maroon,Bus,[]
1787906220,Bookstore,VJM-7944,Beige,Sedan,[]
1787906220,Bookstore,LHA-6933,Gray,Bus,"[""Missing hubcap""]"
1787906220,Office Back Alley,RRC-4766,Blue,Coupe,"[""Tinted windows"", ""Tow hitch""]"
1787906220,Office Back Alley,ZIG-1175,Black,Bus,[]
1787906250,Hospital,HUK-4229,White,Coupe,"[""Tinted windows""]"
1787906250,Office Back Alley,KES-9323,Maroon,Bus,"[""Spoiler"", ""Missing hubcap""]"
1787906250,Bookstore,ABS-2643,Gold,Pickup Truck,"[""Tow hitch"", ""Missing hubcap""]"
1787906280,Bookstore,BLF-4771,Gray,Sedan,[]
1787906280,Bookstore,OGN-4489,Black,Pickup Truck,"[""Aftermarket exhaust"", ""Custom rims""]"
1787906310,Bookstore,IMH-7658,Gray,Hatchback,"[""Tinted windows""]"
1787906310,Bookstore,ZGK-3461,Blue,Van,[]
1787906310,Bookstore,NVS-7383,Gold,Van,"[""Aftermarket exhaust"", ""Ladder rack""]"
1787906340,Office Back Alley,OYU-1228,Maroon,Bus,[]
1787906430,Office Back Alley,AIT-2702,Blue,Pickup Truck,"[""Dented rear bumper"", ""Tow hitch""]"
1787906460,Hospital,QDH-4925,Red,Van,[]
1787906460,Bookstore,NKO-5227,Gray,Motorcycle,"[""Roof rack""]"
1787906520,Hospital,YJG-1440,Black,Sedan,"[""Tinted windows"", ""Bumper sticker""]"
1787906520,Bookstore,TXI-5471,White,Pickup Truck,[]
1787906520,Bookstore,HQY-7996,Maroon,Motorcycle,[]
1787906550,Bookstore,GEZ-2109,Red,Motorcycle,"[""Missing hubcap"", ""Dented rear bumper""]"
1787906580,Bookstore,YTG-6287,Green,Coupe,"[""Bumper sticker"", ""Tow hitch""]"
1787906640,Office Back Alley,RRC-4766,Blue,Coupe,"[""Tinted windows"", ""Tow hitch""]"
1787906730,Bookstore,VJM-7944,Beige,Sedan,[]
1787906760,Hospital,RRC-4766,Blue,Coupe,"[""Tinted windows"", ""Tow hitch""]"
1787906760,Bookstore,FYR-2853,Gold,SUV,"[""Missing hubcap"", ""Aftermarket exhaust""]"
1787906790,Hospital,BPU-4332,White,Motorcycle,[]
1787906790,Hospital,IRY-6538,Gold,Coupe,"[""Sunroof"", ""Custom rims""]"
1787906790,Office Back Alley,BTZ-5167,Silver,Coupe,[]
1787906850,Bookstore,DYT-5541,Maroon,Hatchback,[]
1787906850,Bookstore,TQP-8061,Silver,Hatchback,"[""Tinted windows""]"
1787906940,Bookstore,IMH-7658,Gray,Hatchback,"[""Tinted windows""]"
1787906970,Office Back Alley,EWE-8741,Blue,Bus,"[""Custom rims""]"
1787906970,Office Back Alley,RRC-4766,Blue,Coupe,"[""Tinted windows"", ""Tow hitch""]"
1787907000,Bookstore,VQJ-3851,Beige,Hatchback,[]
1787907150,Office Back Alley,ZIG-1175,Black,Bus,[]
1787907150,Office Back Alley,FCH-7617,Maroon,Sedan,[]
1787907180,Hospital,EHW-3879,Maroon,Coupe,[]
1787907210,Bookstore,ZNI-4355,Blue,Coupe,[]
1787907240,Office Back Alley,IUT-7188,Gray,Bus,"[""Sunroof""]"
1787907270,Bookstore,RQA-7745,Red,Motorcycle,"[""Sunroof""]"
1787907300,Office Back Alley,IRY-6538,Gold,Coupe,"[""Sunroof"", ""Custom rims""]"
1787907420,Hospital,EVV-3567,Blue,SUV,"[""Aftermarket exhaust""]"
1787907420,Hospital,RRC-4766,Blue,Coupe,"[""Tinted windows"", ""Tow hitch""]"
1787907450,Bookstore,VAP-5225,Silver,Hatchback,"[""Cracked windshield"", ""Tinted windows""]"
1787907510,Bookstore,KNM-8888,Gray,Sedan,"[""Ladder rack"", ""Aftermarket exhaust""]"
1787907540,Hospital,EHW-3879,Maroon,Coupe,[]
1787907540,Bookstore,RTJ-3423,Gold,Sedan,[]
1787907540,Office Back Alley,NYF-1596,Silver,Pickup Truck,"[""Bumper sticker""]"
1787907570,Hospital,HQY-7996,Maroon,Motorcycle,[]
1787907600,Bookstore,OYU-1228,Maroon,Bus,[]
1787907600,Bookstore,EQL-6876,Green,Bus,"[""Cracked windshield""]"
1787907660,Bookstore,VKM-8657,Blue,Sedan,"[""Custom rims""]"
1787907810,Office Back Alley,IRY-6538,Gold,Coupe,"[""Sunroof"", ""Custom rims""]"
1787907840,Office Back Alley,VDV-4194,White,Coupe,[]
1787907900,Office Back Alley,EQL-6876,Green,Bus,"[""Cracked windshield""]"
1787907960,Office Back Alley,KES-9323,Maroon,Bus,"[""Spoiler"", ""Missing hubcap""]"
1787907990,Office Back Alley,LHA-6933,Gray,Bus,"[""Missing hubcap""]"
1787907990,Bookstore,DOP-3475,Silver,SUV,[]
1787908080,Hospital,AIT-2702,Blue,Pickup Truck,"[""Dented rear bumper"", ""Tow hitch""]"
1787908140,Bookstore,GEZ-2109,Red,Motorcycle,"[""Missing hubcap"", ""Dented rear bumper""]"
1787908290,Bookstore,HQY-7996,Maroon,Motorcycle,[]
1787908320,Hospital,ZNI-4355,Blue,Coupe,[]
1787908500,Hospital,NYF-1596,Silver,Pickup Truck,"[""Bumper sticker""]"
1787908500,Bookstore,BLF-4771,Gray,Sedan,[]
1787908590,Office Back Alley,OYU-1228,Maroon,Bus,[]
1787908620,Hospital,EWE-8741,Blue,Bus,"[""Custom rims""]"
1787908620,Bookstore,OGN-4489,Black,Pickup Truck,"[""Aftermarket exhaust"", ""Custom rims""]"
1787908680,Office Back Alley,DYT-5541,Maroon,Hatchback,[]
1787908710,Bookstore,WNV-7840,Red,Motorcycle,"[""Bumper sticker""]"
1787908800,Bookstore,QLL-8894,Black,Coupe,"[""Spoiler"", ""Bumper sticker""]"
1787908920,Office Back Alley,IRY-6538,Gold,Coupe,"[""Sunroof"", ""Custom rims""]"
1787909040,Bookstore,BLF-4771,Gray,Sedan,[]
1787909070,Bookstore,CZA-9416,Black,Bus,[]
1787909190,Hospital,BPU-4332,White,Motorcycle,[]
1787909280,Office Back Alley,KNM-8888,Gray,Sedan,"[""Ladder rack"", ""Aftermarket exhaust""]"
1787909370,Office Back Alley,OYU-1228,Maroon,Bus,[]
1787909370,Bookstore,TQP-8061,Silver,Hatchback,"[""Tinted windows""]"
1787909520,Hospital,LUG-7654,Black,Bus,"[""Bumper sticker""]"
1787909520,Hospital,EQL-6876,Green,Bus,"[""Cracked windshield""]"
1787909580,Bookstore,FHL-3560,Silver,Van,[]
1787909610,Hospital,KES-9323,Maroon,Bus,"[""Spoiler"", ""Missing hubcap""]"
1787909610,Hospital,LHA-6933,Gray,Bus,"[""Missing hubcap""]"
1787909880,Office Back Alley,GEZ-2109,Red,Motorcycle,"[""Missing hubcap"", ""Dented rear bumper""]"
1787910120,Bookstore,UJS-4783,Red,Bus,"[""Spoiler""]"
1787910120,Bookstore,DYT-5541,Maroon,Hatchback,[]
1787910300,Hospital,DYT-5541,Maroon,Hatchback,[]
1787910360,Hospital,CZA-9416,Black,Bus,[]
1787910390,Office Back Alley,OGN-4489,Black,Pickup Truck,"[""Aftermarket exhaust"", ""Custom rims""]"
1787910480,Office Back Alley,WNV-7840,Red,Motorcycle,"[""Bumper sticker""]"
1787910540,Hospital,IRY-6538,Gold,Coupe,"[""Sunroof"", ""Custom rims""]"
1787910540,Bookstore,EJJ-5605,Red,Bus,"[""Tinted windows"", ""Aftermarket exhaust""]"
1787910540,Bookstore,OGN-4489,Black,Pickup Truck,"[""Aftermarket exhaust"", ""Custom rims""]"
1787910570,Office Back Alley,QLL-8894,Black,Coupe,"[""Spoiler"", ""Bumper sticker""]"
1787910570,Bookstore,NKO-5227,Gray,Motorcycle,"[""Roof rack""]"
1787910600,Bookstore,BPU-4332,White,Motorcycle,[]
1787910630,Bookstore,DOP-3475,Silver,SUV,[]
1787910810,Office Back Alley,BPU-4332,White,Motorcycle,[]
1787911140,Office Back Alley,TQP-8061,Silver,Hatchback,"[""Tinted windows""]"
1787911140,Office Back Alley,LUG-7654,Black,Bus,"[""Bumper sticker""]"
1787911200,Bookstore,ROX-9271,Gray,Coupe,"[""Custom rims"", ""Roof rack""]"
1787911320,Bookstore,VQJ-3851,Beige,Hatchback,[]
1787911350,Office Back Alley,FHL-3560,Silver,Van,[]
1787911680,Hospital,RRC-4766,Blue,Coupe,"[""Tinted windows"", ""Tow hitch""]"
1787911890,Office Back Alley,UJS-4783,Red,Bus,"[""Spoiler""]"
1787912250,Hospital,QDH-4925,Red,Van,[]
1787912310,Office Back Alley,OGN-4489,Black,Pickup Truck,"[""Aftermarket exhaust"", ""Custom rims""]"
1787912370,Bookstore,KOE-4072,Beige,Pickup Truck,[]
1787912370,Office Back Alley,BPU-4332,White,Motorcycle,[]
1787912970,Hospital,FHL-3560,Silver,Van,[]
1787912970,Office Back Alley,ROX-9271,Gray,Coupe,"[""Custom rims"", ""Roof rack""]"
1787913300,Office Back Alley,RRC-4766,Blue,Coupe,"[""Tinted windows"", ""Tow hitch""]"
1787913690,Bookstore,QDH-4925,Red,Van,[]
1787913990,Hospital,BPU-4332,White,Motorcycle,[]
1787914170,Office Back Alley,KOE-4072,Beige,Pickup Truck,[]
1787914650,Bookstore,QLL-8894,Black,Coupe,"[""Spoiler"", ""Bumper sticker""]"
1787914650,Bookstore,BLF-4771,Gray,Sedan,[]
1787915490,Office Back Alley,QDH-4925,Red,Van,[]
1787916450,Office Back Alley,QLL-8894,Black,Coupe,"[""Spoiler"", ""Bumper sticker""]"
1787916450,Office Back Alley,BLF-4771,Gray,Sedan,[]
1787936640,Office Back Alley,WNV-7840,Red,Motorcycle,"[""Bumper sticker""]"
1787936700,Hospital,EHW-3879,Maroon,Coupe,[]
1787936790,Hospital,IRY-6538,Gold,Coupe,"[""Sunroof"", ""Custom rims""]"
1787936970,Hospital,IRY-6538,Gold,Coupe,"[""Sunroof"", ""Custom rims""]"
1787937330,Office Back Alley,CZA-9416,Black,Bus,[]
1787937510,Office Back Alley,KES-9323,Maroon,Bus,"[""Spoiler"", ""Missing hubcap""]"
1787937600,Bookstore,IMH-7658,Gray,Hatchback,"[""Tinted windows""]"
1787937630,Hospital,ZNI-4355,Blue,Coupe,[]
1787937720,Hospital,DYT-5541,Maroon,Hatchback,[]
1787937750,Hospital,EQL-6876,Green,Bus,"[""Cracked windshield""]"
1787937750,Hospital,KES-9323,Maroon,Bus,"[""Spoiler"", ""Missing hubcap""]"
1787937750,Hospital,BPU-4332,White,Motorcycle,[]
1787937750,Hospital,RRC-4766,Blue,Coupe,"[""Tinted windows"", ""Tow hitch""]"
1787937780,Hospital,EVV-3567,Blue,SUV,"[""Aftermarket exhaust""]"
1787937780,Office Back Alley,TQP-8061,Silver,Hatchback,"[""Tinted windows""]"
1787937780,Office Back Alley,HQY-7996,Maroon,Motorcycle,[]
1787937810,Hospital,FHL-3560,Silver,Van,[]
1787937840,Bookstore,QDH-4925,Red,Van,[]
1787937870,Office Back Alley,OYU-1228,Maroon,Bus,[]
1787937870,Office Back Alley,DYT-5541,Maroon,Hatchback,[]
1787937900,Hospital,EWE-8741,Blue,Bus,"[""Custom rims""]"
1787938020,Bookstore,YTG-6287,Green,Coupe,"[""Bumper sticker"", ""Tow hitch""]"
1787938050,Bookstore,FYR-2853,Gold,SUV,"[""Missing hubcap"", ""Aftermarket exhaust""]"
1787938230,Hospital,EHW-3879,Maroon,Coupe,[]
1787938230,Hospital,LHA-6933,Gray,Bus,"[""Missing hubcap""]"
1787938260,Hospital,WNV-7840,Red,Motorcycle,"[""Bumper sticker""]"
1787938380,Hospital,FYR-2853,Gold,SUV,"[""Missing hubcap"", ""Aftermarket exhaust""]"
1787938380,Office Back Alley,OGN-4489,Black,Pickup Truck,"[""Aftermarket exhaust"", ""Custom rims""]"
1787938410,Office Back Alley,FCH-7617,Maroon,Sedan,[]
1787938410,Office Back Alley,QDH-4925,Red,Van,[]
1787938410,Bookstore,NKO-5227,Gray,Motorcycle,"[""Roof rack""]"
1787938440,Bookstore,HYS-9092,Gray,Coupe,"[""Roof rack"", ""Dented rear bumper""]"
1787938470,Bookstore,TXI-5471,White,Pickup Truck,[]
1787938470,Office Back Alley,DOP-3475,Silver,SUV,[]
1787938500,Bookstore,FCH-7617,Maroon,Sedan,[]
1787938530,Hospital,MDL-3261,Blue,Motorcycle,[]
1787938590,Office Back Alley,RRC-4766,Blue,Coupe,"[""Tinted windows"", ""Tow hitch""]"
1787938620,Office Back Alley,RRC-4766,Blue,Coupe,"[""Tinted windows"", ""Tow hitch""]"
1787938680,Office Back Alley,QLL-8894,Black,Coupe,"[""Spoiler"", ""Bumper sticker""]"
1787938680,Office Back Alley,QLL-8894,Black,Coupe,"[""Spoiler"", ""Bumper sticker""]"
1787938680,Office Back Alley,ZIG-1175,Black,Bus,[]
1787938710,Office Back Alley,IRY-6538,Gold,Coupe,"[""Sunroof"", ""Custom rims""]"
1787938740,Office Back Alley,KOE-4072,Beige,Pickup Truck,[]
1787938740,Bookstore,VQJ-3851,Beige,Hatchback,[]
1787938800,Office Back Alley,LUG-7654,Black,Bus,"[""Bumper sticker""]"
1787938800,Office Back Alley,UJS-4783,Red,Bus,"[""Spoiler""]"
1787938830,Hospital,HQY-7996,Maroon,Motorcycle,[]
1787938830,Office Back Alley,CZA-9416,Black,Bus,[]
1787938860,Office Back Alley,BPU-4332,White,Motorcycle,[]
1787938920,Office Back Alley,KNM-8888,Gray,Sedan,"[""Ladder rack"", ""Aftermarket exhaust""]"
1787938920,Hospital,ZNI-4355,Blue,Coupe,[]
1787938950,Hospital,AIT-2702,Blue,Pickup Truck,"[""Dented rear bumper"", ""Tow hitch""]"
1787938980,Office Back Alley,VDV-4194,White,Coupe,[]
1787939010,Office Back Alley,BLF-4771,Gray,Sedan,[]
1787939010,Hospital,YJG-1440,Black,Sedan,"[""Tinted windows"", ""Bumper sticker""]"
1787939100,Bookstore,QDH-4925,Red,Van,[]
1787939100,Bookstore,IMH-7658,Gray,Hatchback,"[""Tinted windows""]"
1787939100,Bookstore,EJJ-5605,Red,Bus,"[""Tinted windows"", ""Aftermarket exhaust""]"
1787939130,Bookstore,BLF-4771,Gray,Sedan,[]
1787939130,Office Back Alley,OYU-1228,Maroon,Bus,[]
1787939160,Bookstore,YTG-6287,Green,Coupe,"[""Bumper sticker"", ""Tow hitch""]"
1787939160,Office Back Alley,OYU-1228,Maroon,Bus,[]
1787939160,Office Back Alley,OGN-4489,Black,Pickup Truck,"[""Aftermarket exhaust"", ""Custom rims""]"
1787939160,Hospital,KES-9323,Maroon,Bus,"[""Spoiler"", ""Missing hubcap""]"
1787939190,Hospital,QDH-4925,Red,Van,[]
1787939190,Office Back Alley,NYF-1596,Silver,Pickup Truck,"[""Bumper sticker""]"
1787939250,Hospital,BPU-4332,White,Motorcycle,[]
1787939250,Office Back Alley,DOP-3475,Silver,SUV,[]
1787939250,Office Back Alley,ZNI-4355,Blue,Coupe,[]
1787939280,Office Back Alley,FCH-7617,Maroon,Sedan,[]
1787939310,Office Back Alley,EQL-6876,Green,Bus,"[""Cracked windshield""]"
1787939310,Office Back Alley,BPU-4332,White,Motorcycle,[]
1787939310,Hospital,BGW-3337,Silver,Bus,"[""Bumper sticker""]"
1787939340,Office Back Alley,ROX-9271,Gray,Coupe,"[""Custom rims"", ""Roof rack""]"
1787939340,Office Back Alley,EVV-3567,Blue,SUV,"[""Aftermarket exhaust""]"
1787939370,Hospital,CIU-8112,Maroon,Bus,"[""Dented rear bumper"", ""Tow hitch""]"
1787939370,Hospital,HQY-7996,Maroon,Motorcycle,[]
1787939370,Office Back Alley,TQP-8061,Silver,Hatchback,"[""Tinted windows""]"
1787939490,Hospital,DYT-5541,Maroon,Hatchback,[]
1787939490,Office Back Alley,BPU-4332,White,Motorcycle,[]
1787939490,Bookstore,RBG-4071,Blue,Bus,"[""Bumper sticker"", ""Ladder rack""]"
1787939520,Office Back Alley,IUT-7188,Gray,Bus,"[""Sunroof""]"
1787939580,Office Back Alley,RRC-4766,Blue,Coupe,"[""Tinted windows"", ""Tow hitch""]"
1787939670,Bookstore,RRT-3341,Red,Sedan,"[""Tinted windows"", ""Dented rear bumper""]"
1787939670,Office Back Alley,BTZ-5167,Silver,Coupe,[]
1787939790,Office Back Alley,LHA-6933,Gray,Bus,"[""Missing hubcap""]"
1787939880,Bookstore,RQA-7745,Red,Motorcycle,"[""Sunroof""]"
1787939910,Office Back Alley,GEZ-2109,Red,Motorcycle,"[""Missing hubcap"", ""Dented rear bumper""]"
1787939910,Office Back Alley,TQP-8061,Silver,Hatchback,"[""Tinted windows""]"
1787939910,Bookstore,UHR-2612,White,Pickup Truck,[]
1787939970,Hospital,TBJ-5379,Green,Coupe,"[""Bumper sticker""]"
1787939970,Office Back Alley,RRC-4766,Blue,Coupe,"[""Tinted windows"", ""Tow hitch""]"
1787940000,Office Back Alley,FYR-2853,Gold,SUV,"[""Missing hubcap"", ""Aftermarket exhaust""]"
1787940000,Hospital,OGN-4489,Black,Pickup Truck,"[""Aftermarket exhaust"", ""Custom rims""]"
1787940150,Office Back Alley,MDL-3261,Blue,Motorcycle,[]
1787940180,Hospital,RRC-4766,Blue,Coupe,"[""Tinted windows"", ""Tow hitch""]"
1787940180,Bookstore,ZFD-3277,Green,Hatchback,"[""Bumper sticker"", ""Missing hubcap""]"
1787940180,Office Back Alley,OYU-1228,Maroon,Bus,[]
1787940180,Office Back Alley,RRC-4766,Blue,Coupe,"[""Tinted windows"", ""Tow hitch""]"
1787940240,Office Back Alley,TXI-5471,White,Pickup Truck,[]
1787940270,Bookstore,EYH-6407,Black,Bus,"[""Custom rims"", ""Tinted windows""]"
1787940300,Bookstore,HUK-4229,White,Coupe,"[""Tinted windows""]"
1787940330,Hospital,TML-3408,Red,Motorcycle,"[""Spoiler"", ""Custom rims""]"
1787940390,Hospital,UJS-4783,Red,Bus,"[""Spoiler""]"
1787940420,Bookstore,QLL-8894,Black,Coupe,"[""Spoiler"", ""Bumper sticker""]"
1787940420,Bookstore,ZIG-1175,Black,Bus,[]
1787940450,Bookstore,IRY-6538,Gold,Coupe,"[""Sunroof"", ""Custom rims""]"
1787940450,Office Back Alley,OGN-4489,Black,Pickup Truck,"[""Aftermarket exhaust"", ""Custom rims""]"
1787940480,Bookstore,KOE-4072,Beige,Pickup Truck,[]
1787940510,Office Back Alley,DOP-3475,Silver,SUV,[]
1787940540,Bookstore,LUG-7654,Black,Bus,"[""Bumper sticker""]"
1787940540,Office Back Alley,EQL-6876,Green,Bus,"[""Cracked windshield""]"
1787940570,Hospital,VDV-4194,White,Coupe,[]
1787940600,Hospital,BLF-4771,Gray,Sedan,[]
1787940600,Bookstore,CZA-9416,Black,Bus,[]
1787940600,Bookstore,OYU-1228,Maroon,Bus,[]
1787940660,Bookstore,KNM-8888,Gray,Sedan,"[""Ladder rack"", ""Aftermarket exhaust""]"
1787940660,Office Back Alley,OGN-4489,Black,Pickup Truck,"[""Aftermarket exhaust"", ""Custom rims""]"
1787940780,Hospital,NYF-1596,Silver,Pickup Truck,"[""Bumper sticker""]"
1787940870,Bookstore,EJJ-5605,Red,Bus,"[""Tinted windows"", ""Aftermarket exhaust""]"
1787940930,Hospital,FCH-7617,Maroon,Sedan,[]
1787940960,Office Back Alley,BPU-4332,White,Motorcycle,[]
1787940990,Hospital,TQP-8061,Silver,Hatchback,"[""Tinted windows""]"
1787940990,Office Back Alley,DOP-3475,Silver,SUV,[]
1787940990,Office Back Alley,QDH-4925,Red,Van,[]
1787941050,Bookstore,IMH-7658,Gray,Hatchback,"[""Tinted windows""]"
1787941050,Bookstore,DYT-5541,Maroon,Hatchback,[]
1787941080,Bookstore,ROX-9271,Gray,Coupe,"[""Custom rims"", ""Roof rack""]"
1787941140,Bookstore,FHL-3560,Silver,Van,[]
1787941170,Office Back Alley,HQY-7996,Maroon,Motorcycle,[]
1787941230,Bookstore,BPU-4332,White,Motorcycle,[]
1787941260,Office Back Alley,BTZ-5167,Silver,Coupe,[]
1787941260,Office Back Alley,DOP-3475,Silver,SUV,[]
1787941290,Office Back Alley,EUA-8367,Gold,Motorcycle,"[""Ladder rack""]"
1787941350,Bookstore,IUT-7188,Gray,Bus,"[""Sunroof""]"
1787941350,Office Back Alley,FYR-2853,Gold,SUV,"[""Missing hubcap"", ""Aftermarket exhaust""]"
1787941380,Office Back Alley,RTJ-3423,Gold,Sedan,[]
1787941410,Bookstore,XOW-5609,Gray,Sedan,"[""Sunroof"", ""Roof rack""]"
1787941470,Bookstore,IRY-6538,Gold,Coupe,"[""Sunroof"", ""Custom rims""]"
1787941500,Office Back Alley,VJM-7944,Beige,Sedan,[]
1787941500,Office Back Alley,VKM-8657,Blue,Sedan,"[""Custom rims""]"
1787941500,Office Back Alley,NYF-1596,Silver,Pickup Truck,"[""Bumper sticker""]"
1787941530,Office Back Alley,OYU-1228,Maroon,Bus,[]
1787941560,Bookstore,EHW-3879,Maroon,Coupe,[]
1787941560,Office Back Alley,BPU-4332,White,Motorcycle,[]
1787941560,Office Back Alley,EQL-6876,Green,Bus,"[""Cracked windshield""]"
1787941590,Office Back Alley,EVV-3567,Blue,SUV,"[""Aftermarket exhaust""]"
1787941590,Office Back Alley,TBJ-5379,Green,Coupe,"[""Bumper sticker""]"
1787941710,Bookstore,NUN-3923,Silver,Motorcycle,"[""Roof rack"", ""Sunroof""]"
1787941710,Bookstore,RRC-4766,Blue,Coupe,"[""Tinted windows"", ""Tow hitch""]"
1787941740,Office Back Alley,TQP-8061,Silver,Hatchback,"[""Tinted windows""]"
1787941770,Office Back Alley,RRC-4766,Blue,Coupe,"[""Tinted windows"", ""Tow hitch""]"
1787941770,Office Back Alley,ZNI-4355,Blue,Coupe,[]
1787941800,Office Back Alley,BLF-4771,Gray,Sedan,[]
1787941800,Hospital,RRC-4766,Blue,Coupe,"[""Tinted windows"", ""Tow hitch""]"
1787941860,Office Back Alley,LHA-6933,Gray,Bus,"[""Missing hubcap""]"
1787941890,Bookstore,LXQ-7888,Black,Van,[]
1787941890,Office Back Alley,WUB-4659,Black,Pickup Truck,"[""Sunroof""]"
1787941920,Bookstore,KOE-4072,Beige,Pickup Truck,[]
1787941950,Bookstore,OYU-1228,Maroon,Bus,[]
1787941950,Office Back Alley,GEZ-2109,Red,Motorcycle,"[""Missing hubcap"", ""Dented rear bumper""]"
1787941980,Bookstore,FCH-7617,Maroon,Sedan,[]
1787941980,Office Back Alley,DOP-3475,Silver,SUV,[]
1787942010,Office Back Alley,ZNI-4355,Blue,Coupe,[]
1787942160,Bookstore,FHL-3560,Silver,Van,[]
1787942160,Bookstore,HQY-7996,Maroon,Motorcycle,[]
1787942280,Bookstore,OGN-4489,Black,Pickup Truck,"[""Aftermarket exhaust"", ""Custom rims""]"
1787942280,Office Back Alley,TXI-5471,White,Pickup Truck,[]
1787942310,Bookstore,ABS-2643,Gold,Pickup Truck,"[""Tow hitch"", ""Missing hubcap""]"
1787942340,Bookstore,YJG-1440,Black,Sedan,"[""Tinted windows"", ""Bumper sticker""]"
1787942400,Bookstore,AIT-2702,Blue,Pickup Truck,"[""Dented rear bumper"", ""Tow hitch""]"
1787942400,Office Back Alley,MDL-3261,Blue,Motorcycle,[]
1787942400,Office Back Alley,VJM-7944,Beige,Sedan,[]
1787942490,Bookstore,HYS-9092,Gray,Coupe,"[""Roof rack"", ""Dented rear bumper""]"
1787942550,Bookstore,QLL-8894,Black,Coupe,"[""Spoiler"", ""Bumper sticker""]"
1787942610,Hospital,DOP-3475,Silver,SUV,[]
1787942640,Bookstore,DYT-5541,Maroon,Hatchback,[]
1787942640,Bookstore,ZFD-3277,Green,Hatchback,"[""Bumper sticker"", ""Missing hubcap""]"
1787942640,Office Back Alley,OGN-4489,Black,Pickup Truck,"[""Aftermarket exhaust"", ""Custom rims""]"
1787942730,Bookstore,BPU-4332,White,Motorcycle,[]
1787942790,Office Back Alley,RTJ-3423,Gold,Sedan,[]
1787942790,Office Back Alley,NVS-7383,Gold,Van,"[""Aftermarket exhaust"", ""Ladder rack""]"
1787942820,Office Back Alley,QDH-4925,Red,Van,[]
1787942850,Bookstore,NKO-5227,Gray,Motorcycle,"[""Roof rack""]"
1787942880,Hospital,DOP-3475,Silver,SUV,[]
1787942910,Bookstore,CZA-9416,Black,Bus,[]
1787942940,Office Back Alley,EUA-8367,Gold,Motorcycle,"[""Ladder rack""]"
1787942970,Hospital,FYR-2853,Gold,SUV,"[""Missing hubcap"", ""Aftermarket exhaust""]"
1787942970,Office Back Alley,QDH-4925,Red,Van,[]
1787943000,Office Back Alley,EWE-8741,Blue,Bus,"[""Custom rims""]"
1787943090,Bookstore,BTZ-5167,Silver,Coupe,[]
1787943120,Hospital,VJM-7944,Beige,Sedan,[]
1787943120,Hospital,VKM-8657,Blue,Sedan,"[""Custom rims""]"
1787943150,Hospital,OYU-1228,Maroon,Bus,[]
1787943150,Bookstore,FYR-2853,Gold,SUV,"[""Missing hubcap"", ""Aftermarket exhaust""]"
1787943150,Bookstore,IMH-7658,Gray,Hatchback,"[""Tinted windows""]"
1787943180,Hospital,WNV-7840,Red,Motorcycle,"[""Bumper sticker""]"
1787943180,Hospital,EQL-6876,Green,Bus,"[""Cracked windshield""]"
1787943210,Office Back Alley,IRY-6538,Gold,Coupe,"[""Sunroof"", ""Custom rims""]"
1787943210,Hospital,QDH-4925,Red,Van,[]
1787943390,Bookstore,BPU-4332,White,Motorcycle,[]
1787943390,Bookstore,ZYZ-1012,Beige,Motorcycle,"[""Spoiler""]"
1787943420,Hospital,BLF-4771,Gray,Sedan,[]
1787943420,Bookstore,VQJ-3851,Beige,Hatchback,[]
1787943450,Bookstore,HQY-7996,Maroon,Motorcycle,[]
1787943450,Office Back Alley,NYF-1596,Silver,Pickup Truck,"[""Bumper sticker""]"
1787943480,Office Back Alley,MDL-3261,Blue,Motorcycle,[]
1787943510,Bookstore,TQP-8061,Silver,Hatchback,"[""Tinted windows""]"
1787943510,Hospital,WUB-4659,Black,Pickup Truck,"[""Sunroof""]"
1787943600,Bookstore,ZNI-4355,Blue,Coupe,[]
1787943600,Hospital,DOP-3475,Silver,SUV,[]
1787943630,Hospital,ZNI-4355,Blue,Coupe,[]
1787943630,Office Back Alley,HQY-7996,Maroon,Motorcycle,[]
1787943690,Bookstore,LHA-6933,Gray,Bus,"[""Missing hubcap""]"
1787943720,Bookstore,GEZ-2109,Red,Motorcycle,"[""Missing hubcap"", ""Dented rear bumper""]"
1787943720,Office Back Alley,DYT-5541,Maroon,Hatchback,[]
1787943750,Bookstore,VAP-5225,Silver,Hatchback,"[""Cracked windshield"", ""Tinted windows""]"
1787943780,Bookstore,XOW-5609,Gray,Sedan,"[""Sunroof"", ""Roof rack""]"
1787943810,Office Back Alley,EQL-6876,Green,Bus,"[""Cracked windshield""]"
1787943810,Bookstore,UHR-2612,White,Pickup Truck,[]
1787943840,Bookstore,AIT-2702,Blue,Pickup Truck,"[""Dented rear bumper"", ""Tow hitch""]"
1787944110,Bookstore,YJG-1440,Black,Sedan,"[""Tinted windows"", ""Bumper sticker""]"
1787944140,Office Back Alley,NVS-7383,Gold,Van,"[""Aftermarket exhaust"", ""Ladder rack""]"
1787944170,Bookstore,RQA-7745,Red,Motorcycle,"[""Sunroof""]"
1787944230,Bookstore,EYH-6407,Black,Bus,"[""Custom rims"", ""Tinted windows""]"
1787944260,Bookstore,EVV-3567,Blue,SUV,"[""Aftermarket exhaust""]"
1787944320,Bookstore,HUK-4229,White,Coupe,"[""Tinted windows""]"
1787944380,Office Back Alley,DYT-5541,Maroon,Hatchback,[]
1787944410,Bookstore,ROX-9271,Gray,Coupe,"[""Custom rims"", ""Roof rack""]"
1787944470,Bookstore,IUT-7188,Gray,Bus,"[""Sunroof""]"
1787944530,Bookstore,DYT-5541,Maroon,Hatchback,[]
1787944530,Hospital,BPU-4332,White,Motorcycle,[]
1787944590,Hospital,QDH-4925,Red,Van,[]
1787944620,Hospital,HQY-7996,Maroon,Motorcycle,[]
1787944620,Hospital,TQP-8061,Silver,Hatchback,"[""Tinted windows""]"
1787944620,Bookstore,RRC-4766,Blue,Coupe,"[""Tinted windows"", ""Tow hitch""]"
1787944650,Office Back Alley,QDH-4925,Red,Van,[]
1787944680,Office Back Alley,TBJ-5379,Green,Coupe,"[""Bumper sticker""]"
1787944710,Bookstore,ZGK-3461,Blue,Van,[]
1787944740,Office Back Alley,DYT-5541,Maroon,Hatchback,[]
1787944770,Bookstore,KES-9323,Maroon,Bus,"[""Spoiler"", ""Missing hubcap""]"
1787944800,Office Back Alley,WNV-7840,Red,Motorcycle,"[""Bumper sticker""]"
1787944830,Office Back Alley,QDH-4925,Red,Van,[]
1787944920,Office Back Alley,IMH-7658,Gray,Hatchback,"[""Tinted windows""]"
1787944920,Hospital,VDV-4194,White,Coupe,[]
1787944950,Office Back Alley,EUA-8367,Gold,Motorcycle,"[""Ladder rack""]"
1787944980,Bookstore,FCH-7617,Maroon,Sedan,[]
1787945040,Bookstore,IRY-6538,Gold,Coupe,"[""Sunroof"", ""Custom rims""]"
1787945070,Hospital,NYF-1596,Silver,Pickup Truck,"[""Bumper sticker""]"
1787945100,Hospital,UJS-4783,Red,Bus,"[""Spoiler""]"
1787945190,Office Back Alley,RTJ-3423,Gold,Sedan,[]
1787945220,Bookstore,RRC-4766,Blue,Coupe,"[""Tinted windows"", ""Tow hitch""]"
1787945370,Bookstore,ZNI-4355,Blue,Coupe,[]
1787945400,Office Back Alley,DYT-5541,Maroon,Hatchback,[]
1787945460,Bookstore,HQY-7996,Maroon,Motorcycle,[]
1787945490,Bookstore,ZIG-1175,Black,Bus,[]
1787945490,Office Back Alley,VJM-7944,Beige,Sedan,[]
1787945520,Office Back Alley,EWE-8741,Blue,Bus,"[""Custom rims""]"
1787945520,Office Back Alley,XOW-5609,Gray,Sedan,"[""Sunroof"", ""Roof rack""]"
1787945580,Bookstore,IMH-7658,Gray,Hatchback,"[""Tinted windows""]"
1787945580,Office Back Alley,UHR-2612,White,Pickup Truck,[]
1787945850,Hospital,BLF-4771,Gray,Sedan,[]
1787945850,Office Back Alley,IRY-6538,Gold,Coupe,"[""Sunroof"", ""Custom rims""]"
1787945880,Hospital,TQP-8061,Silver,Hatchback,"[""Tinted windows""]"
1787945910,Office Back Alley,MDL-3261,Blue,Motorcycle,[]
1787945970,Bookstore,NVS-7383,Gold,Van,"[""Aftermarket exhaust"", ""Ladder rack""]"
1787946000,Office Back Alley,EYH-6407,Black,Bus,"[""Custom rims"", ""Tinted windows""]"
1787946000,Bookstore,LXQ-7888,Black,Van,[]
1787946030,Office Back Alley,EQL-6876,Green,Bus,"[""Cracked windshield""]"
1787946060,Bookstore,FCH-7617,Maroon,Sedan,[]
1787946090,Office Back Alley,HUK-4229,White,Coupe,"[""Tinted windows""]"
1787946150,Office Back Alley,BPU-4332,White,Motorcycle,[]
1787946180,Office Back Alley,ROX-9271,Gray,Coupe,"[""Custom rims"", ""Roof rack""]"
1787946210,Bookstore,OGN-4489,Black,Pickup Truck,"[""Aftermarket exhaust"", ""Custom rims""]"
1787946210,Office Back Alley,WNV-7840,Red,Motorcycle,"[""Bumper sticker""]"
1787946270,Bookstore,BLF-4771,Gray,Sedan,[]
1787946270,Hospital,QDH-4925,Red,Van,[]
1787946390,Bookstore,EHW-3879,Maroon,Coupe,[]
1787946390,Office Back Alley,UHR-2612,White,Pickup Truck,[]
1787946420,Office Back Alley,XOW-5609,Gray,Sedan,"[""Sunroof"", ""Roof rack""]"
1787946450,Bookstore,TBJ-5379,Green,Coupe,"[""Bumper sticker""]"
1787946480,Hospital,TML-3408,Red,Motorcycle,"[""Spoiler"", ""Custom rims""]"
1787946480,Office Back Alley,IMH-7658,Gray,Hatchback,"[""Tinted windows""]"
1787946510,Bookstore,DYT-5541,Maroon,Hatchback,[]
1787946540,Office Back Alley,VDV-4194,White,Coupe,[]
1787946570,Hospital,EUA-8367,Gold,Motorcycle,"[""Ladder rack""]"
1787946570,Bookstore,OGN-4489,Black,Pickup Truck,"[""Aftermarket exhaust"", ""Custom rims""]"
1787946630,Bookstore,KES-9323,Maroon,Bus,"[""Spoiler"", ""Missing hubcap""]"
1787946690,Hospital,FCH-7617,Maroon,Sedan,[]
1787946720,Office Back Alley,UJS-4783,Red,Bus,"[""Spoiler""]"
1787946720,Bookstore,ZNI-4355,Blue,Coupe,[]
1787946750,Office Back Alley,FCH-7617,Maroon,Sedan,[]
1787946810,Hospital,RTJ-3423,Gold,Sedan,[]
1787946840,Office Back Alley,MDL-3261,Blue,Motorcycle,[]
1787946870,Office Back Alley,EYH-6407,Black,Bus,"[""Custom rims"", ""Tinted windows""]"
1787946990,Bookstore,ABS-2643,Gold,Pickup Truck,"[""Tow hitch"", ""Missing hubcap""]"
1787947020,Hospital,DYT-5541,Maroon,Hatchback,[]
1787947080,Office Back Alley,HUK-4229,White,Coupe,"[""Tinted windows""]"
1787947170,Bookstore,NUN-3923,Silver,Motorcycle,"[""Roof rack"", ""Sunroof""]"
1787947230,Bookstore,RRC-4766,Blue,Coupe,"[""Tinted windows"", ""Tow hitch""]"
1787947260,Hospital,CIU-8112,Maroon,Bus,"[""Dented rear bumper"", ""Tow hitch""]"
1787947260,Office Back Alley,XOW-5609,Gray,Sedan,"[""Sunroof"", ""Roof rack""]"
1787947290,Office Back Alley,BPU-4332,White,Motorcycle,[]
1787947320,Office Back Alley,YJG-1440,Black,Sedan,"[""Tinted windows"", ""Bumper sticker""]"
1787947350,Bookstore,EWE-8741,Blue,Bus,"[""Custom rims""]"
1787947380,Bookstore,NVS-7383,Gold,Van,"[""Aftermarket exhaust"", ""Ladder rack""]"
1787947380,Office Back Alley,VDV-4194,White,Coupe,[]
1787947410,Office Back Alley,QDH-4925,Red,Van,[]
1787947440,Bookstore,CZA-9416,Black,Bus,[]
1787947470,Office Back Alley,BLF-4771,Gray,Sedan,[]
1787947470,Hospital,TXI-5471,White,Pickup Truck,[]
1787947500,Office Back Alley,TQP-8061,Silver,Hatchback,"[""Tinted windows""]"
1787947530,Hospital,FYR-2853,Gold,SUV,"[""Missing hubcap"", ""Aftermarket exhaust""]"
1787947620,Bookstore,IRY-6538,Gold,Coupe,"[""Sunroof"", ""Custom rims""]"
1787947650,Hospital,EQL-6876,Green,Bus,"[""Cracked windshield""]"
1787947680,Bookstore,FYR-2853,Gold,SUV,"[""Missing hubcap"", ""Aftermarket exhaust""]"
1787947770,Hospital,IRY-6538,Gold,Coupe,"[""Sunroof"", ""Custom rims""]"
1787947770,Bookstore,RRC-4766,Blue,Coupe,"[""Tinted windows"", ""Tow hitch""]"
1787947800,Bookstore,GEZ-2109,Red,Motorcycle,"[""Missing hubcap"", ""Dented rear bumper""]"
1787947860,Bookstore,LHA-6933,Gray,Bus,"[""Missing hubcap""]"
1787947920,Office Back Alley,HUK-4229,White,Coupe,"[""Tinted windows""]"
1787947950,Hospital,DOP-3475,Silver,SUV,[]
1787947950,Hospital,OGN-4489,Black,Pickup Truck,"[""Aftermarket exhaust"", ""Custom rims""]"
1787948010,Bookstore,QLL-8894,Black,Coupe,"[""Spoiler"", ""Bumper sticker""]"
1787948040,Bookstore,WNV-7840,Red,Motorcycle,"[""Bumper sticker""]"
1787948130,Office Back Alley,MDL-3261,Blue,Motorcycle,[]
1787948190,Office Back Alley,FCH-7617,Maroon,Sedan,[]
1787948190,Bookstore,RQA-7745,Red,Motorcycle,"[""Sunroof""]"
1787948220,Office Back Alley,UJS-4783,Red,Bus,"[""Spoiler""]"
1787948250,Bookstore,IMH-7658,Gray,Hatchback,"[""Tinted windows""]"
1787948310,Bookstore,YTG-6287,Green,Coupe,"[""Bumper sticker"", ""Tow hitch""]"
1787948310,Bookstore,LUG-7654,Black,Bus,"[""Bumper sticker""]"
1787948310,Office Back Alley,FCH-7617,Maroon,Sedan,[]
1787948370,Hospital,EJJ-5605,Red,Bus,"[""Tinted windows"", ""Aftermarket exhaust""]"
1787948400,Hospital,OYU-1228,Maroon,Bus,[]
1787948460,Hospital,WUB-4659,Black,Pickup Truck,"[""Sunroof""]"
1787948490,Bookstore,OYU-1228,Maroon,Bus,[]
1787948520,Hospital,EYH-6407,Black,Bus,"[""Custom rims"", ""Tinted windows""]"
1787948520,Bookstore,BLF-4771,Gray,Sedan,[]
1787948550,Hospital,ZFD-3277,Green,Hatchback,"[""Bumper sticker"", ""Missing hubcap""]"
1787948580,Hospital,NKO-5227,Gray,Motorcycle,"[""Roof rack""]"
1787948610,Bookstore,KES-9323,Maroon,Bus,"[""Spoiler"", ""Missing hubcap""]"
1787948610,Office Back Alley,ROX-9271,Gray,Coupe,"[""Custom rims"", ""Roof rack""]"
1787948640,Bookstore,BPU-4332,White,Motorcycle,[]
1787948700,Bookstore,RRC-4766,Blue,Coupe,"[""Tinted windows"", ""Tow hitch""]"
1787948700,Hospital,DOP-3475,Silver,SUV,[]
1787948760,Bookstore,TQP-8061,Silver,Hatchback,"[""Tinted windows""]"
1787948790,Bookstore,DYT-5541,Maroon,Hatchback,[]
1787948850,Bookstore,IUT-7188,Gray,Bus,"[""Sunroof""]"
1787948850,Bookstore,VAP-5225,Silver,Hatchback,"[""Cracked windshield"", ""Tinted windows""]"
1787948880,Office Back Alley,CIU-8112,Maroon,Bus,"[""Dented rear bumper"", ""Tow hitch""]"
1787948880,Hospital,XOW-5609,Gray,Sedan,"[""Sunroof"", ""Roof rack""]"
1787948880,Bookstore,ABS-2643,Gold,Pickup Truck,"[""Tow hitch"", ""Missing hubcap""]"
1787948910,Bookstore,HQY-7996,Maroon,Motorcycle,[]
1787949030,Bookstore,NYF-1596,Silver,Pickup Truck,"[""Bumper sticker""]"
1787949060,Bookstore,BPU-4332,White,Motorcycle,[]
1787949120,Office Back Alley,HUK-4229,White,Coupe,"[""Tinted windows""]"
1787949150,Office Back Alley,FYR-2853,Gold,SUV,"[""Missing hubcap"", ""Aftermarket exhaust""]"
1787949150,Bookstore,HQY-7996,Maroon,Motorcycle,[]
1787949180,Office Back Alley,FCH-7617,Maroon,Sedan,[]
1787949240,Bookstore,QDH-4925,Red,Van,[]
1787949240,Office Back Alley,TQP-8061,Silver,Hatchback,"[""Tinted windows""]"
1787949240,Office Back Alley,BLF-4771,Gray,Sedan,[]
1787949240,Office Back Alley,YJG-1440,Black,Sedan,"[""Tinted windows"", ""Bumper sticker""]"
1787949330,Bookstore,RRC-4766,Blue,Coupe,"[""Tinted windows"", ""Tow hitch""]"
1787949360,Office Back Alley,UHR-2612,White,Pickup Truck,[]
1787949390,Office Back Alley,IRY-6538,Gold,Coupe,"[""Sunroof"", ""Custom rims""]"
1787949420,Bookstore,BPU-4332,White,Motorcycle,[]
1787949450,Office Back Alley,VDV-4194,White,Coupe,[]
1787949450,Bookstore,ZGK-3461,Blue,Van,[]
1787949450,Bookstore,ZNI-4355,Blue,Coupe,[]
1787949450,Bookstore,CZA-9416,Black,Bus,[]
1787949510,Office Back Alley,RRC-4766,Blue,Coupe,"[""Tinted windows"", ""Tow hitch""]"
1787949570,Office Back Alley,GEZ-2109,Red,Motorcycle,"[""Missing hubcap"", ""Dented rear bumper""]"
1787949570,Office Back Alley,DOP-3475,Silver,SUV,[]
1787949570,Office Back Alley,OGN-4489,Black,Pickup Truck,"[""Aftermarket exhaust"", ""Custom rims""]"
1787949570,Bookstore,HQY-7996,Maroon,Motorcycle,[]
1787949660,Hospital,VQJ-3851,Beige,Hatchback,[]
1787949690,Bookstore,KNM-8888,Gray,Sedan,"[""Ladder rack"", ""Aftermarket exhaust""]"
1787949750,Hospital,MDL-3261,Blue,Motorcycle,[]
1787949780,Office Back Alley,CIU-8112,Maroon,Bus,"[""Dented rear bumper"", ""Tow hitch""]"
1787949810,Hospital,FCH-7617,Maroon,Sedan,[]
1787949810,Bookstore,RRC-4766,Blue,Coupe,"[""Tinted windows"", ""Tow hitch""]"
1787949840,Hospital,UJS-4783,Red,Bus,"[""Spoiler""]"
1787949900,Bookstore,TBJ-5379,Green,Coupe,"[""Bumper sticker""]"
1787949930,Hospital,TQP-8061,Silver,Hatchback,"[""Tinted windows""]"
1787949990,Office Back Alley,EJJ-5605,Red,Bus,"[""Tinted windows"", ""Aftermarket exhaust""]"
1787949990,Bookstore,HQY-7996,Maroon,Motorcycle,[]
1787949990,Bookstore,RRT-3341,Red,Sedan,"[""Tinted windows"", ""Dented rear bumper""]"
1787950020,Office Back Alley,OYU-1228,Maroon,Bus,[]
1787950050,Bookstore,VAP-5225,Silver,Hatchback,"[""Cracked windshield"", ""Tinted windows""]"
1787950080,Office Back Alley,WUB-4659,Black,Pickup Truck,"[""Sunroof""]"
1787950110,Office Back Alley,YTG-6287,Green,Coupe,"[""Bumper sticker"", ""Tow hitch""]"
1787950110,Office Back Alley,LUG-7654,Black,Bus,"[""Bumper sticker""]"
1787950140,Bookstore,HYS-9092,Gray,Coupe,"[""Roof rack"", ""Dented rear bumper""]"
1787950170,Office Back Alley,ZFD-3277,Green,Hatchback,"[""Bumper sticker"", ""Missing hubcap""]"
1787950200,Office Back Alley,NKO-5227,Gray,Motorcycle,"[""Roof rack""]"
1787950230,Hospital,VJM-7944,Beige,Sedan,[]
1787950260,Hospital,ROX-9271,Gray,Coupe,"[""Custom rims"", ""Roof rack""]"
1787950260,Office Back Alley,FYR-2853,Gold,SUV,"[""Missing hubcap"", ""Aftermarket exhaust""]"
1787950260,Office Back Alley,UHR-2612,White,Pickup Truck,[]
1787950290,Office Back Alley,OYU-1228,Maroon,Bus,[]
1787950290,Hospital,VJM-7944,Beige,Sedan,[]
1787950290,Bookstore,IUT-7188,Gray,Bus,"[""Sunroof""]"
1787950320,Bookstore,IMH-7658,Gray,Hatchback,"[""Tinted windows""]"
1787950350,Office Back Alley,RRC-4766,Blue,Coupe,"[""Tinted windows"", ""Tow hitch""]"
1787950380,Hospital,AIT-2702,Blue,Pickup Truck,"[""Dented rear bumper"", ""Tow hitch""]"
1787950410,Office Back Alley,OGN-4489,Black,Pickup Truck,"[""Aftermarket exhaust"", ""Custom rims""]"
1787950410,Office Back Alley,BPU-4332,White,Motorcycle,[]
1787950500,Office Back Alley,RRC-4766,Blue,Coupe,"[""Tinted windows"", ""Tow hitch""]"
1787950560,Bookstore,OYU-1228,Maroon,Bus,[]
1787950650,Bookstore,IRY-6538,Gold,Coupe,"[""Sunroof"", ""Custom rims""]"
1787950770,Office Back Alley,DOP-3475,Silver,SUV,[]
1787950800,Hospital,TML-3408,Red,Motorcycle,"[""Spoiler"", ""Custom rims""]"
1787950890,Bookstore,ZNI-4355,Blue,Coupe,[]
1787950890,Bookstore,HUK-4229,White,Coupe,"[""Tinted windows""]"
1787950920,Bookstore,EHW-3879,Maroon,Coupe,[]
1787950920,Office Back Alley,HQY-7996,Maroon,Motorcycle,[]
1787951010,Bookstore,TQP-8061,Silver,Hatchback,"[""Tinted windows""]"
1787951010,Bookstore,YJG-1440,Black,Sedan,"[""Tinted windows"", ""Bumper sticker""]"
1787951010,Bookstore,FCH-7617,Maroon,Sedan,[]
1787951070,Bookstore,HQY-7996,Maroon,Motorcycle,[]
1787951070,Bookstore,BLF-4771,Gray,Sedan,[]
1787951130,Hospital,DYT-5541,Maroon,Hatchback,[]
1787951130,Office Back Alley,UHR-2612,White,Pickup Truck,[]
1787951190,Office Back Alley,OYU-1228,Maroon,Bus,[]
1787951220,Bookstore,FHL-3560,Silver,Van,[]
1787951220,Bookstore,VDV-4194,White,Coupe,[]
1787951250,Hospital,EUA-8367,Gold,Motorcycle,"[""Ladder rack""]"
1787951250,Hospital,RTJ-3423,Gold,Sedan,[]
1787951250,Office Back Alley,WUB-4659,Black,Pickup Truck,"[""Sunroof""]"
1787951280,Office Back Alley,CIU-8112,Maroon,Bus,"[""Dented rear bumper"", ""Tow hitch""]"
1787951400,Bookstore,EQL-6876,Green,Bus,"[""Cracked windshield""]"
1787951400,Bookstore,EWE-8741,Blue,Bus,"[""Custom rims""]"
1787951490,Bookstore,RRT-3341,Red,Sedan,"[""Tinted windows"", ""Dented rear bumper""]"
1787951490,Office Back Alley,ZFD-3277,Green,Hatchback,"[""Bumper sticker"", ""Missing hubcap""]"
1787951490,Office Back Alley,KNM-8888,Gray,Sedan,"[""Ladder rack"", ""Aftermarket exhaust""]"
1787951550,Office Back Alley,BPU-4332,White,Motorcycle,[]
1787951550,Office Back Alley,OYU-1228,Maroon,Bus,[]
1787951580,Bookstore,IRY-6538,Gold,Coupe,"[""Sunroof"", ""Custom rims""]"
1787951610,Bookstore,HYS-9092,Gray,Coupe,"[""Roof rack"", ""Dented rear bumper""]"
1787951670,Hospital,QDH-4925,Red,Van,[]
1787951730,Hospital,OGN-4489,Black,Pickup Truck,"[""Aftermarket exhaust"", ""Custom rims""]"
1787951730,Bookstore,NUN-3923,Silver,Motorcycle,"[""Roof rack"", ""Sunroof""]"
1787951790,Office Back Alley,IRY-6538,Gold,Coupe,"[""Sunroof"", ""Custom rims""]"
1787951790,Bookstore,WNV-7840,Red,Motorcycle,"[""Bumper sticker""]"
1787951790,Bookstore,BPU-4332,White,Motorcycle,[]
1787951820,Office Back Alley,GEZ-2109,Red,Motorcycle,"[""Missing hubcap"", ""Dented rear bumper""]"
1787951850,Bookstore,KOE-4072,Beige,Pickup Truck,[]
1787951850,Office Back Alley,NKO-5227,Gray,Motorcycle,"[""Roof rack""]"
1787951880,Hospital,RBG-4071,Blue,Bus,"[""Bumper sticker"", ""Ladder rack""]"
1787951910,Hospital,FYR-2853,Gold,SUV,"[""Missing hubcap"", ""Aftermarket exhaust""]"
1787951910,Hospital,IMH-7658,Gray,Hatchback,"[""Tinted windows""]"
1787951970,Hospital,RRC-4766,Blue,Coupe,"[""Tinted windows"", ""Tow hitch""]"
1787952000,Office Back Alley,AIT-2702,Blue,Pickup Truck,"[""Dented rear bumper"", ""Tow hitch""]"
1787952030,Bookstore,FCH-7617,Maroon,Sedan,[]
1787952060,Office Back Alley,IMH-7658,Gray,Hatchback,"[""Tinted windows""]"
1787952180,Bookstore,OGN-4489,Black,Pickup Truck,"[""Aftermarket exhaust"", ""Custom rims""]"
1787952210,Office Back Alley,RRC-4766,Blue,Coupe,"[""Tinted windows"", ""Tow hitch""]"
1787952210,Office Back Alley,LUG-7654,Black,Bus,"[""Bumper sticker""]"
1787952360,Bookstore,ZNI-4355,Blue,Coupe,[]
1787952420,Office Back Alley,TML-3408,Red,Motorcycle,"[""Spoiler"", ""Custom rims""]"
1787952480,Office Back Alley,EJJ-5605,Red,Bus,"[""Tinted windows"", ""Aftermarket exhaust""]"
1787952690,Bookstore,NVS-7383,Gold,Van,"[""Aftermarket exhaust"", ""Ladder rack""]"
1787952720,Office Back Alley,YTG-6287,Green,Coupe,"[""Bumper sticker"", ""Tow hitch""]"
1787952750,Office Back Alley,DYT-5541,Maroon,Hatchback,[]
1787952750,Hospital,UHR-2612,White,Pickup Truck,[]
1787952780,Office Back Alley,HQY-7996,Maroon,Motorcycle,[]
1787952840,Bookstore,LXQ-7888,Black,Van,[]
1787952870,Office Back Alley,RTJ-3423,Gold,Sedan,[]
1787952960,Bookstore,OYU-1228,Maroon,Bus,[]
1787952960,Bookstore,RRC-4766,Blue,Coupe,"[""Tinted windows"", ""Tow hitch""]"
1787952960,Office Back Alley,KNM-8888,Gray,Sedan,"[""Ladder rack"", ""Aftermarket exhaust""]"
1787952990,Office Back Alley,FHL-3560,Silver,Van,[]
1787953020,Bookstore,WUB-4659,Black,Pickup Truck,"[""Sunroof""]"
1787953050,Bookstore,CIU-8112,Maroon,Bus,"[""Dented rear bumper"", ""Tow hitch""]"
1787953110,Hospital,QDH-4925,Red,Van,[]
1787953140,Office Back Alley,NYF-1596,Silver,Pickup Truck,"[""Bumper sticker""]"
1787953140,Bookstore,YJG-1440,Black,Sedan,"[""Tinted windows"", ""Bumper sticker""]"
1787953140,Bookstore,KES-9323,Maroon,Bus,"[""Spoiler"", ""Missing hubcap""]"
1787953170,Hospital,OYU-1228,Maroon,Bus,[]
1787953170,Office Back Alley,EQL-6876,Green,Bus,"[""Cracked windshield""]"
1787953230,Office Back Alley,RRT-3341,Red,Sedan,"[""Tinted windows"", ""Dented rear bumper""]"
1787953260,Bookstore,ZFD-3277,Green,Hatchback,"[""Bumper sticker"", ""Missing hubcap""]"
1787953290,Office Back Alley,QDH-4925,Red,Van,[]
1787953320,Bookstore,RQA-7745,Red,Motorcycle,"[""Sunroof""]"
1787953350,Office Back Alley,HYS-9092,Gray,Coupe,"[""Roof rack"", ""Dented rear bumper""]"
1787953380,Hospital,LHA-6933,Gray,Bus,"[""Missing hubcap""]"
1787953410,Hospital,IRY-6538,Gold,Coupe,"[""Sunroof"", ""Custom rims""]"
1787953410,Hospital,TXI-5471,White,Pickup Truck,[]
1787953440,Office Back Alley,AIT-2702,Blue,Pickup Truck,"[""Dented rear bumper"", ""Tow hitch""]"
1787953470,Hospital,GEZ-2109,Red,Motorcycle,"[""Missing hubcap"", ""Dented rear bumper""]"
1787953500,Office Back Alley,RBG-4071,Blue,Bus,"[""Bumper sticker"", ""Ladder rack""]"
1787953500,Bookstore,CZA-9416,Black,Bus,[]
1787953500,Hospital,NKO-5227,Gray,Motorcycle,"[""Roof rack""]"
1787953530,Office Back Alley,IMH-7658,Gray,Hatchback,"[""Tinted windows""]"
1787953560,Office Back Alley,EJJ-5605,Red,Bus,"[""Tinted windows"", ""Aftermarket exhaust""]"
1787953590,Bookstore,QDH-4925,Red,Van,[]
1787953680,Bookstore,BPU-4332,White,Motorcycle,[]
1787953830,Hospital,RRC-4766,Blue,Coupe,"[""Tinted windows"", ""Tow hitch""]"
1787953830,Bookstore,EWE-8741,Blue,Bus,"[""Custom rims""]"
1787953890,Bookstore,NYF-1596,Silver,Pickup Truck,"[""Bumper sticker""]"
1787953950,Hospital,XOW-5609,Gray,Sedan,"[""Sunroof"", ""Roof rack""]"
1787953950,Bookstore,HQY-7996,Maroon,Motorcycle,[]
1787953980,Bookstore,LUG-7654,Black,Bus,"[""Bumper sticker""]"
1787954010,Bookstore,LXQ-7888,Black,Van,[]
1787954010,Office Back Alley,IMH-7658,Gray,Hatchback,"[""Tinted windows""]"
1787954040,Bookstore,TBJ-5379,Green,Coupe,"[""Bumper sticker""]"
1787954040,Bookstore,ABS-2643,Gold,Pickup Truck,"[""Tow hitch"", ""Missing hubcap""]"
1787954070,Hospital,CZA-9416,Black,Bus,[]
1787954070,Bookstore,KOE-4072,Beige,Pickup Truck,[]
1787954070,Bookstore,NUN-3923,Silver,Motorcycle,"[""Roof rack"", ""Sunroof""]"
1787954100,Office Back Alley,TML-3408,Red,Motorcycle,"[""Spoiler"", ""Custom rims""]"
1787954220,Bookstore,EHW-3879,Maroon,Coupe,[]
1787954340,Bookstore,BPU-4332,White,Motorcycle,[]
1787954370,Office Back Alley,RTJ-3423,Gold,Sedan,[]
1787954430,Bookstore,OGN-4489,Black,Pickup Truck,"[""Aftermarket exhaust"", ""Custom rims""]"
1787954490,Hospital,QLL-8894,Black,Coupe,"[""Spoiler"", ""Bumper sticker""]"
1787954490,Bookstore,YTG-6287,Green,Coupe,"[""Bumper sticker"", ""Tow hitch""]"
1787954550,Bookstore,HQY-7996,Maroon,Motorcycle,[]
1787954580,Hospital,OGN-4489,Black,Pickup Truck,"[""Aftermarket exhaust"", ""Custom rims""]"
1787954640,Office Back Alley,RRT-3341,Red,Sedan,"[""Tinted windows"", ""Dented rear bumper""]"
1787954700,Office Back Alley,BPU-4332,White,Motorcycle,[]
1787954730,Office Back Alley,QDH-4925,Red,Van,[]
1787954730,Bookstore,RRC-4766,Blue,Coupe,"[""Tinted windows"", ""Tow hitch""]"
1787954730,Bookstore,KES-9323,Maroon,Bus,"[""Spoiler"", ""Missing hubcap""]"
1787954790,Bookstore,QLL-8894,Black,Coupe,"[""Spoiler"", ""Bumper sticker""]"
1787954850,Bookstore,ZNI-4355,Blue,Coupe,[]
1787954910,Bookstore,TQP-8061,Silver,Hatchback,"[""Tinted windows""]"
1787954910,Hospital,DOP-3475,Silver,SUV,[]
1787954910,Hospital,OYU-1228,Maroon,Bus,[]
1787954910,Office Back Alley,KNM-8888,Gray,Sedan,"[""Ladder rack"", ""Aftermarket exhaust""]"
1787955000,Hospital,DOP-3475,Silver,SUV,[]
1787955030,Office Back Alley,HYS-9092,Gray,Coupe,"[""Roof rack"", ""Dented rear bumper""]"
1787955030,Office Back Alley,TXI-5471,White,Pickup Truck,[]
1787955090,Hospital,ROX-9271,Gray,Coupe,"[""Custom rims"", ""Roof rack""]"
1787955120,Hospital,EVV-3567,Blue,SUV,"[""Aftermarket exhaust""]"
1787955180,Hospital,EJJ-5605,Red,Bus,"[""Tinted windows"", ""Aftermarket exhaust""]"
1787955180,Office Back Alley,DYT-5541,Maroon,Hatchback,[]
1787955180,Office Back Alley,EQL-6876,Green,Bus,"[""Cracked windshield""]"
1787955270,Bookstore,AIT-2702,Blue,Pickup Truck,"[""Dented rear bumper"", ""Tow hitch""]"
1787955300,Hospital,BLF-4771,Gray,Sedan,[]
1787955330,Office Back Alley,FHL-3560,Silver,Van,[]
1787955360,Hospital,UJS-4783,Red,Bus,"[""Spoiler""]"
1787955390,Office Back Alley,RBG-4071,Blue,Bus,"[""Bumper sticker"", ""Ladder rack""]"
1787955420,Bookstore,BGW-3337,Silver,Bus,"[""Bumper sticker""]"
1787955420,Office Back Alley,TML-3408,Red,Motorcycle,"[""Spoiler"", ""Custom rims""]"
1787955450,Office Back Alley,QDH-4925,Red,Van,[]
1787955450,Office Back Alley,BPU-4332,White,Motorcycle,[]
1787955570,Office Back Alley,XOW-5609,Gray,Sedan,"[""Sunroof"", ""Roof rack""]"
1787955600,Hospital,TQP-8061,Silver,Hatchback,"[""Tinted windows""]"
1787955630,Hospital,VQJ-3851,Beige,Hatchback,[]
1787955660,Hospital,FYR-2853,Gold,SUV,"[""Missing hubcap"", ""Aftermarket exhaust""]"
1787955660,Office Back Alley,NYF-1596,Silver,Pickup Truck,"[""Bumper sticker""]"
1787955690,Office Back Alley,CZA-9416,Black,Bus,[]
1787955750,Bookstore,HQY-7996,Maroon,Motorcycle,[]
1787955810,Office Back Alley,BPU-4332,White,Motorcycle,[]
1787955810,Office Back Alley,NUN-3923,Silver,Motorcycle,"[""Roof rack"", ""Sunroof""]"
1787955810,Office Back Alley,ABS-2643,Gold,Pickup Truck,"[""Tow hitch"", ""Missing hubcap""]"
1787955930,Hospital,DOP-3475,Silver,SUV,[]
1787955930,Office Back Alley,IMH-7658,Gray,Hatchback,"[""Tinted windows""]"
1787955960,Bookstore,ZNI-4355,Blue,Coupe,[]
1787955990,Office Back Alley,IMH-7658,Gray,Hatchback,"[""Tinted windows""]"
1787955990,Hospital,RTJ-3423,Gold,Sedan,[]
1787956020,Hospital,MDL-3261,Blue,Motorcycle,[]
1787956110,Office Back Alley,QDH-4925,Red,Van,[]
1787956110,Office Back Alley,QLL-8894,Black,Coupe,"[""Spoiler"", ""Bumper sticker""]"
1787956170,Office Back Alley,OGN-4489,Black,Pickup Truck,"[""Aftermarket exhaust"", ""Custom rims""]"
1787956200,Bookstore,HUK-4229,White,Coupe,"[""Tinted windows""]"
1787956200,Office Back Alley,OGN-4489,Black,Pickup Truck,"[""Aftermarket exhaust"", ""Custom rims""]"
1787956260,Office Back Alley,BPU-4332,White,Motorcycle,[]
1787956320,Office Back Alley,TXI-5471,White,Pickup Truck,[]
1787956320,Hospital,IRY-6538,Gold,Coupe,"[""Sunroof"", ""Custom rims""]"
1787956350,Bookstore,NYF-1596,Silver,Pickup Truck,"[""Bumper sticker""]"
1787956410,Bookstore,RRT-3341,Red,Sedan,"[""Tinted windows"", ""Dented rear bumper""]"
1787956410,Hospital,RRC-4766,Blue,Coupe,"[""Tinted windows"", ""Tow hitch""]"
1787956530,Office Back Alley,DOP-3475,Silver,SUV,[]
1787956560,Bookstore,HQY-7996,Maroon,Motorcycle,[]
1787956590,Office Back Alley,ZNI-4355,Blue,Coupe,[]
1787956590,Hospital,VAP-5225,Silver,Hatchback,"[""Cracked windshield"", ""Tinted windows""]"
1787956590,Hospital,VJM-7944,Beige,Sedan,[]
1787956650,Hospital,HYS-9092,Gray,Coupe,"[""Roof rack"", ""Dented rear bumper""]"
1787956710,Office Back Alley,ROX-9271,Gray,Coupe,"[""Custom rims"", ""Roof rack""]"
1787956740,Office Back Alley,EVV-3567,Blue,SUV,"[""Aftermarket exhaust""]"
1787956770,Bookstore,AIT-2702,Blue,Pickup Truck,"[""Dented rear bumper"", ""Tow hitch""]"
1787956800,Bookstore,BTZ-5167,Silver,Coupe,[]
1787956830,Bookstore,EHW-3879,Maroon,Coupe,[]
1787956860,Bookstore,BPU-4332,White,Motorcycle,[]
1787956920,Office Back Alley,BLF-4771,Gray,Sedan,[]
1787956950,Bookstore,EUA-8367,Gold,Motorcycle,"[""Ladder rack""]"
1787956980,Office Back Alley,UJS-4783,Red,Bus,"[""Spoiler""]"
1787956980,Bookstore,KOE-4072,Beige,Pickup Truck,[]
1787957010,Bookstore,DYT-5541,Maroon,Hatchback,[]
1787957010,Bookstore,EQL-6876,Green,Bus,"[""Cracked windshield""]"
1787957040,Bookstore,ZGK-3461,Blue,Van,[]
1787957100,Bookstore,FHL-3560,Silver,Van,[]
1787957160,Hospital,RRC-4766,Blue,Coupe,"[""Tinted windows"", ""Tow hitch""]"
1787957160,Hospital,ZIG-1175,Black,Bus,[]
1787957220,Bookstore,KES-9323,Maroon,Bus,"[""Spoiler"", ""Missing hubcap""]"
1787957220,Bookstore,QDH-4925,Red,Van,[]
1787957220,Bookstore,RBG-4071,Blue,Bus,"[""Bumper sticker"", ""Ladder rack""]"
1787957220,Office Back Alley,CZA-9416,Black,Bus,[]
1787957220,Office Back Alley,XOW-5609,Gray,Sedan,"[""Sunroof"", ""Roof rack""]"
1787957220,Office Back Alley,TQP-8061,Silver,Hatchback,"[""Tinted windows""]"
1787957250,Bookstore,TML-3408,Red,Motorcycle,"[""Spoiler"", ""Custom rims""]"
1787957280,Office Back Alley,FYR-2853,Gold,SUV,"[""Missing hubcap"", ""Aftermarket exhaust""]"
1787957460,Office Back Alley,NUN-3923,Silver,Motorcycle,"[""Roof rack"", ""Sunroof""]"
1787957490,Office Back Alley,OGN-4489,Black,Pickup Truck,"[""Aftermarket exhaust"", ""Custom rims""]"
1787957520,Bookstore,CIU-8112,Maroon,Bus,"[""Dented rear bumper"", ""Tow hitch""]"
1787957550,Hospital,IMH-7658,Gray,Hatchback,"[""Tinted windows""]"
1787957550,Hospital,BLF-4771,Gray,Sedan,[]
1787957580,Bookstore,BPU-4332,White,Motorcycle,[]
1787957640,Hospital,FYR-2853,Gold,SUV,"[""Missing hubcap"", ""Aftermarket exhaust""]"
1787957640,Bookstore,BGW-3337,Silver,Bus,"[""Bumper sticker""]"
1787957670,Office Back Alley,OGN-4489,Black,Pickup Truck,"[""Aftermarket exhaust"", ""Custom rims""]"
1787957700,Hospital,IRY-6538,Gold,Coupe,"[""Sunroof"", ""Custom rims""]"
1787957700,Hospital,EHW-3879,Maroon,Coupe,[]
1787957730,Office Back Alley,ABS-2643,Gold,Pickup Truck,"[""Tow hitch"", ""Missing hubcap""]"
1787957790,Bookstore,VDV-4194,White,Coupe,[]
1787957820,Bookstore,IMH-7658,Gray,Hatchback,"[""Tinted windows""]"
1787957850,Office Back Alley,ROX-9271,Gray,Coupe,"[""Custom rims"", ""Roof rack""]"
1787957910,Bookstore,OYU-1228,Maroon,Bus,[]
1787957940,Bookstore,WUB-4659,Black,Pickup Truck,"[""Sunroof""]"
1787957970,Bookstore,LUG-7654,Black,Bus,"[""Bumper sticker""]"
1787958030,Hospital,DYT-5541,Maroon,Hatchback,[]
1787958090,Bookstore,TXI-5471,White,Pickup Truck,[]
1787958120,Office Back Alley,QLL-8894,Black,Coupe,"[""Spoiler"", ""Bumper sticker""]"
1787958150,Bookstore,TBJ-5379,Green,Coupe,"[""Bumper sticker""]"
1787958210,Hospital,FCH-7617,Maroon,Sedan,[]
1787958210,Office Back Alley,TQP-8061,Silver,Hatchback,"[""Tinted windows""]"
1787958210,Office Back Alley,VAP-5225,Silver,Hatchback,"[""Cracked windshield"", ""Tinted windows""]"
1787958240,Bookstore,ZNI-4355,Blue,Coupe,[]
1787958240,Bookstore,YJG-1440,Black,Sedan,"[""Tinted windows"", ""Bumper sticker""]"
1787958240,Office Back Alley,EVV-3567,Blue,SUV,"[""Aftermarket exhaust""]"
1787958360,Hospital,GEZ-2109,Red,Motorcycle,"[""Missing hubcap"", ""Dented rear bumper""]"
1787958390,Bookstore,ZGK-3461,Blue,Van,[]
1787958540,Bookstore,AIT-2702,Blue,Pickup Truck,"[""Dented rear bumper"", ""Tow hitch""]"
1787958570,Office Back Alley,BLF-4771,Gray,Sedan,[]
1787958630,Bookstore,ZFD-3277,Green,Hatchback,"[""Bumper sticker"", ""Missing hubcap""]"
1787958750,Office Back Alley,UJS-4783,Red,Bus,"[""Spoiler""]"
1787958870,Bookstore,LHA-6933,Gray,Bus,"[""Missing hubcap""]"
1787958900,Office Back Alley,DOP-3475,Silver,SUV,[]
1787959050,Bookstore,CZA-9416,Black,Bus,[]
1787959050,Bookstore,XOW-5609,Gray,Sedan,"[""Sunroof"", ""Roof rack""]"
1787959080,Hospital,DOP-3475,Silver,SUV,[]
1787959170,Hospital,CZA-9416,Black,Bus,[]
1787959260,Bookstore,OGN-4489,Black,Pickup Truck,"[""Aftermarket exhaust"", ""Custom rims""]"
1787959290,Hospital,FCH-7617,Maroon,Sedan,[]
1787959320,Office Back Alley,EHW-3879,Maroon,Coupe,[]
1787959380,Hospital,NKO-5227,Gray,Motorcycle,"[""Roof rack""]"
1787959410,Bookstore,AIT-2702,Blue,Pickup Truck,"[""Dented rear bumper"", ""Tow hitch""]"
1787959440,Bookstore,OGN-4489,Black,Pickup Truck,"[""Aftermarket exhaust"", ""Custom rims""]"
1787959440,Bookstore,BLF-4771,Gray,Sedan,[]
1787959500,Bookstore,ABS-2643,Gold,Pickup Truck,"[""Tow hitch"", ""Missing hubcap""]"
1787959560,Bookstore,HQY-7996,Maroon,Motorcycle,[]
1787959590,Bookstore,RRC-4766,Blue,Coupe,"[""Tinted windows"", ""Tow hitch""]"
1787959710,Office Back Alley,FYR-2853,Gold,SUV,"[""Missing hubcap"", ""Aftermarket exhaust""]"
1787960010,Bookstore,YTG-6287,Green,Coupe,"[""Bumper sticker"", ""Tow hitch""]"
1787960010,Bookstore,EVV-3567,Blue,SUV,"[""Aftermarket exhaust""]"
1787960310,Bookstore,QLL-8894,Black,Coupe,"[""Spoiler"", ""Bumper sticker""]"
1787960670,Bookstore,DOP-3475,Silver,SUV,[]
1787960790,Office Back Alley,CZA-9416,Black,Bus,[]
1787961060,Hospital,EJJ-5605,Red,Bus,"[""Tinted windows"", ""Aftermarket exhaust""]"
1787961300,Hospital,VQJ-3851,Beige,Hatchback,[]
1787961600,Hospital,DOP-3475,Silver,SUV,[]
1787983500,Hospital,IRY-6538,Gold,Coupe,"[""Sunroof"", ""Custom rims""]"
1787983800,Hospital,IMH-7658,Gray,Hatchback,"[""Tinted windows""]"
1787984040,Hospital,DOP-3475,Silver,SUV,[]
1787984250,Hospital,ZNI-4355,Blue,Coupe,[]
1787984430,Hospital,HYS-9092,Gray,Coupe,"[""Roof rack"", ""Dented rear bumper""]"
1787984490,Hospital,FYR-2853,Gold,SUV,"[""Missing hubcap"", ""Aftermarket exhaust""]"
1787984760,Hospital,WNV-7840,Red,Motorcycle,"[""Bumper sticker""]"
1787985030,Office Back Alley,IRY-6538,Gold,Coupe,"[""Sunroof"", ""Custom rims""]"
1787985090,Office Back Alley,IRY-6538,Gold,Coupe,"[""Sunroof"", ""Custom rims""]"
1787985300,Hospital,FCH-7617,Maroon,Sedan,[]
1787985360,Office Back Alley,BLF-4771,Gray,Sedan,[]
1787985390,Office Back Alley,IMH-7658,Gray,Hatchback,"[""Tinted windows""]"
1787986170,Bookstore,ZNI-4355,Blue,Coupe,[]
1787986350,Bookstore,EQL-6876,Green,Bus,"[""Cracked windshield""]"
1787986350,Office Back Alley,EHW-3879,Maroon,Coupe,[]
1787986410,Bookstore,YTG-6287,Green,Coupe,"[""Bumper sticker"", ""Tow hitch""]"
1787986440,Bookstore,TML-3408,Red,Motorcycle,"[""Spoiler"", ""Custom rims""]"
1787986470,Bookstore,VJM-7944,Beige,Sedan,[]
1787986590,Bookstore,CZA-9416,Black,Bus,[]
1787986590,Bookstore,NVS-7383,Gold,Van,"[""Aftermarket exhaust"", ""Ladder rack""]"
1787986590,Office Back Alley,BLF-4771,Gray,Sedan,[]
1787986650,Bookstore,LXQ-7888,Black,Van,[]
1787986680,Bookstore,NYF-1596,Silver,Pickup Truck,"[""Bumper sticker""]"
1787986800,Bookstore,IUT-7188,Gray,Bus,"[""Sunroof""]"
1787986830,Bookstore,EJJ-5605,Red,Bus,"[""Tinted windows"", ""Aftermarket exhaust""]"
1787986890,Office Back Alley,KES-9323,Maroon,Bus,"[""Spoiler"", ""Missing hubcap""]"
1787986980,Bookstore,ZGK-3461,Blue,Van,[]
1787987070,Office Back Alley,IRY-6538,Gold,Coupe,"[""Sunroof"", ""Custom rims""]"
1787987100,Hospital,TQP-8061,Silver,Hatchback,"[""Tinted windows""]"
1787987130,Office Back Alley,IRY-6538,Gold,Coupe,"[""Sunroof"", ""Custom rims""]"
1787987250,Hospital,RTJ-3423,Gold,Sedan,[]
1787987310,Bookstore,VJM-7944,Beige,Sedan,[]
1787987550,Bookstore,VKM-8657,Blue,Sedan,"[""Custom rims""]"
1787987580,Office Back Alley,KOE-4072,Beige,Pickup Truck,[]
1787987580,Office Back Alley,CZA-9416,Black,Bus,[]
1787987610,Office Back Alley,VDV-4194,White,Coupe,[]
1787987610,Bookstore,TXI-5471,White,Pickup Truck,[]
1787987610,Bookstore,DYT-5541,Maroon,Hatchback,[]
1787987640,Bookstore,EQL-6876,Green,Bus,"[""Cracked windshield""]"
1787987730,Bookstore,EYH-6407,Black,Bus,"[""Custom rims"", ""Tinted windows""]"
1787987730,Bookstore,BPU-4332,White,Motorcycle,[]
1787987760,Bookstore,RRT-3341,Red,Sedan,"[""Tinted windows"", ""Dented rear bumper""]"
1787987790,Office Back Alley,MDL-3261,Blue,Motorcycle,[]
1787987790,Bookstore,FCH-7617,Maroon,Sedan,[]
1787987850,Bookstore,UHR-2612,White,Pickup Truck,[]
1787987850,Office Back Alley,BLF-4771,Gray,Sedan,[]
1787987880,Office Back Alley,IMH-7658,Gray,Hatchback,"[""Tinted windows""]"
1787987970,Bookstore,OGN-4489,Black,Pickup Truck,"[""Aftermarket exhaust"", ""Custom rims""]"
1787988000,Bookstore,XOW-5609,Gray,Sedan,"[""Sunroof"", ""Roof rack""]"
1787988030,Bookstore,ZFD-3277,Green,Hatchback,"[""Bumper sticker"", ""Missing hubcap""]"
1787988030,Bookstore,OGN-4489,Black,Pickup Truck,"[""Aftermarket exhaust"", ""Custom rims""]"
1787988060,Office Back Alley,AIT-2702,Blue,Pickup Truck,"[""Dented rear bumper"", ""Tow hitch""]"
1787988060,Office Back Alley,BPU-4332,White,Motorcycle,[]
1787988090,Bookstore,EHW-3879,Maroon,Coupe,[]
1787988150,Office Back Alley,LUG-7654,Black,Bus,"[""Bumper sticker""]"
1787988150,Office Back Alley,EQL-6876,Green,Bus,"[""Cracked windshield""]"
1787988180,Bookstore,DYT-5541,Maroon,Hatchback,[]
1787988180,Bookstore,HQY-7996,Maroon,Motorcycle,[]
1787988180,Bookstore,YJG-1440,Black,Sedan,"[""Tinted windows"", ""Bumper sticker""]"
1787988210,Office Back Alley,YTG-6287,Green,Coupe,"[""Bumper sticker"", ""Tow hitch""]"
1787988240,Bookstore,EWE-8741,Blue,Bus,"[""Custom rims""]"
1787988240,Office Back Alley,NUN-3923,Silver,Motorcycle,"[""Roof rack"", ""Sunroof""]"
1787988270,Office Back Alley,VJM-7944,Beige,Sedan,[]
1787988270,Bookstore,DYT-5541,Maroon,Hatchback,[]
1787988360,Bookstore,BLF-4771,Gray,Sedan,[]
1787988390,Office Back Alley,CZA-9416,Black,Bus,[]
1787988420,Office Back Alley,LXQ-7888,Black,Van,[]
1787988510,Bookstore,OYU-1228,Maroon,Bus,[]
1787988540,Bookstore,OYU-1228,Maroon,Bus,[]
1787988540,Hospital,EUA-8367,Gold,Motorcycle,"[""Ladder rack""]"
1787988600,Office Back Alley,IUT-7188,Gray,Bus,"[""Sunroof""]"
1787988660,Bookstore,HQY-7996,Maroon,Motorcycle,[]
1787988690,Hospital,IRY-6538,Gold,Coupe,"[""Sunroof"", ""Custom rims""]"
1787988690,Bookstore,RBG-4071,Blue,Bus,"[""Bumper sticker"", ""Ladder rack""]"
1787988720,Office Back Alley,TQP-8061,Silver,Hatchback,"[""Tinted windows""]"
1787988750,Bookstore,RQA-7745,Red,Motorcycle,"[""Sunroof""]"
1787988780,Bookstore,ZNI-4355,Blue,Coupe,[]
1787988840,Bookstore,TXI-5471,White,Pickup Truck,[]
1787988840,Office Back Alley,VDV-4194,White,Coupe,[]
1787988870,Office Back Alley,RTJ-3423,Gold,Sedan,[]
1787988870,Bookstore,TML-3408,Red,Motorcycle,"[""Spoiler"", ""Custom rims""]"
1787988900,Bookstore,BPU-4332,White,Motorcycle,[]
1787988930,Bookstore,EHW-3879,Maroon,Coupe,[]
1787989020,Bookstore,EJJ-5605,Red,Bus,"[""Tinted windows"", ""Aftermarket exhaust""]"
1787989080,Bookstore,EVV-3567,Blue,SUV,"[""Aftermarket exhaust""]"
1787989080,Hospital,RRC-4766,Blue,Coupe,"[""Tinted windows"", ""Tow hitch""]"
1787989110,Office Back Alley,CZA-9416,Black,Bus,[]
1787989110,Office Back Alley,VJM-7944,Beige,Sedan,[]
1787989140,Office Back Alley,KOE-4072,Beige,Pickup Truck,[]
1787989230,Office Back Alley,AIT-2702,Blue,Pickup Truck,"[""Dented rear bumper"", ""Tow hitch""]"
1787989320,Office Back Alley,KES-9323,Maroon,Bus,"[""Spoiler"", ""Missing hubcap""]"
1787989320,Office Back Alley,BPU-4332,White,Motorcycle,[]
1787989350,Office Back Alley,VKM-8657,Blue,Sedan,"[""Custom rims""]"
1787989380,Office Back Alley,EQL-6876,Green,Bus,"[""Cracked windshield""]"
1787989410,Hospital,MDL-3261,Blue,Motorcycle,[]
1787989410,Office Back Alley,LXQ-7888,Black,Van,[]
1787989410,Office Back Alley,DYT-5541,Maroon,Hatchback,[]
1787989440,Office Back Alley,IRY-6538,Gold,Coupe,"[""Sunroof"", ""Custom rims""]"
1787989440,Office Back Alley,YTG-6287,Green,Coupe,"[""Bumper sticker"", ""Tow hitch""]"
1787989440,Office Back Alley,EQL-6876,Green,Bus,"[""Cracked windshield""]"
1787989440,Bookstore,BGW-3337,Silver,Bus,"[""Bumper sticker""]"
1787989470,Bookstore,KNM-8888,Gray,Sedan,"[""Ladder rack"", ""Aftermarket exhaust""]"
1787989470,Hospital,BLF-4771,Gray,Sedan,[]
1787989500,Hospital,IMH-7658,Gray,Hatchback,"[""Tinted windows""]"
1787989530,Office Back Alley,BPU-4332,White,Motorcycle,[]
1787989560,Bookstore,TBJ-5379,Green,Coupe,"[""Bumper sticker""]"
1787989560,Office Back Alley,VJM-7944,Beige,Sedan,[]
1787989560,Office Back Alley,RRT-3341,Red,Sedan,"[""Tinted windows"", ""Dented rear bumper""]"
1787989590,Bookstore,HQY-7996,Maroon,Motorcycle,[]
1787989620,Bookstore,DYT-5541,Maroon,Hatchback,[]
1787989650,Office Back Alley,CZA-9416,Black,Bus,[]
1787989650,Office Back Alley,UHR-2612,White,Pickup Truck,[]
1787989710,Bookstore,QDH-4925,Red,Van,[]
1787989770,Bookstore,HUK-4229,White,Coupe,"[""Tinted windows""]"
1787989830,Bookstore,VAP-5225,Silver,Hatchback,"[""Cracked windshield"", ""Tinted windows""]"
1787989830,Office Back Alley,OGN-4489,Black,Pickup Truck,"[""Aftermarket exhaust"", ""Custom rims""]"
1787989860,Bookstore,QLL-8894,Black,Coupe,"[""Spoiler"", ""Bumper sticker""]"
1787989920,Office Back Alley,ZGK-3461,Blue,Van,[]
1787989950,Office Back Alley,NUN-3923,Silver,Motorcycle,"[""Roof rack"", ""Sunroof""]"
1787989980,Office Back Alley,HQY-7996,Maroon,Motorcycle,[]
1787989980,Office Back Alley,YJG-1440,Black,Sedan,"[""Tinted windows"", ""Bumper sticker""]"
1787989980,Bookstore,FCH-7617,Maroon,Sedan,[]
1787990010,Bookstore,DOP-3475,Silver,SUV,[]
1787990070,Office Back Alley,DYT-5541,Maroon,Hatchback,[]
1787990160,Office Back Alley,RTJ-3423,Gold,Sedan,[]
1787990160,Office Back Alley,EUA-8367,Gold,Motorcycle,"[""Ladder rack""]"
1787990220,Bookstore,HYS-9092,Gray,Coupe,"[""Roof rack"", ""Dented rear bumper""]"
1787990280,Bookstore,ZNI-4355,Blue,Coupe,[]
1787990310,Office Back Alley,NYF-1596,Silver,Pickup Truck,"[""Bumper sticker""]"
1787990310,Office Back Alley,OYU-1228,Maroon,Bus,[]
1787990310,Bookstore,RBG-4071,Blue,Bus,"[""Bumper sticker"", ""Ladder rack""]"
1787990340,Office Back Alley,OYU-1228,Maroon,Bus,[]
1787990490,Hospital,VDV-4194,White,Coupe,[]
1787990520,Office Back Alley,LUG-7654,Black,Bus,"[""Bumper sticker""]"
1787990520,Office Back Alley,BPU-4332,White,Motorcycle,[]
1787990550,Office Back Alley,RQA-7745,Red,Motorcycle,"[""Sunroof""]"
1787990580,Bookstore,BGW-3337,Silver,Bus,"[""Bumper sticker""]"
1787990610,Office Back Alley,TML-3408,Red,Motorcycle,"[""Spoiler"", ""Custom rims""]"
1787990700,Office Back Alley,RRC-4766,Blue,Coupe,"[""Tinted windows"", ""Tow hitch""]"
1787990730,Bookstore,EHW-3879,Maroon,Coupe,[]
1787990730,Office Back Alley,RRT-3341,Red,Sedan,"[""Tinted windows"", ""Dented rear bumper""]"
1787990760,Hospital,IMH-7658,Gray,Hatchback,"[""Tinted windows""]"
1787990880,Bookstore,CZA-9416,Black,Bus,[]
1787990880,Office Back Alley,TQP-8061,Silver,Hatchback,"[""Tinted windows""]"
1787990880,Office Back Alley,EVV-3567,Blue,SUV,"[""Aftermarket exhaust""]"
1787990910,Bookstore,FCH-7617,Maroon,Sedan,[]
1787990940,Office Back Alley,UHR-2612,White,Pickup Truck,[]
1787990940,Office Back Alley,IUT-7188,Gray,Bus,"[""Sunroof""]"
1787990970,Bookstore,KOE-4072,Beige,Pickup Truck,[]
1787991030,Bookstore,HQY-7996,Maroon,Motorcycle,[]
1787991060,Hospital,YTG-6287,Green,Coupe,"[""Bumper sticker"", ""Tow hitch""]"
1787991090,Bookstore,BPU-4332,White,Motorcycle,[]
1787991090,Office Back Alley,ZGK-3461,Blue,Van,[]
1787991090,Office Back Alley,DYT-5541,Maroon,Hatchback,[]
1787991150,Bookstore,KES-9323,Maroon,Bus,"[""Spoiler"", ""Missing hubcap""]"
1787991150,Office Back Alley,VJM-7944,Beige,Sedan,[]
1787991180,Office Back Alley,TQP-8061,Silver,Hatchback,"[""Tinted windows""]"
1787991180,Bookstore,TBJ-5379,Green,Coupe,"[""Bumper sticker""]"
1787991210,Bookstore,EQL-6876,Green,Bus,"[""Cracked windshield""]"
1787991210,Hospital,VJM-7944,Beige,Sedan,[]
1787991210,Office Back Alley,HQY-7996,Maroon,Motorcycle,[]
1787991210,Office Back Alley,OGN-4489,Black,Pickup Truck,"[""Aftermarket exhaust"", ""Custom rims""]"
1787991210,Office Back Alley,IRY-6538,Gold,Coupe,"[""Sunroof"", ""Custom rims""]"
1787991270,Hospital,CZA-9416,Black,Bus,[]
1787991300,Bookstore,EHW-3879,Maroon,Coupe,[]
1787991390,Bookstore,NVS-7383,Gold,Van,"[""Aftermarket exhaust"", ""Ladder rack""]"
1787991420,Bookstore,WNV-7840,Red,Motorcycle,"[""Bumper sticker""]"
1787991480,Office Back Alley,OYU-1228,Maroon,Bus,[]
1787991480,Office Back Alley,NYF-1596,Silver,Pickup Truck,"[""Bumper sticker""]"
1787991630,Office Back Alley,YJG-1440,Black,Sedan,"[""Tinted windows"", ""Bumper sticker""]"
1787991630,Office Back Alley,NKO-5227,Gray,Motorcycle,"[""Roof rack""]"
1787991690,Office Back Alley,AIT-2702,Blue,Pickup Truck,"[""Dented rear bumper"", ""Tow hitch""]"
1787991720,Bookstore,NUN-3923,Silver,Motorcycle,"[""Roof rack"", ""Sunroof""]"
1787991720,Office Back Alley,DYT-5541,Maroon,Hatchback,[]
1787991720,Office Back Alley,VKM-8657,Blue,Sedan,"[""Custom rims""]"
1787991720,Office Back Alley,HQY-7996,Maroon,Motorcycle,[]
1787991720,Office Back Alley,FCH-7617,Maroon,Sedan,[]
1787991750,Office Back Alley,EQL-6876,Green,Bus,"[""Cracked windshield""]"
1787991840,Bookstore,AIT-2702,Blue,Pickup Truck,"[""Dented rear bumper"", ""Tow hitch""]"
1787991900,Office Back Alley,RTJ-3423,Gold,Sedan,[]
1787991930,Office Back Alley,BTZ-5167,Silver,Coupe,[]
1787991930,Hospital,OYU-1228,Maroon,Bus,[]
1787992020,Bookstore,OGN-4489,Black,Pickup Truck,"[""Aftermarket exhaust"", ""Custom rims""]"
1787992050,Office Back Alley,RRC-4766,Blue,Coupe,"[""Tinted windows"", ""Tow hitch""]"
1787992080,Bookstore,HYS-9092,Gray,Coupe,"[""Roof rack"", ""Dented rear bumper""]"
1787992140,Office Back Alley,GEZ-2109,Red,Motorcycle,"[""Missing hubcap"", ""Dented rear bumper""]"
1787992140,Bookstore,EWE-8741,Blue,Bus,"[""Custom rims""]"
1787992170,Office Back Alley,LUG-7654,Black,Bus,"[""Bumper sticker""]"
1787992200,Office Back Alley,OGN-4489,Black,Pickup Truck,"[""Aftermarket exhaust"", ""Custom rims""]"
1787992260,Office Back Alley,ZIG-1175,Black,Bus,[]
1787992260,Bookstore,XOW-5609,Gray,Sedan,"[""Sunroof"", ""Roof rack""]"
1787992290,Bookstore,RRC-4766,Blue,Coupe,"[""Tinted windows"", ""Tow hitch""]"
1787992320,Office Back Alley,BGW-3337,Silver,Bus,"[""Bumper sticker""]"
1787992350,Bookstore,BPU-4332,White,Motorcycle,[]
1787992350,Bookstore,RRC-4766,Blue,Coupe,"[""Tinted windows"", ""Tow hitch""]"
1787992410,Office Back Alley,RQA-7745,Red,Motorcycle,"[""Sunroof""]"
1787992470,Office Back Alley,TQP-8061,Silver,Hatchback,"[""Tinted windows""]"
1787992470,Office Back Alley,EUA-8367,Gold,Motorcycle,"[""Ladder rack""]"
1787992620,Bookstore,UJS-4783,Red,Bus,"[""Spoiler""]"
1787992650,Bookstore,TQP-8061,Silver,Hatchback,"[""Tinted windows""]"
1787992650,Office Back Alley,NKO-5227,Gray,Motorcycle,"[""Roof rack""]"
1787992650,Office Back Alley,RRC-4766,Blue,Coupe,"[""Tinted windows"", ""Tow hitch""]"
1787992680,Office Back Alley,FCH-7617,Maroon,Sedan,[]
1787992710,Office Back Alley,OYU-1228,Maroon,Bus,[]
1787992800,Office Back Alley,IRY-6538,Gold,Coupe,"[""Sunroof"", ""Custom rims""]"
1787992830,Hospital,WUB-4659,Black,Pickup Truck,"[""Sunroof""]"
1787992830,Bookstore,ZNI-4355,Blue,Coupe,[]
1787992890,Bookstore,EYH-6407,Black,Bus,"[""Custom rims"", ""Tinted windows""]"
1787992890,Office Back Alley,NYF-1596,Silver,Pickup Truck,"[""Bumper sticker""]"
1787992950,Hospital,CIU-8112,Maroon,Bus,"[""Dented rear bumper"", ""Tow hitch""]"
1787992980,Hospital,QLL-8894,Black,Coupe,"[""Spoiler"", ""Bumper sticker""]"
1787993010,Bookstore,ROX-9271,Gray,Coupe,"[""Custom rims"", ""Roof rack""]"
1787993040,Hospital,IRY-6538,Gold,Coupe,"[""Sunroof"", ""Custom rims""]"
1787993070,Office Back Alley,EHW-3879,Maroon,Coupe,[]
1787993070,Bookstore,KNM-8888,Gray,Sedan,"[""Ladder rack"", ""Aftermarket exhaust""]"
1787993100,Hospital,QDH-4925,Red,Van,[]
1787993130,Bookstore,FCH-7617,Maroon,Sedan,[]
1787993130,Office Back Alley,TML-3408,Red,Motorcycle,"[""Spoiler"", ""Custom rims""]"
1787993130,Office Back Alley,OGN-4489,Black,Pickup Truck,"[""Aftermarket exhaust"", ""Custom rims""]"
1787993160,Office Back Alley,BPU-4332,White,Motorcycle,[]
1787993190,Office Back Alley,EVV-3567,Blue,SUV,"[""Aftermarket exhaust""]"
1787993220,Bookstore,FYR-2853,Gold,SUV,"[""Missing hubcap"", ""Aftermarket exhaust""]"
1787993250,Hospital,YJG-1440,Black,Sedan,"[""Tinted windows"", ""Bumper sticker""]"
1787993250,Office Back Alley,ZIG-1175,Black,Bus,[]
1787993340,Hospital,AIT-2702,Blue,Pickup Truck,"[""Dented rear bumper"", ""Tow hitch""]"
1787993340,Hospital,HQY-7996,Maroon,Motorcycle,[]
1787993370,Bookstore,AIT-2702,Blue,Pickup Truck,"[""Dented rear bumper"", ""Tow hitch""]"
1787993370,Hospital,EQL-6876,Green,Bus,"[""Cracked windshield""]"
1787993370,Hospital,DYT-5541,Maroon,Hatchback,[]
1787993400,Hospital,QDH-4925,Red,Van,[]
1787993400,Bookstore,TQP-8061,Silver,Hatchback,"[""Tinted windows""]"
1787993400,Office Back Alley,RRC-4766,Blue,Coupe,"[""Tinted windows"", ""Tow hitch""]"
1787993400,Office Back Alley,GEZ-2109,Red,Motorcycle,"[""Missing hubcap"", ""Dented rear bumper""]"
1787993460,Office Back Alley,BGW-3337,Silver,Bus,"[""Bumper sticker""]"
1787993550,Hospital,BLF-4771,Gray,Sedan,[]
1787993550,Office Back Alley,OYU-1228,Maroon,Bus,[]
1787993700,Office Back Alley,FCH-7617,Maroon,Sedan,[]
1787993700,Hospital,VQJ-3851,Beige,Hatchback,[]
1787993730,Office Back Alley,NYF-1596,Silver,Pickup Truck,"[""Bumper sticker""]"
1787993760,Office Back Alley,OGN-4489,Black,Pickup Truck,"[""Aftermarket exhaust"", ""Custom rims""]"
1787993760,Bookstore,BLF-4771,Gray,Sedan,[]
1787993820,Hospital,ZNI-4355,Blue,Coupe,[]
1787993850,Office Back Alley,FCH-7617,Maroon,Sedan,[]
1787993880,Hospital,BPU-4332,White,Motorcycle,[]
1787993910,Office Back Alley,BTZ-5167,Silver,Coupe,[]
1787994030,Bookstore,FHL-3560,Silver,Van,[]
1787994030,Hospital,ZYZ-1012,Beige,Motorcycle,"[""Spoiler""]"
1787994120,Hospital,EHW-3879,Maroon,Coupe,[]
1787994270,Bookstore,DOP-3475,Silver,SUV,[]
1787994270,Hospital,RRC-4766,Blue,Coupe,"[""Tinted windows"", ""Tow hitch""]"
1787994390,Bookstore,VAP-5225,Silver,Hatchback,"[""Cracked windshield"", ""Tinted windows""]"
1787994450,Hospital,IRY-6538,Gold,Coupe,"[""Sunroof"", ""Custom rims""]"
1787994480,Bookstore,ROX-9271,Gray,Coupe,"[""Custom rims"", ""Roof rack""]"
1787994600,Bookstore,QDH-4925,Red,Van,[]
1787994600,Office Back Alley,EHW-3879,Maroon,Coupe,[]
1787994690,Office Back Alley,RBG-4071,Blue,Bus,"[""Bumper sticker"", ""Ladder rack""]"
1787994720,Bookstore,ABS-2643,Gold,Pickup Truck,"[""Tow hitch"", ""Missing hubcap""]"
1787994720,Hospital,BLF-4771,Gray,Sedan,[]
1787994750,Hospital,LHA-6933,Gray,Bus,"[""Missing hubcap""]"
1787994780,Hospital,BPU-4332,White,Motorcycle,[]
1787994810,Hospital,EVV-3567,Blue,SUV,"[""Aftermarket exhaust""]"
1787994840,Office Back Alley,KNM-8888,Gray,Sedan,"[""Ladder rack"", ""Aftermarket exhaust""]"
1787994900,Bookstore,TML-3408,Red,Motorcycle,"[""Spoiler"", ""Custom rims""]"
1787994930,Bookstore,BPU-4332,White,Motorcycle,[]
1787995020,Hospital,VDV-4194,White,Coupe,[]
1787995080,Bookstore,IMH-7658,Gray,Hatchback,"[""Tinted windows""]"
1787995110,Office Back Alley,AIT-2702,Blue,Pickup Truck,"[""Dented rear bumper"", ""Tow hitch""]"
1787995200,Office Back Alley,TQP-8061,Silver,Hatchback,"[""Tinted windows""]"
1787995200,Bookstore,FYR-2853,Gold,SUV,"[""Missing hubcap"", ""Aftermarket exhaust""]"
1787995200,Bookstore,QLL-8894,Black,Coupe,"[""Spoiler"", ""Bumper sticker""]"
1787995260,Bookstore,DOP-3475,Silver,SUV,[]
1787995470,Bookstore,EQL-6876,Green,Bus,"[""Cracked windshield""]"
1787995650,Bookstore,RRC-4766,Blue,Coupe,"[""Tinted windows"", ""Tow hitch""]"
1787995680,Hospital,DYT-5541,Maroon,Hatchback,[]
1787995680,Office Back Alley,OYU-1228,Maroon,Bus,[]
1787995830,Office Back Alley,FHL-3560,Silver,Van,[]
1787996070,Hospital,KES-9323,Maroon,Bus,"[""Spoiler"", ""Missing hubcap""]"
1787996190,Bookstore,RRC-4766,Blue,Coupe,"[""Tinted windows"", ""Tow hitch""]"
1787996220,Office Back Alley,ROX-9271,Gray,Coupe,"[""Custom rims"", ""Roof rack""]"
1787996250,Hospital,EHW-3879,Maroon,Coupe,[]
1787996250,Office Back Alley,TQP-8061,Silver,Hatchback,"[""Tinted windows""]"
1787996640,Office Back Alley,VDV-4194,White,Coupe,[]
1787996670,Office Back Alley,BPU-4332,White,Motorcycle,[]
1787996670,Hospital,VJM-7944,Beige,Sedan,[]
1787996760,Hospital,AIT-2702,Blue,Pickup Truck,"[""Dented rear bumper"", ""Tow hitch""]"
1787996790,Bookstore,UJS-4783,Red,Bus,"[""Spoiler""]"
1787996910,Bookstore,WNV-7840,Red,Motorcycle,"[""Bumper sticker""]"
1787996970,Office Back Alley,QLL-8894,Black,Coupe,"[""Spoiler"", ""Bumper sticker""]"
1787997120,Hospital,CZA-9416,Black,Bus,[]
1787997240,Hospital,CIU-8112,Maroon,Bus,"[""Dented rear bumper"", ""Tow hitch""]"
1787997420,Office Back Alley,RRC-4766,Blue,Coupe,"[""Tinted windows"", ""Tow hitch""]"
1787997510,Hospital,NVS-7383,Gold,Van,"[""Aftermarket exhaust"", ""Ladder rack""]"
1787997690,Hospital,EWE-8741,Blue,Bus,"[""Custom rims""]"
1787997810,Office Back Alley,FHL-3560,Silver,Van,[]
1787997960,Office Back Alley,RRC-4766,Blue,Coupe,"[""Tinted windows"", ""Tow hitch""]"
1787998110,Hospital,QDH-4925,Red,Van,[]
1787998230,Hospital,BPU-4332,White,Motorcycle,[]
1787998320,Hospital,BPU-4332,White,Motorcycle,[]
1787998410,Hospital,QDH-4925,Red,Van,[]
1787998560,Office Back Alley,UJS-4783,Red,Bus,"[""Spoiler""]"
1787998680,Office Back Alley,WNV-7840,Red,Motorcycle,"[""Bumper sticker""]"
1787998710,Hospital,VQJ-3851,Beige,Hatchback,[]
1787998770,Hospital,QLL-8894,Black,Coupe,"[""Spoiler"", ""Bumper sticker""]"
1787998890,Hospital,BLF-4771,Gray,Sedan,[]
1787999430,Hospital,FHL-3560,Silver,Van,[]
1787999490,Bookstore,ZNI-4355,Blue,Coupe,[]
1787999520,Bookstore,BPU-4332,White,Motorcycle,[]
1787999850,Bookstore,KOE-4072,Beige,Pickup Truck,[]
1787999850,Office Back Alley,BPU-4332,White,Motorcycle,[]
1787999880,Bookstore,KES-9323,Maroon,Bus,"[""Spoiler"", ""Missing hubcap""]"
1788000030,Office Back Alley,QDH-4925,Red,Van,[]
1788000300,Bookstore,CZA-9416,Black,Bus,[]
1788000390,Office Back Alley,QLL-8894,Black,Coupe,"[""Spoiler"", ""Bumper sticker""]"
1788000510,Office Back Alley,BLF-4771,Gray,Sedan,[]
1788001320,Office Back Alley,BPU-4332,White,Motorcycle,[]
1788001650,Office Back Alley,KOE-4072,Beige,Pickup Truck,[]
1788001680,Office Back Alley,KES-9323,Maroon,Bus,"[""Spoiler"", ""Missing hubcap""]"
1788023220,Office Back Alley,KES-9323,Maroon,Bus,"[""Spoiler"", ""Missing hubcap""]"
1788023280,Hospital,EHW-3879,Maroon,Coupe,[]
1788023400,Hospital,IRY-6538,Gold,Coupe,"[""Sunroof"", ""Custom rims""]"
1788023640,Office Back Alley,IUT-7188,Gray,Bus,"[""Sunroof""]"
1788023700,Office Back Alley,VQJ-3851,Beige,Hatchback,[]
1788023790,Hospital,ZNI-4355,Blue,Coupe,[]
1788023880,Office Back Alley,CIU-8112,Maroon,Bus,"[""Dented rear bumper"", ""Tow hitch""]"
1788023970,Bookstore,XOW-5609,Gray,Sedan,"[""Sunroof"", ""Roof rack""]"
1788024030,Bookstore,FCH-7617,Maroon,Sedan,[]
1788024060,Hospital,IRY-6538,Gold,Coupe,"[""Sunroof"", ""Custom rims""]"
1788024090,Office Back Alley,NKO-5227,Gray,Motorcycle,"[""Roof rack""]"
1788024120,Hospital,EVV-3567,Blue,SUV,"[""Aftermarket exhaust""]"
1788024120,Hospital,EWE-8741,Blue,Bus,"[""Custom rims""]"
1788024120,Hospital,HQY-7996,Maroon,Motorcycle,[]
1788024120,Office Back Alley,OYU-1228,Maroon,Bus,[]
1788024150,Hospital,AIT-2702,Blue,Pickup Truck,"[""Dented rear bumper"", ""Tow hitch""]"
1788024180,Office Back Alley,RQA-7745,Red,Motorcycle,"[""Sunroof""]"
1788024180,Hospital,RRC-4766,Blue,Coupe,"[""Tinted windows"", ""Tow hitch""]"
1788024240,Office Back Alley,ZFD-3277,Green,Hatchback,"[""Bumper sticker"", ""Missing hubcap""]"
1788024270,Hospital,FHL-3560,Silver,Van,[]
1788024300,Office Back Alley,TQP-8061,Silver,Hatchback,"[""Tinted windows""]"
1788024300,Bookstore,TQP-8061,Silver,Hatchback,"[""Tinted windows""]"
1788024330,Office Back Alley,UHR-2612,White,Pickup Truck,[]
1788024390,Office Back Alley,WNV-7840,Red,Motorcycle,"[""Bumper sticker""]"
1788024450,Bookstore,HYS-9092,Gray,Coupe,"[""Roof rack"", ""Dented rear bumper""]"
1788024450,Office Back Alley,BGW-3337,Silver,Bus,"[""Bumper sticker""]"
1788024450,Office Back Alley,OGN-4489,Black,Pickup Truck,"[""Aftermarket exhaust"", ""Custom rims""]"
1788024480,Office Back Alley,RRC-4766,Blue,Coupe,"[""Tinted windows"", ""Tow hitch""]"
1788024510,Hospital,YJG-1440,Black,Sedan,"[""Tinted windows"", ""Bumper sticker""]"
1788024510,Office Back Alley,DOP-3475,Silver,SUV,[]
1788024600,Hospital,EQL-6876,Green,Bus,"[""Cracked windshield""]"
1788024630,Hospital,BPU-4332,White,Motorcycle,[]
1788024630,Bookstore,IMH-7658,Gray,Hatchback,"[""Tinted windows""]"
1788024690,Bookstore,TML-3408,Red,Motorcycle,"[""Spoiler"", ""Custom rims""]"
1788024690,Bookstore,FYR-2853,Gold,SUV,"[""Missing hubcap"", ""Aftermarket exhaust""]"
1788024720,Office Back Alley,VQJ-3851,Beige,Hatchback,[]
1788024750,Office Back Alley,RRT-3341,Red,Sedan,"[""Tinted windows"", ""Dented rear bumper""]"
1788024780,Office Back Alley,OGN-4489,Black,Pickup Truck,"[""Aftermarket exhaust"", ""Custom rims""]"
1788024810,Bookstore,QDH-4925,Red,Van,[]
1788024840,Bookstore,IMH-7658,Gray,Hatchback,"[""Tinted windows""]"
1788024870,Office Back Alley,KNM-8888,Gray,Sedan,"[""Ladder rack"", ""Aftermarket exhaust""]"
1788024870,Bookstore,QDH-4925,Red,Van,[]
1788024900,Hospital,LHA-6933,Gray,Bus,"[""Missing hubcap""]"
1788024900,Office Back Alley,GEZ-2109,Red,Motorcycle,"[""Missing hubcap"", ""Dented rear bumper""]"
1788024900,Office Back Alley,UJS-4783,Red,Bus,"[""Spoiler""]"
1788024930,Bookstore,CZA-9416,Black,Bus,[]
1788024930,Hospital,BPU-4332,White,Motorcycle,[]
1788024960,Bookstore,EJJ-5605,Red,Bus,"[""Tinted windows"", ""Aftermarket exhaust""]"
1788024960,Bookstore,BLF-4771,Gray,Sedan,[]
1788024990,Hospital,KES-9323,Maroon,Bus,"[""Spoiler"", ""Missing hubcap""]"
1788025050,Bookstore,KES-9323,Maroon,Bus,"[""Spoiler"", ""Missing hubcap""]"
1788025050,Office Back Alley,RBG-4071,Blue,Bus,"[""Bumper sticker"", ""Ladder rack""]"
1788025080,Office Back Alley,RRC-4766,Blue,Coupe,"[""Tinted windows"", ""Tow hitch""]"
1788025110,Hospital,DYT-5541,Maroon,Hatchback,[]
1788025200,Hospital,HUK-4229,White,Coupe,"[""Tinted windows""]"
1788025230,Hospital,EHW-3879,Maroon,Coupe,[]
1788025290,Bookstore,BTZ-5167,Silver,Coupe,[]
1788025380,Office Back Alley,BPU-4332,White,Motorcycle,[]
1788025380,Office Back Alley,QLL-8894,Black,Coupe,"[""Spoiler"", ""Bumper sticker""]"
1788025380,Office Back Alley,TQP-8061,Silver,Hatchback,"[""Tinted windows""]"
1788025410,Office Back Alley,BGW-3337,Silver,Bus,"[""Bumper sticker""]"
1788025410,Office Back Alley,ZNI-4355,Blue,Coupe,[]
1788025410,Office Back Alley,RRC-4766,Blue,Coupe,"[""Tinted windows"", ""Tow hitch""]"
1788025470,Office Back Alley,KOE-4072,Beige,Pickup Truck,[]
1788025470,Office Back Alley,VDV-4194,White,Coupe,[]
1788025500,Office Back Alley,ZIG-1175,Black,Bus,[]
1788025500,Hospital,VAP-5225,Silver,Hatchback,"[""Cracked windshield"", ""Tinted windows""]"
1788025500,Hospital,DOP-3475,Silver,SUV,[]
1788025530,Office Back Alley,LUG-7654,Black,Bus,"[""Bumper sticker""]"
1788025530,Office Back Alley,FCH-7617,Maroon,Sedan,[]
1788025560,Office Back Alley,BPU-4332,White,Motorcycle,[]
1788025590,Office Back Alley,CIU-8112,Maroon,Bus,"[""Dented rear bumper"", ""Tow hitch""]"
1788025680,Office Back Alley,EVV-3567,Blue,SUV,"[""Aftermarket exhaust""]"
1788025680,Office Back Alley,HQY-7996,Maroon,Motorcycle,[]
1788025710,Office Back Alley,NYF-1596,Silver,Pickup Truck,"[""Bumper sticker""]"
1788025740,Hospital,AIT-2702,Blue,Pickup Truck,"[""Dented rear bumper"", ""Tow hitch""]"
1788025740,Hospital,ZNI-4355,Blue,Coupe,[]
1788025740,Hospital,OYU-1228,Maroon,Bus,[]
1788025740,Office Back Alley,QDH-4925,Red,Van,[]
1788025740,Office Back Alley,XOW-5609,Gray,Sedan,"[""Sunroof"", ""Roof rack""]"
1788025770,Hospital,RQA-7745,Red,Motorcycle,"[""Sunroof""]"
1788025800,Bookstore,QDH-4925,Red,Van,[]
1788025830,Hospital,TBJ-5379,Green,Coupe,"[""Bumper sticker""]"
1788025860,Hospital,ZFD-3277,Green,Hatchback,"[""Bumper sticker"", ""Missing hubcap""]"
1788025890,Office Back Alley,BLF-4771,Gray,Sedan,[]
1788025890,Office Back Alley,RRC-4766,Blue,Coupe,"[""Tinted windows"", ""Tow hitch""]"
1788025890,Hospital,TQP-8061,Silver,Hatchback,"[""Tinted windows""]"
1788025980,Office Back Alley,QLL-8894,Black,Coupe,"[""Spoiler"", ""Bumper sticker""]"
1788026010,Hospital,WNV-7840,Red,Motorcycle,"[""Bumper sticker""]"
1788026040,Office Back Alley,IRY-6538,Gold,Coupe,"[""Sunroof"", ""Custom rims""]"
1788026040,Office Back Alley,ROX-9271,Gray,Coupe,"[""Custom rims"", ""Roof rack""]"
1788026070,Office Back Alley,TQP-8061,Silver,Hatchback,"[""Tinted windows""]"
1788026130,Hospital,DOP-3475,Silver,SUV,[]
1788026160,Office Back Alley,EQL-6876,Green,Bus,"[""Cracked windshield""]"
1788026190,Office Back Alley,BPU-4332,White,Motorcycle,[]
1788026220,Office Back Alley,HYS-9092,Gray,Coupe,"[""Roof rack"", ""Dented rear bumper""]"
1788026250,Office Back Alley,QLL-8894,Black,Coupe,"[""Spoiler"", ""Bumper sticker""]"
1788026280,Office Back Alley,RRC-4766,Blue,Coupe,"[""Tinted windows"", ""Tow hitch""]"
1788026340,Bookstore,OGN-4489,Black,Pickup Truck,"[""Aftermarket exhaust"", ""Custom rims""]"
1788026340,Hospital,VQJ-3851,Beige,Hatchback,[]
1788026340,Office Back Alley,UHR-2612,White,Pickup Truck,[]
1788026370,Hospital,RRT-3341,Red,Sedan,"[""Tinted windows"", ""Dented rear bumper""]"
1788026370,Hospital,OGN-4489,Black,Pickup Truck,"[""Aftermarket exhaust"", ""Custom rims""]"
1788026400,Office Back Alley,IMH-7658,Gray,Hatchback,"[""Tinted windows""]"
1788026460,Bookstore,MDL-3261,Blue,Motorcycle,[]
1788026460,Office Back Alley,TML-3408,Red,Motorcycle,"[""Spoiler"", ""Custom rims""]"
1788026490,Office Back Alley,BPU-4332,White,Motorcycle,[]
1788026520,Office Back Alley,RRC-4766,Blue,Coupe,"[""Tinted windows"", ""Tow hitch""]"
1788026610,Bookstore,KNM-8888,Gray,Sedan,"[""Ladder rack"", ""Aftermarket exhaust""]"
1788026640,Bookstore,GEZ-2109,Red,Motorcycle,"[""Missing hubcap"", ""Dented rear bumper""]"
1788026670,Bookstore,HQY-7996,Maroon,Motorcycle,[]
1788026670,Hospital,RBG-4071,Blue,Bus,"[""Bumper sticker"", ""Ladder rack""]"
1788026670,Hospital,RRC-4766,Blue,Coupe,"[""Tinted windows"", ""Tow hitch""]"
1788026700,Bookstore,OYU-1228,Maroon,Bus,[]
1788026700,Office Back Alley,NKO-5227,Gray,Motorcycle,"[""Roof rack""]"
1788026730,Bookstore,DYT-5541,Maroon,Hatchback,[]
1788026790,Bookstore,IRY-6538,Gold,Coupe,"[""Sunroof"", ""Custom rims""]"
1788026790,Office Back Alley,EHW-3879,Maroon,Coupe,[]
1788026820,Office Back Alley,HUK-4229,White,Coupe,"[""Tinted windows""]"
1788026880,Office Back Alley,IUT-7188,Gray,Bus,"[""Sunroof""]"
1788026970,Hospital,TQP-8061,Silver,Hatchback,"[""Tinted windows""]"
1788027060,Hospital,BGW-3337,Silver,Bus,"[""Bumper sticker""]"
1788027120,Office Back Alley,VAP-5225,Silver,Hatchback,"[""Cracked windshield"", ""Tinted windows""]"
1788027120,Hospital,FCH-7617,Maroon,Sedan,[]
1788027120,Bookstore,BPU-4332,White,Motorcycle,[]
1788027210,Hospital,CIU-8112,Maroon,Bus,"[""Dented rear bumper"", ""Tow hitch""]"
1788027210,Office Back Alley,KOE-4072,Beige,Pickup Truck,[]
1788027240,Bookstore,ZIG-1175,Black,Bus,[]
1788027240,Office Back Alley,XOW-5609,Gray,Sedan,"[""Sunroof"", ""Roof rack""]"
1788027300,Bookstore,BPU-4332,White,Motorcycle,[]
1788027300,Office Back Alley,EVV-3567,Blue,SUV,"[""Aftermarket exhaust""]"
1788027360,Office Back Alley,AIT-2702,Blue,Pickup Truck,"[""Dented rear bumper"", ""Tow hitch""]"
1788027360,Bookstore,KES-9323,Maroon,Bus,"[""Spoiler"", ""Missing hubcap""]"
1788027450,Office Back Alley,TBJ-5379,Green,Coupe,"[""Bumper sticker""]"
1788027450,Bookstore,IRY-6538,Gold,Coupe,"[""Sunroof"", ""Custom rims""]"
1788027570,Hospital,QLL-8894,Black,Coupe,"[""Spoiler"", ""Bumper sticker""]"
1788027570,Bookstore,UJS-4783,Red,Bus,"[""Spoiler""]"
1788027600,Office Back Alley,RRC-4766,Blue,Coupe,"[""Tinted windows"", ""Tow hitch""]"
1788027600,Office Back Alley,OGN-4489,Black,Pickup Truck,"[""Aftermarket exhaust"", ""Custom rims""]"
1788027630,Bookstore,BLF-4771,Gray,Sedan,[]
1788027630,Office Back Alley,ZNI-4355,Blue,Coupe,[]
1788027630,Office Back Alley,VJM-7944,Beige,Sedan,[]
1788027780,Bookstore,ROX-9271,Gray,Coupe,"[""Custom rims"", ""Roof rack""]"
1788027810,Bookstore,MDL-3261,Blue,Motorcycle,[]
1788027810,Office Back Alley,VDV-4194,White,Coupe,[]
1788027810,Office Back Alley,EUA-8367,Gold,Motorcycle,"[""Ladder rack""]"
1788027810,Office Back Alley,EQL-6876,Green,Bus,"[""Cracked windshield""]"
1788027900,Office Back Alley,LXQ-7888,Black,Van,[]
1788027930,Office Back Alley,TQP-8061,Silver,Hatchback,"[""Tinted windows""]"
1788027930,Office Back Alley,RRC-4766,Blue,Coupe,"[""Tinted windows"", ""Tow hitch""]"
1788028020,Office Back Alley,BPU-4332,White,Motorcycle,[]
1788028020,Office Back Alley,VJM-7944,Beige,Sedan,[]
1788028050,Office Back Alley,EQL-6876,Green,Bus,"[""Cracked windshield""]"
1788028110,Bookstore,UHR-2612,White,Pickup Truck,[]
1788028110,Office Back Alley,NYF-1596,Silver,Pickup Truck,"[""Bumper sticker""]"
1788028110,Office Back Alley,FCH-7617,Maroon,Sedan,[]
1788028140,Office Back Alley,HUK-4229,White,Coupe,"[""Tinted windows""]"
1788028140,Office Back Alley,CZA-9416,Black,Bus,[]
1788028170,Office Back Alley,NVS-7383,Gold,Van,"[""Aftermarket exhaust"", ""Ladder rack""]"
1788028200,Office Back Alley,IUT-7188,Gray,Bus,"[""Sunroof""]"
1788028290,Office Back Alley,VKM-8657,Blue,Sedan,"[""Custom rims""]"
1788028290,Office Back Alley,DYT-5541,Maroon,Hatchback,[]
1788028290,Bookstore,RRC-4766,Blue,Coupe,"[""Tinted windows"", ""Tow hitch""]"
1788028320,Bookstore,DOP-3475,Silver,SUV,[]
1788028320,Hospital,NKO-5227,Gray,Motorcycle,"[""Roof rack""]"
1788028350,Office Back Alley,LUG-7654,Black,Bus,"[""Bumper sticker""]"
1788028410,Office Back Alley,RTJ-3423,Gold,Sedan,[]
1788028440,Office Back Alley,AIT-2702,Blue,Pickup Truck,"[""Dented rear bumper"", ""Tow hitch""]"
1788028440,Office Back Alley,IMH-7658,Gray,Hatchback,"[""Tinted windows""]"
1788028470,Bookstore,ZYZ-1012,Beige,Motorcycle,"[""Spoiler""]"
1788028530,Office Back Alley,EVV-3567,Blue,SUV,"[""Aftermarket exhaust""]"
1788028530,Office Back Alley,QDH-4925,Red,Van,[]
1788028560,Bookstore,IRY-6538,Gold,Coupe,"[""Sunroof"", ""Custom rims""]"
1788028620,Office Back Alley,HQY-7996,Maroon,Motorcycle,[]
1788028710,Office Back Alley,QLL-8894,Black,Coupe,"[""Spoiler"", ""Bumper sticker""]"
1788028710,Bookstore,ZNI-4355,Blue,Coupe,[]
1788028740,Bookstore,CZA-9416,Black,Bus,[]
1788028740,Office Back Alley,TML-3408,Red,Motorcycle,"[""Spoiler"", ""Custom rims""]"
1788028740,Office Back Alley,EHW-3879,Maroon,Coupe,[]
1788028770,Bookstore,OYU-1228,Maroon,Bus,[]
1788028860,Bookstore,FCH-7617,Maroon,Sedan,[]
1788028860,Office Back Alley,BPU-4332,White,Motorcycle,[]
1788028950,Office Back Alley,WUB-4659,Black,Pickup Truck,"[""Sunroof""]"
1788028980,Hospital,YJG-1440,Black,Sedan,"[""Tinted windows"", ""Bumper sticker""]"
1788028980,Bookstore,EYH-6407,Black,Bus,"[""Custom rims"", ""Tinted windows""]"
1788028980,Bookstore,KOE-4072,Beige,Pickup Truck,[]
1788029010,Office Back Alley,VAP-5225,Silver,Hatchback,"[""Cracked windshield"", ""Tinted windows""]"
1788029010,Office Back Alley,BLF-4771,Gray,Sedan,[]
1788029070,Bookstore,XOW-5609,Gray,Sedan,"[""Sunroof"", ""Roof rack""]"
1788029100,Bookstore,BPU-4332,White,Motorcycle,[]
1788029130,Office Back Alley,TQP-8061,Silver,Hatchback,"[""Tinted windows""]"
1788029160,Office Back Alley,TBJ-5379,Green,Coupe,"[""Bumper sticker""]"
1788029190,Bookstore,KNM-8888,Gray,Sedan,"[""Ladder rack"", ""Aftermarket exhaust""]"
1788029220,Bookstore,ZGK-3461,Blue,Van,[]
1788029220,Hospital,RRC-4766,Blue,Coupe,"[""Tinted windows"", ""Tow hitch""]"
1788029340,Hospital,TXI-5471,White,Pickup Truck,[]
1788029400,Office Back Alley,VJM-7944,Beige,Sedan,[]
1788029430,Hospital,EUA-8367,Gold,Motorcycle,"[""Ladder rack""]"
1788029430,Hospital,EQL-6876,Green,Bus,"[""Cracked windshield""]"
1788029430,Office Back Alley,HYS-9092,Gray,Coupe,"[""Roof rack"", ""Dented rear bumper""]"
1788029460,Bookstore,ZNI-4355,Blue,Coupe,[]
1788029550,Bookstore,HQY-7996,Maroon,Motorcycle,[]
1788029550,Bookstore,IMH-7658,Gray,Hatchback,"[""Tinted windows""]"
1788029580,Hospital,RRC-4766,Blue,Coupe,"[""Tinted windows"", ""Tow hitch""]"
1788029580,Bookstore,FYR-2853,Gold,SUV,"[""Missing hubcap"", ""Aftermarket exhaust""]"
1788029580,Bookstore,VDV-4194,White,Coupe,[]
1788029640,Bookstore,NYF-1596,Silver,Pickup Truck,"[""Bumper sticker""]"
1788029700,Hospital,EJJ-5605,Red,Bus,"[""Tinted windows"", ""Aftermarket exhaust""]"
1788029730,Bookstore,IRY-6538,Gold,Coupe,"[""Sunroof"", ""Custom rims""]"
1788029730,Hospital,FCH-7617,Maroon,Sedan,[]
1788029760,Hospital,NYF-1596,Silver,Pickup Truck,"[""Bumper sticker""]"
1788029760,Hospital,CZA-9416,Black,Bus,[]
1788029790,Hospital,LHA-6933,Gray,Bus,"[""Missing hubcap""]"
1788029790,Office Back Alley,OGN-4489,Black,Pickup Truck,"[""Aftermarket exhaust"", ""Custom rims""]"
1788029820,Office Back Alley,VJM-7944,Beige,Sedan,[]
1788029850,Hospital,IUT-7188,Gray,Bus,"[""Sunroof""]"
1788029880,Office Back Alley,NVS-7383,Gold,Van,"[""Aftermarket exhaust"", ""Ladder rack""]"
1788029880,Office Back Alley,LXQ-7888,Black,Van,[]
1788029910,Hospital,VKM-8657,Blue,Sedan,"[""Custom rims""]"
1788029910,Hospital,DYT-5541,Maroon,Hatchback,[]
1788029910,Bookstore,HUK-4229,White,Coupe,"[""Tinted windows""]"
1788030000,Bookstore,EYH-6407,Black,Bus,"[""Custom rims"", ""Tinted windows""]"
1788030060,Hospital,AIT-2702,Blue,Pickup Truck,"[""Dented rear bumper"", ""Tow hitch""]"
1788030060,Office Back Alley,QDH-4925,Red,Van,[]
1788030090,Office Back Alley,LUG-7654,Black,Bus,"[""Bumper sticker""]"
1788030120,Hospital,DOP-3475,Silver,SUV,[]
1788030150,Hospital,ABS-2643,Gold,Pickup Truck,"[""Tow hitch"", ""Missing hubcap""]"
1788030150,Bookstore,BLF-4771,Gray,Sedan,[]
1788030180,Bookstore,RRC-4766,Blue,Coupe,"[""Tinted windows"", ""Tow hitch""]"
1788030180,Hospital,EVV-3567,Blue,SUV,"[""Aftermarket exhaust""]"
1788030300,Bookstore,YTG-6287,Green,Coupe,"[""Bumper sticker"", ""Tow hitch""]"
1788030330,Hospital,ZNI-4355,Blue,Coupe,[]
1788030360,Office Back Alley,RTJ-3423,Gold,Sedan,[]
1788030390,Hospital,TML-3408,Red,Motorcycle,"[""Spoiler"", ""Custom rims""]"
1788030450,Bookstore,HQY-7996,Maroon,Motorcycle,[]
1788030480,Hospital,BPU-4332,White,Motorcycle,[]
1788030510,Bookstore,EHW-3879,Maroon,Coupe,[]
1788030510,Office Back Alley,IMH-7658,Gray,Hatchback,"[""Tinted windows""]"
1788030510,Office Back Alley,CZA-9416,Black,Bus,[]
1788030540,Hospital,OGN-4489,Black,Pickup Truck,"[""Aftermarket exhaust"", ""Custom rims""]"
1788030540,Bookstore,QLL-8894,Black,Coupe,"[""Spoiler"", ""Bumper sticker""]"
1788030600,Office Back Alley,YJG-1440,Black,Sedan,"[""Tinted windows"", ""Bumper sticker""]"
1788030630,Hospital,BLF-4771,Gray,Sedan,[]
1788030660,Bookstore,BTZ-5167,Silver,Coupe,[]
1788030690,Bookstore,UHR-2612,White,Pickup Truck,[]
1788030720,Bookstore,DYT-5541,Maroon,Hatchback,[]
1788030750,Bookstore,KES-9323,Maroon,Bus,"[""Spoiler"", ""Missing hubcap""]"
1788030780,Office Back Alley,WUB-4659,Black,Pickup Truck,"[""Sunroof""]"
1788030810,Hospital,OYU-1228,Maroon,Bus,[]
1788030840,Office Back Alley,KES-9323,Maroon,Bus,"[""Spoiler"", ""Missing hubcap""]"
1788030840,Bookstore,VAP-5225,Silver,Hatchback,"[""Cracked windshield"", ""Tinted windows""]"
1788030960,Office Back Alley,TXI-5471,White,Pickup Truck,[]
1788030960,Bookstore,TQP-8061,Silver,Hatchback,"[""Tinted windows""]"
1788030990,Bookstore,DYT-5541,Maroon,Hatchback,[]
1788031020,Hospital,FCH-7617,Maroon,Sedan,[]
1788031020,Hospital,VJM-7944,Beige,Sedan,[]
1788031020,Hospital,DOP-3475,Silver,SUV,[]
1788031110,Hospital,TQP-8061,Silver,Hatchback,"[""Tinted windows""]"
1788031110,Office Back Alley,OGN-4489,Black,Pickup Truck,"[""Aftermarket exhaust"", ""Custom rims""]"
1788031230,Bookstore,NUN-3923,Silver,Motorcycle,"[""Roof rack"", ""Sunroof""]"
1788031320,Office Back Alley,IMH-7658,Gray,Hatchback,"[""Tinted windows""]"
1788031350,Office Back Alley,FYR-2853,Gold,SUV,"[""Missing hubcap"", ""Aftermarket exhaust""]"
1788031350,Bookstore,ZNI-4355,Blue,Coupe,[]
1788031380,Hospital,BGW-3337,Silver,Bus,"[""Bumper sticker""]"
1788031410,Office Back Alley,LHA-6933,Gray,Bus,"[""Missing hubcap""]"
1788031440,Bookstore,RRC-4766,Blue,Coupe,"[""Tinted windows"", ""Tow hitch""]"
1788031500,Bookstore,OGN-4489,Black,Pickup Truck,"[""Aftermarket exhaust"", ""Custom rims""]"
1788031500,Bookstore,OYU-1228,Maroon,Bus,[]
1788031530,Hospital,NVS-7383,Gold,Van,"[""Aftermarket exhaust"", ""Ladder rack""]"
1788031590,Bookstore,VJM-7944,Beige,Sedan,[]
1788031590,Hospital,WNV-7840,Red,Motorcycle,"[""Bumper sticker""]"
1788031650,Office Back Alley,TBJ-5379,Green,Coupe,"[""Bumper sticker""]"
1788031650,Bookstore,LXQ-7888,Black,Van,[]
1788031680,Bookstore,ZNI-4355,Blue,Coupe,[]
1788031710,Hospital,LUG-7654,Black,Bus,"[""Bumper sticker""]"
1788031710,Hospital,QDH-4925,Red,Van,[]
1788031710,Office Back Alley,KES-9323,Maroon,Bus,"[""Spoiler"", ""Missing hubcap""]"
1788031740,Office Back Alley,DOP-3475,Silver,SUV,[]
1788031770,Hospital,TQP-8061,Silver,Hatchback,"[""Tinted windows""]"
1788031890,Bookstore,HQY-7996,Maroon,Motorcycle,[]
1788031920,Office Back Alley,BLF-4771,Gray,Sedan,[]
1788031950,Office Back Alley,IMH-7658,Gray,Hatchback,"[""Tinted windows""]"
1788031950,Office Back Alley,RRC-4766,Blue,Coupe,"[""Tinted windows"", ""Tow hitch""]"
1788032010,Hospital,RTJ-3423,Gold,Sedan,[]
1788032130,Hospital,VQJ-3851,Beige,Hatchback,[]
1788032160,Office Back Alley,OGN-4489,Black,Pickup Truck,"[""Aftermarket exhaust"", ""Custom rims""]"
1788032250,Bookstore,GEZ-2109,Red,Motorcycle,"[""Missing hubcap"", ""Dented rear bumper""]"
1788032250,Hospital,RRC-4766,Blue,Coupe,"[""Tinted windows"", ""Tow hitch""]"
1788032370,Bookstore,IRY-6538,Gold,Coupe,"[""Sunroof"", ""Custom rims""]"
1788032430,Hospital,RQA-7745,Red,Motorcycle,"[""Sunroof""]"
1788032430,Bookstore,YTG-6287,Green,Coupe,"[""Bumper sticker"", ""Tow hitch""]"
1788032430,Office Back Alley,TXI-5471,White,Pickup Truck,[]
1788032430,Office Back Alley,OYU-1228,Maroon,Bus,[]
1788032640,Office Back Alley,CZA-9416,Black,Bus,[]
1788032640,Office Back Alley,FCH-7617,Maroon,Sedan,[]
1788032640,Office Back Alley,DOP-3475,Silver,SUV,[]
1788032700,Bookstore,BPU-4332,White,Motorcycle,[]
1788032730,Office Back Alley,TQP-8061,Silver,Hatchback,"[""Tinted windows""]"
1788032760,Hospital,NKO-5227,Gray,Motorcycle,"[""Roof rack""]"
1788032760,Bookstore,KES-9323,Maroon,Bus,"[""Spoiler"", ""Missing hubcap""]"
1788032820,Bookstore,HYS-9092,Gray,Coupe,"[""Roof rack"", ""Dented rear bumper""]"
1788032880,Hospital,BPU-4332,White,Motorcycle,[]
1788032880,Bookstore,OGN-4489,Black,Pickup Truck,"[""Aftermarket exhaust"", ""Custom rims""]"
1788032940,Hospital,RRT-3341,Red,Sedan,"[""Tinted windows"", ""Dented rear bumper""]"
1788032970,Bookstore,DOP-3475,Silver,SUV,[]
1788033000,Office Back Alley,BGW-3337,Silver,Bus,"[""Bumper sticker""]"
1788033030,Office Back Alley,YJG-1440,Black,Sedan,"[""Tinted windows"", ""Bumper sticker""]"
1788033030,Office Back Alley,NUN-3923,Silver,Motorcycle,"[""Roof rack"", ""Sunroof""]"
1788033090,Office Back Alley,DOP-3475,Silver,SUV,[]
1788033090,Office Back Alley,ZNI-4355,Blue,Coupe,[]
1788033150,Bookstore,BLF-4771,Gray,Sedan,[]
1788033180,Bookstore,EHW-3879,Maroon,Coupe,[]
1788033210,Office Back Alley,RRC-4766,Blue,Coupe,"[""Tinted windows"", ""Tow hitch""]"
1788033210,Office Back Alley,WNV-7840,Red,Motorcycle,"[""Bumper sticker""]"
1788033270,Office Back Alley,OGN-4489,Black,Pickup Truck,"[""Aftermarket exhaust"", ""Custom rims""]"
1788033270,Office Back Alley,OYU-1228,Maroon,Bus,[]
1788033270,Hospital,TBJ-5379,Green,Coupe,"[""Bumper sticker""]"
1788033330,Office Back Alley,LHA-6933,Gray,Bus,"[""Missing hubcap""]"
1788033360,Hospital,EQL-6876,Green,Bus,"[""Cracked windshield""]"
1788033390,Bookstore,HQY-7996,Maroon,Motorcycle,[]
1788033420,Bookstore,FHL-3560,Silver,Van,[]
1788033480,Bookstore,KES-9323,Maroon,Bus,"[""Spoiler"", ""Missing hubcap""]"
1788033540,Office Back Alley,OGN-4489,Black,Pickup Truck,"[""Aftermarket exhaust"", ""Custom rims""]"
1788033570,Hospital,IMH-7658,Gray,Hatchback,"[""Tinted windows""]"
1788033570,Office Back Alley,OYU-1228,Maroon,Bus,[]
1788033570,Office Back Alley,WUB-4659,Black,Pickup Truck,"[""Sunroof""]"
1788033600,Office Back Alley,FYR-2853,Gold,SUV,"[""Missing hubcap"", ""Aftermarket exhaust""]"
1788033720,Bookstore,KNM-8888,Gray,Sedan,"[""Ladder rack"", ""Aftermarket exhaust""]"
1788033720,Bookstore,EWE-8741,Blue,Bus,"[""Custom rims""]"
1788033750,Office Back Alley,BTZ-5167,Silver,Coupe,[]
1788033750,Office Back Alley,VQJ-3851,Beige,Hatchback,[]
1788033810,Hospital,RRC-4766,Blue,Coupe,"[""Tinted windows"", ""Tow hitch""]"
1788033870,Office Back Alley,IMH-7658,Gray,Hatchback,"[""Tinted windows""]"
1788033870,Office Back Alley,RRC-4766,Blue,Coupe,"[""Tinted windows"", ""Tow hitch""]"
1788034080,Bookstore,ZGK-3461,Blue,Van,[]
1788034170,Office Back Alley,CZA-9416,Black,Bus,[]
1788034200,Bookstore,QLL-8894,Black,Coupe,"[""Spoiler"", ""Bumper sticker""]"
1788034230,Bookstore,LXQ-7888,Black,Van,[]
1788034230,Bookstore,BLF-4771,Gray,Sedan,[]
1788034230,Office Back Alley,TXI-5471,White,Pickup Truck,[]
1788034320,Bookstore,BPU-4332,White,Motorcycle,[]
1788034350,Bookstore,ZFD-3277,Green,Hatchback,"[""Bumper sticker"", ""Missing hubcap""]"
1788034350,Office Back Alley,ZNI-4355,Blue,Coupe,[]
1788034380,Office Back Alley,NUN-3923,Silver,Motorcycle,"[""Roof rack"", ""Sunroof""]"
1788034380,Office Back Alley,NKO-5227,Gray,Motorcycle,"[""Roof rack""]"
1788034410,Office Back Alley,BLF-4771,Gray,Sedan,[]
1788034410,Office Back Alley,RRC-4766,Blue,Coupe,"[""Tinted windows"", ""Tow hitch""]"
1788034410,Office Back Alley,YJG-1440,Black,Sedan,"[""Tinted windows"", ""Bumper sticker""]"
1788034500,Office Back Alley,KES-9323,Maroon,Bus,"[""Spoiler"", ""Missing hubcap""]"
1788034530,Office Back Alley,DOP-3475,Silver,SUV,[]
1788034560,Office Back Alley,RRT-3341,Red,Sedan,"[""Tinted windows"", ""Dented rear bumper""]"
1788034620,Bookstore,MDL-3261,Blue,Motorcycle,[]
1788034650,Office Back Alley,RRC-4766,Blue,Coupe,"[""Tinted windows"", ""Tow hitch""]"
1788034650,Hospital,VKM-8657,Blue,Sedan,"[""Custom rims""]"
1788034680,Hospital,ABS-2643,Gold,Pickup Truck,"[""Tow hitch"", ""Missing hubcap""]"
1788034740,Office Back Alley,DOP-3475,Silver,SUV,[]
1788034740,Hospital,DOP-3475,Silver,SUV,[]
1788034770,Bookstore,AIT-2702,Blue,Pickup Truck,"[""Dented rear bumper"", ""Tow hitch""]"
1788034800,Hospital,IRY-6538,Gold,Coupe,"[""Sunroof"", ""Custom rims""]"
1788034830,Office Back Alley,FYR-2853,Gold,SUV,"[""Missing hubcap"", ""Aftermarket exhaust""]"
1788034950,Hospital,LHA-6933,Gray,Bus,"[""Missing hubcap""]"
1788034950,Office Back Alley,BTZ-5167,Silver,Coupe,[]
1788035010,Office Back Alley,FCH-7617,Maroon,Sedan,[]
1788035040,Office Back Alley,BGW-3337,Silver,Bus,"[""Bumper sticker""]"
1788035130,Bookstore,EHW-3879,Maroon,Coupe,[]
1788035130,Office Back Alley,OYU-1228,Maroon,Bus,[]
1788035130,Office Back Alley,TQP-8061,Silver,Hatchback,"[""Tinted windows""]"
1788035160,Office Back Alley,HQY-7996,Maroon,Motorcycle,[]
1788035160,Hospital,OGN-4489,Black,Pickup Truck,"[""Aftermarket exhaust"", ""Custom rims""]"
1788035160,Hospital,EQL-6876,Green,Bus,"[""Cracked windshield""]"
1788035190,Hospital,BLF-4771,Gray,Sedan,[]
1788035190,Hospital,NYF-1596,Silver,Pickup Truck,"[""Bumper sticker""]"
1788035220,Office Back Alley,FHL-3560,Silver,Van,[]
1788035220,Bookstore,KES-9323,Maroon,Bus,"[""Spoiler"", ""Missing hubcap""]"
1788035280,Bookstore,YTG-6287,Green,Coupe,"[""Bumper sticker"", ""Tow hitch""]"
1788035310,Office Back Alley,ZNI-4355,Blue,Coupe,[]
1788035310,Bookstore,EWE-8741,Blue,Bus,"[""Custom rims""]"
1788035340,Bookstore,OYU-1228,Maroon,Bus,[]
1788035340,Hospital,EVV-3567,Blue,SUV,"[""Aftermarket exhaust""]"
1788035370,Office Back Alley,WNV-7840,Red,Motorcycle,"[""Bumper sticker""]"
1788035430,Office Back Alley,RRC-4766,Blue,Coupe,"[""Tinted windows"", ""Tow hitch""]"
1788035430,Office Back Alley,RRC-4766,Blue,Coupe,"[""Tinted windows"", ""Tow hitch""]"
1788035580,Bookstore,QLL-8894,Black,Coupe,"[""Spoiler"", ""Bumper sticker""]"
1788035580,Office Back Alley,DOP-3475,Silver,SUV,[]
1788035580,Office Back Alley,OGN-4489,Black,Pickup Truck,"[""Aftermarket exhaust"", ""Custom rims""]"
1788035580,Hospital,OYU-1228,Maroon,Bus,[]
1788035670,Bookstore,QLL-8894,Black,Coupe,"[""Spoiler"", ""Bumper sticker""]"
1788035670,Office Back Alley,KES-9323,Maroon,Bus,"[""Spoiler"", ""Missing hubcap""]"
1788035730,Hospital,TML-3408,Red,Motorcycle,"[""Spoiler"", ""Custom rims""]"
1788035760,Hospital,ZYZ-1012,Beige,Motorcycle,"[""Spoiler""]"
1788035820,Office Back Alley,VQJ-3851,Beige,Hatchback,[]
1788035850,Hospital,FCH-7617,Maroon,Sedan,[]
1788035940,Bookstore,OGN-4489,Black,Pickup Truck,"[""Aftermarket exhaust"", ""Custom rims""]"
1788035940,Bookstore,CZA-9416,Black,Bus,[]
1788035970,Hospital,ZIG-1175,Black,Bus,[]
1788035970,Hospital,ZNI-4355,Blue,Coupe,[]
1788036030,Hospital,BLF-4771,Gray,Sedan,[]
1788036030,Hospital,YJG-1440,Black,Sedan,"[""Tinted windows"", ""Bumper sticker""]"
1788036060,Office Back Alley,IMH-7658,Gray,Hatchback,"[""Tinted windows""]"
1788036120,Bookstore,ZFD-3277,Green,Hatchback,"[""Bumper sticker"", ""Missing hubcap""]"
1788036150,Bookstore,NUN-3923,Silver,Motorcycle,"[""Roof rack"", ""Sunroof""]"
1788036150,Office Back Alley,ZNI-4355,Blue,Coupe,[]
1788036180,Bookstore,RRC-4766,Blue,Coupe,"[""Tinted windows"", ""Tow hitch""]"
1788036180,Hospital,LUG-7654,Black,Bus,"[""Bumper sticker""]"
1788036210,Office Back Alley,NKO-5227,Gray,Motorcycle,"[""Roof rack""]"
1788036240,Office Back Alley,FYR-2853,Gold,SUV,"[""Missing hubcap"", ""Aftermarket exhaust""]"
1788036240,Hospital,RRC-4766,Blue,Coupe,"[""Tinted windows"", ""Tow hitch""]"
1788036270,Office Back Alley,VKM-8657,Blue,Sedan,"[""Custom rims""]"
1788036300,Office Back Alley,ABS-2643,Gold,Pickup Truck,"[""Tow hitch"", ""Missing hubcap""]"
1788036390,Bookstore,DYT-5541,Maroon,Hatchback,[]
1788036420,Office Back Alley,IRY-6538,Gold,Coupe,"[""Sunroof"", ""Custom rims""]"
1788036540,Bookstore,DYT-5541,Maroon,Hatchback,[]
1788036570,Bookstore,BPU-4332,White,Motorcycle,[]
1788036570,Hospital,BTZ-5167,Silver,Coupe,[]
1788036570,Hospital,EUA-8367,Gold,Motorcycle,"[""Ladder rack""]"
1788036690,Office Back Alley,DOP-3475,Silver,SUV,[]
1788036720,Bookstore,AIT-2702,Blue,Pickup Truck,"[""Dented rear bumper"", ""Tow hitch""]"
1788036750,Hospital,TQP-8061,Silver,Hatchback,"[""Tinted windows""]"
1788036780,Office Back Alley,RRT-3341,Red,Sedan,"[""Tinted windows"", ""Dented rear bumper""]"
1788036780,Office Back Alley,EQL-6876,Green,Bus,"[""Cracked windshield""]"
1788036810,Office Back Alley,NYF-1596,Silver,Pickup Truck,"[""Bumper sticker""]"
1788036810,Bookstore,EJJ-5605,Red,Bus,"[""Tinted windows"", ""Aftermarket exhaust""]"
1788036810,Bookstore,BGW-3337,Silver,Bus,"[""Bumper sticker""]"
1788036870,Office Back Alley,RRC-4766,Blue,Coupe,"[""Tinted windows"", ""Tow hitch""]"
1788036870,Office Back Alley,EHW-3879,Maroon,Coupe,[]
1788036900,Bookstore,OYU-1228,Maroon,Bus,[]
1788036900,Hospital,NVS-7383,Gold,Van,"[""Aftermarket exhaust"", ""Ladder rack""]"
1788036990,Hospital,WNV-7840,Red,Motorcycle,"[""Bumper sticker""]"
1788036990,Hospital,FCH-7617,Maroon,Sedan,[]
1788036990,Hospital,QDH-4925,Red,Van,[]
1788036990,Bookstore,OYU-1228,Maroon,Bus,[]
1788036990,Office Back Alley,FHL-3560,Silver,Van,[]
1788037050,Office Back Alley,EWE-8741,Blue,Bus,"[""Custom rims""]"
1788037080,Office Back Alley,RRC-4766,Blue,Coupe,"[""Tinted windows"", ""Tow hitch""]"
1788037080,Office Back Alley,HQY-7996,Maroon,Motorcycle,[]
1788037140,Bookstore,AIT-2702,Blue,Pickup Truck,"[""Dented rear bumper"", ""Tow hitch""]"
1788037170,Office Back Alley,NKO-5227,Gray,Motorcycle,"[""Roof rack""]"
1788037200,Hospital,DOP-3475,Silver,SUV,[]
1788037200,Office Back Alley,ZNI-4355,Blue,Coupe,[]
1788037200,Office Back Alley,OYU-1228,Maroon,Bus,[]
1788037230,Hospital,UHR-2612,White,Pickup Truck,[]
1788037290,Office Back Alley,WUB-4659,Black,Pickup Truck,"[""Sunroof""]"
1788037350,Office Back Alley,TML-3408,Red,Motorcycle,"[""Spoiler"", ""Custom rims""]"
1788037350,Hospital,RTJ-3423,Gold,Sedan,[]
1788037350,Bookstore,OGN-4489,Black,Pickup Truck,"[""Aftermarket exhaust"", ""Custom rims""]"
1788037380,Office Back Alley,ZYZ-1012,Beige,Motorcycle,"[""Spoiler""]"
1788037410,Bookstore,NUN-3923,Silver,Motorcycle,"[""Roof rack"", ""Sunroof""]"
1788037410,Bookstore,RRC-4766,Blue,Coupe,"[""Tinted windows"", ""Tow hitch""]"
1788037440,Office Back Alley,QLL-8894,Black,Coupe,"[""Spoiler"", ""Bumper sticker""]"
1788037470,Office Back Alley,FCH-7617,Maroon,Sedan,[]
1788037590,Bookstore,RQA-7745,Red,Motorcycle,"[""Sunroof""]"
1788037590,Bookstore,VQJ-3851,Beige,Hatchback,[]
1788037590,Office Back Alley,ZIG-1175,Black,Bus,[]
1788037680,Bookstore,FCH-7617,Maroon,Sedan,[]
1788037770,Office Back Alley,VKM-8657,Blue,Sedan,"[""Custom rims""]"
1788037830,Hospital,BPU-4332,White,Motorcycle,[]
1788037860,Office Back Alley,RRC-4766,Blue,Coupe,"[""Tinted windows"", ""Tow hitch""]"
1788037890,Hospital,ZNI-4355,Blue,Coupe,[]
1788037920,Bookstore,QDH-4925,Red,Van,[]
1788037950,Hospital,VJM-7944,Beige,Sedan,[]
1788037950,Hospital,TQP-8061,Silver,Hatchback,"[""Tinted windows""]"
1788037980,Bookstore,EJJ-5605,Red,Bus,"[""Tinted windows"", ""Aftermarket exhaust""]"
1788038040,Bookstore,DYT-5541,Maroon,Hatchback,[]
1788038070,Bookstore,FYR-2853,Gold,SUV,"[""Missing hubcap"", ""Aftermarket exhaust""]"
1788038100,Bookstore,UJS-4783,Red,Bus,"[""Spoiler""]"
1788038130,Bookstore,HYS-9092,Gray,Coupe,"[""Roof rack"", ""Dented rear bumper""]"
1788038130,Office Back Alley,ABS-2643,Gold,Pickup Truck,"[""Tow hitch"", ""Missing hubcap""]"
1788038190,Office Back Alley,IRY-6538,Gold,Coupe,"[""Sunroof"", ""Custom rims""]"
1788038250,Hospital,RBG-4071,Blue,Bus,"[""Bumper sticker"", ""Ladder rack""]"
1788038310,Bookstore,BPU-4332,White,Motorcycle,[]
1788038310,Bookstore,NYF-1596,Silver,Pickup Truck,"[""Bumper sticker""]"
1788038430,Hospital,RRT-3341,Red,Sedan,"[""Tinted windows"", ""Dented rear bumper""]"
1788038430,Office Back Alley,EQL-6876,Green,Bus,"[""Cracked windshield""]"
1788038460,Hospital,TBJ-5379,Green,Coupe,"[""Bumper sticker""]"
1788038460,Bookstore,DOP-3475,Silver,SUV,[]
1788038490,Bookstore,QDH-4925,Red,Van,[]
1788038490,Hospital,HQY-7996,Maroon,Motorcycle,[]
1788038550,Bookstore,XOW-5609,Gray,Sedan,"[""Sunroof"", ""Roof rack""]"
1788038550,Office Back Alley,EWE-8741,Blue,Bus,"[""Custom rims""]"
1788038580,Bookstore,OGN-4489,Black,Pickup Truck,"[""Aftermarket exhaust"", ""Custom rims""]"
1788038610,Office Back Alley,FCH-7617,Maroon,Sedan,[]
1788038610,Office Back Alley,QDH-4925,Red,Van,[]
1788038640,Bookstore,RRC-4766,Blue,Coupe,"[""Tinted windows"", ""Tow hitch""]"
1788038730,Office Back Alley,OYU-1228,Maroon,Bus,[]
1788038820,Office Back Alley,QLL-8894,Black,Coupe,"[""Spoiler"", ""Bumper sticker""]"
1788038850,Bookstore,HQY-7996,Maroon,Motorcycle,[]
1788038850,Office Back Alley,UHR-2612,White,Pickup Truck,[]
1788038850,Hospital,EQL-6876,Green,Bus,"[""Cracked windshield""]"
1788038880,Office Back Alley,AIT-2702,Blue,Pickup Truck,"[""Dented rear bumper"", ""Tow hitch""]"
1788038940,Bookstore,NKO-5227,Gray,Motorcycle,"[""Roof rack""]"
1788038970,Office Back Alley,RRC-4766,Blue,Coupe,"[""Tinted windows"", ""Tow hitch""]"
1788038970,Office Back Alley,RTJ-3423,Gold,Sedan,[]
1788038970,Bookstore,ZNI-4355,Blue,Coupe,[]
1788039060,Bookstore,WUB-4659,Black,Pickup Truck,"[""Sunroof""]"
1788039090,Hospital,GEZ-2109,Red,Motorcycle,"[""Missing hubcap"", ""Dented rear bumper""]"
1788039120,Bookstore,KNM-8888,Gray,Sedan,"[""Ladder rack"", ""Aftermarket exhaust""]"
1788039120,Office Back Alley,TML-3408,Red,Motorcycle,"[""Spoiler"", ""Custom rims""]"
1788039150,Hospital,LHA-6933,Gray,Bus,"[""Missing hubcap""]"
1788039210,Bookstore,UJS-4783,Red,Bus,"[""Spoiler""]"
1788039210,Bookstore,EHW-3879,Maroon,Coupe,[]
1788039270,Bookstore,CIU-8112,Maroon,Bus,"[""Dented rear bumper"", ""Tow hitch""]"
1788039300,Bookstore,FYR-2853,Gold,SUV,"[""Missing hubcap"", ""Aftermarket exhaust""]"
1788039300,Office Back Alley,OYU-1228,Maroon,Bus,[]
1788039330,Bookstore,OGN-4489,Black,Pickup Truck,"[""Aftermarket exhaust"", ""Custom rims""]"
1788039360,Office Back Alley,ZIG-1175,Black,Bus,[]
1788039360,Office Back Alley,EVV-3567,Blue,SUV,"[""Aftermarket exhaust""]"
1788039420,Hospital,TXI-5471,White,Pickup Truck,[]
1788039450,Office Back Alley,NYF-1596,Silver,Pickup Truck,"[""Bumper sticker""]"
1788039450,Office Back Alley,EHW-3879,Maroon,Coupe,[]
1788039480,Bookstore,IMH-7658,Gray,Hatchback,"[""Tinted windows""]"
1788039510,Office Back Alley,ZNI-4355,Blue,Coupe,[]
1788039540,Bookstore,KOE-4072,Beige,Pickup Truck,[]
1788039540,Bookstore,EYH-6407,Black,Bus,"[""Custom rims"", ""Tinted windows""]"
1788039570,Office Back Alley,VJM-7944,Beige,Sedan,[]
1788039600,Bookstore,KES-9323,Maroon,Bus,"[""Spoiler"", ""Missing hubcap""]"
1788039600,Bookstore,MDL-3261,Blue,Motorcycle,[]
1788039600,Bookstore,VKM-8657,Blue,Sedan,"[""Custom rims""]"
1788039660,Office Back Alley,QDH-4925,Red,Van,[]
1788039720,Bookstore,RRC-4766,Blue,Coupe,"[""Tinted windows"", ""Tow hitch""]"
1788039750,Hospital,ABS-2643,Gold,Pickup Truck,"[""Tow hitch"", ""Missing hubcap""]"
1788039870,Office Back Alley,RBG-4071,Blue,Bus,"[""Bumper sticker"", ""Ladder rack""]"
1788039900,Office Back Alley,HYS-9092,Gray,Coupe,"[""Roof rack"", ""Dented rear bumper""]"
1788039900,Bookstore,RRC-4766,Blue,Coupe,"[""Tinted windows"", ""Tow hitch""]"
1788039930,Hospital,HUK-4229,White,Coupe,"[""Tinted windows""]"
1788039990,Office Back Alley,FCH-7617,Maroon,Sedan,[]
1788040050,Bookstore,NKO-5227,Gray,Motorcycle,"[""Roof rack""]"
1788040080,Office Back Alley,TBJ-5379,Green,Coupe,"[""Bumper sticker""]"
1788040080,Hospital,EQL-6876,Green,Bus,"[""Cracked windshield""]"
1788040110,Office Back Alley,NYF-1596,Silver,Pickup Truck,"[""Bumper sticker""]"
1788040170,Hospital,EWE-8741,Blue,Bus,"[""Custom rims""]"
1788040170,Bookstore,YTG-6287,Green,Coupe,"[""Bumper sticker"", ""Tow hitch""]"
1788040170,Bookstore,VAP-5225,Silver,Hatchback,"[""Cracked windshield"", ""Tinted windows""]"
1788040260,Office Back Alley,BLF-4771,Gray,Sedan,[]
1788040290,Office Back Alley,QDH-4925,Red,Van,[]
1788040290,Hospital,DOP-3475,Silver,SUV,[]
1788040350,Office Back Alley,FCH-7617,Maroon,Sedan,[]
1788040380,Office Back Alley,ZYZ-1012,Beige,Motorcycle,"[""Spoiler""]"
1788040470,Office Back Alley,RTJ-3423,Gold,Sedan,[]
1788040470,Office Back Alley,EQL-6876,Green,Bus,"[""Cracked windshield""]"
1788040530,Bookstore,IMH-7658,Gray,Hatchback,"[""Tinted windows""]"
1788040530,Office Back Alley,IRY-6538,Gold,Coupe,"[""Sunroof"", ""Custom rims""]"
1788040560,Bookstore,BGW-3337,Silver,Bus,"[""Bumper sticker""]"
1788040560,Hospital,KES-9323,Maroon,Bus,"[""Spoiler"", ""Missing hubcap""]"
1788040590,Bookstore,QLL-8894,Black,Coupe,"[""Spoiler"", ""Bumper sticker""]"
1788040620,Bookstore,FCH-7617,Maroon,Sedan,[]
1788040620,Bookstore,IRY-6538,Gold,Coupe,"[""Sunroof"", ""Custom rims""]"
1788040680,Bookstore,BPU-4332,White,Motorcycle,[]
1788040680,Bookstore,FHL-3560,Silver,Van,[]
1788040680,Bookstore,CZA-9416,Black,Bus,[]
1788040710,Office Back Alley,GEZ-2109,Red,Motorcycle,"[""Missing hubcap"", ""Dented rear bumper""]"
1788040770,Office Back Alley,LHA-6933,Gray,Bus,"[""Missing hubcap""]"
1788040800,Bookstore,RRC-4766,Blue,Coupe,"[""Tinted windows"", ""Tow hitch""]"
1788040890,Hospital,IMH-7658,Gray,Hatchback,"[""Tinted windows""]"
1788040890,Bookstore,TML-3408,Red,Motorcycle,"[""Spoiler"", ""Custom rims""]"
1788040890,Office Back Alley,HYS-9092,Gray,Coupe,"[""Roof rack"", ""Dented rear bumper""]"
1788040950,Office Back Alley,UJS-4783,Red,Bus,"[""Spoiler""]"
1788041010,Office Back Alley,OYU-1228,Maroon,Bus,[]
1788041040,Office Back Alley,ZNI-4355,Blue,Coupe,[]
1788041070,Bookstore,OYU-1228,Maroon,Bus,[]
1788041070,Hospital,ROX-9271,Gray,Coupe,"[""Custom rims"", ""Roof rack""]"
1788041070,Hospital,EHW-3879,Maroon,Coupe,[]
1788041070,Office Back Alley,UHR-2612,White,Pickup Truck,[]
1788041100,Office Back Alley,FYR-2853,Gold,SUV,"[""Missing hubcap"", ""Aftermarket exhaust""]"
1788041130,Bookstore,ZIG-1175,Black,Bus,[]
1788041220,Bookstore,NYF-1596,Silver,Pickup Truck,"[""Bumper sticker""]"
1788041220,Office Back Alley,EVV-3567,Blue,SUV,"[""Aftermarket exhaust""]"
1788041250,Hospital,BPU-4332,White,Motorcycle,[]
1788041340,Hospital,BPU-4332,White,Motorcycle,[]
1788041340,Office Back Alley,AIT-2702,Blue,Pickup Truck,"[""Dented rear bumper"", ""Tow hitch""]"
1788041340,Office Back Alley,EYH-6407,Black,Bus,"[""Custom rims"", ""Tinted windows""]"
1788041370,Office Back Alley,KES-9323,Maroon,Bus,"[""Spoiler"", ""Missing hubcap""]"
1788041460,Office Back Alley,VJM-7944,Beige,Sedan,[]
1788041460,Office Back Alley,NYF-1596,Silver,Pickup Truck,"[""Bumper sticker""]"
1788041490,Bookstore,QDH-4925,Red,Van,[]
1788041520,Hospital,VDV-4194,White,Coupe,[]
1788041550,Bookstore,DYT-5541,Maroon,Hatchback,[]
1788041550,Hospital,QLL-8894,Black,Coupe,"[""Spoiler"", ""Bumper sticker""]"
1788041580,Bookstore,VQJ-3851,Beige,Hatchback,[]
1788041610,Bookstore,YJG-1440,Black,Sedan,"[""Tinted windows"", ""Bumper sticker""]"
1788041640,Office Back Alley,FCH-7617,Maroon,Sedan,[]
1788041640,Office Back Alley,EQL-6876,Green,Bus,"[""Cracked windshield""]"
1788041670,Hospital,HQY-7996,Maroon,Motorcycle,[]
1788041700,Bookstore,AIT-2702,Blue,Pickup Truck,"[""Dented rear bumper"", ""Tow hitch""]"
1788041700,Office Back Alley,TBJ-5379,Green,Coupe,"[""Bumper sticker""]"
1788041820,Hospital,LUG-7654,Black,Bus,"[""Bumper sticker""]"
1788041820,Bookstore,MDL-3261,Blue,Motorcycle,[]
1788041850,Bookstore,KOE-4072,Beige,Pickup Truck,[]
1788041880,Hospital,IUT-7188,Gray,Bus,"[""Sunroof""]"
1788041880,Office Back Alley,EHW-3879,Maroon,Coupe,[]
1788041910,Office Back Alley,DOP-3475,Silver,SUV,[]
1788041970,Office Back Alley,RBG-4071,Blue,Bus,"[""Bumper sticker"", ""Ladder rack""]"
1788042000,Hospital,ZYZ-1012,Beige,Motorcycle,"[""Spoiler""]"
1788042090,Bookstore,EUA-8367,Gold,Motorcycle,"[""Ladder rack""]"
1788042120,Bookstore,FCH-7617,Maroon,Sedan,[]
1788042120,Bookstore,NYF-1596,Silver,Pickup Truck,"[""Bumper sticker""]"
1788042150,Office Back Alley,IRY-6538,Gold,Coupe,"[""Sunroof"", ""Custom rims""]"
1788042240,Bookstore,CZA-9416,Black,Bus,[]
1788042330,Office Back Alley,BGW-3337,Silver,Bus,"[""Bumper sticker""]"
1788042390,Office Back Alley,FCH-7617,Maroon,Sedan,[]
1788042420,Office Back Alley,IRY-6538,Gold,Coupe,"[""Sunroof"", ""Custom rims""]"
1788042420,Bookstore,VAP-5225,Silver,Hatchback,"[""Cracked windshield"", ""Tinted windows""]"
1788042450,Hospital,WNV-7840,Red,Motorcycle,"[""Bumper sticker""]"
1788042450,Hospital,RRT-3341,Red,Sedan,"[""Tinted windows"", ""Dented rear bumper""]"
1788042450,Hospital,IRY-6538,Gold,Coupe,"[""Sunroof"", ""Custom rims""]"
1788042570,Bookstore,XOW-5609,Gray,Sedan,"[""Sunroof"", ""Roof rack""]"
1788042570,Bookstore,BLF-4771,Gray,Sedan,[]
1788042630,Bookstore,NVS-7383,Gold,Van,"[""Aftermarket exhaust"", ""Ladder rack""]"
1788042660,Bookstore,HYS-9092,Gray,Coupe,"[""Roof rack"", ""Dented rear bumper""]"
1788042690,Office Back Alley,ROX-9271,Gray,Coupe,"[""Custom rims"", ""Roof rack""]"
1788042750,Hospital,DOP-3475,Silver,SUV,[]
1788042780,Bookstore,OYU-1228,Maroon,Bus,[]
1788042810,Bookstore,BLF-4771,Gray,Sedan,[]
1788042810,Hospital,OGN-4489,Black,Pickup Truck,"[""Aftermarket exhaust"", ""Custom rims""]"
1788042810,Office Back Alley,BLF-4771,Gray,Sedan,[]
1788042840,Bookstore,UHR-2612,White,Pickup Truck,[]
1788042870,Bookstore,QDH-4925,Red,Van,[]
1788042870,Office Back Alley,QDH-4925,Red,Van,[]
1788042930,Bookstore,KNM-8888,Gray,Sedan,"[""Ladder rack"", ""Aftermarket exhaust""]"
1788042960,Office Back Alley,BPU-4332,White,Motorcycle,[]
1788042990,Hospital,EJJ-5605,Red,Bus,"[""Tinted windows"", ""Aftermarket exhaust""]"
1788042990,Bookstore,EVV-3567,Blue,SUV,"[""Aftermarket exhaust""]"
1788043020,Bookstore,TQP-8061,Silver,Hatchback,"[""Tinted windows""]"
1788043020,Office Back Alley,UJS-4783,Red,Bus,"[""Spoiler""]"
1788043110,Bookstore,AIT-2702,Blue,Pickup Truck,"[""Dented rear bumper"", ""Tow hitch""]"
1788043110,Office Back Alley,GEZ-2109,Red,Motorcycle,"[""Missing hubcap"", ""Dented rear bumper""]"
1788043140,Office Back Alley,VDV-4194,White,Coupe,[]
1788043230,Office Back Alley,FCH-7617,Maroon,Sedan,[]
1788043230,Bookstore,NYF-1596,Silver,Pickup Truck,"[""Bumper sticker""]"
1788043290,Office Back Alley,HQY-7996,Maroon,Motorcycle,[]
1788043290,Bookstore,VJM-7944,Beige,Sedan,[]
1788043320,Hospital,TQP-8061,Silver,Hatchback,"[""Tinted windows""]"
1788043320,Office Back Alley,LHA-6933,Gray,Bus,"[""Missing hubcap""]"
1788043350,Bookstore,HQY-7996,Maroon,Motorcycle,[]
1788043350,Bookstore,RTJ-3423,Gold,Sedan,[]
1788043410,Bookstore,EQL-6876,Green,Bus,"[""Cracked windshield""]"
1788043440,Bookstore,BTZ-5167,Silver,Coupe,[]
1788043470,Office Back Alley,EYH-6407,Black,Bus,"[""Custom rims"", ""Tinted windows""]"
1788043470,Office Back Alley,AIT-2702,Blue,Pickup Truck,"[""Dented rear bumper"", ""Tow hitch""]"
1788043500,Bookstore,HQY-7996,Maroon,Motorcycle,[]
1788043500,Office Back Alley,IUT-7188,Gray,Bus,"[""Sunroof""]"
1788043530,Hospital,BPU-4332,White,Motorcycle,[]
1788043590,Bookstore,CIU-8112,Maroon,Bus,"[""Dented rear bumper"", ""Tow hitch""]"
1788043590,Office Back Alley,FYR-2853,Gold,SUV,"[""Missing hubcap"", ""Aftermarket exhaust""]"
1788043650,Bookstore,QLL-8894,Black,Coupe,"[""Spoiler"", ""Bumper sticker""]"
1788043680,Office Back Alley,DOP-3475,Silver,SUV,[]
1788043740,Bookstore,RBG-4071,Blue,Bus,"[""Bumper sticker"", ""Ladder rack""]"
1788043770,Bookstore,OGN-4489,Black,Pickup Truck,"[""Aftermarket exhaust"", ""Custom rims""]"
1788043860,Office Back Alley,KES-9323,Maroon,Bus,"[""Spoiler"", ""Missing hubcap""]"
1788044040,Office Back Alley,ROX-9271,Gray,Coupe,"[""Custom rims"", ""Roof rack""]"
1788044070,Office Back Alley,WNV-7840,Red,Motorcycle,"[""Bumper sticker""]"
1788044070,Office Back Alley,RRT-3341,Red,Sedan,"[""Tinted windows"", ""Dented rear bumper""]"
1788044070,Office Back Alley,IRY-6538,Gold,Coupe,"[""Sunroof"", ""Custom rims""]"
1788044100,Office Back Alley,BPU-4332,White,Motorcycle,[]
1788044160,Bookstore,NKO-5227,Gray,Motorcycle,"[""Roof rack""]"
1788044190,Bookstore,DYT-5541,Maroon,Hatchback,[]
1788044220,Office Back Alley,BGW-3337,Silver,Bus,"[""Bumper sticker""]"
1788044250,Bookstore,DYT-5541,Maroon,Hatchback,[]
1788044280,Office Back Alley,IRY-6538,Gold,Coupe,"[""Sunroof"", ""Custom rims""]"
1788044310,Bookstore,EUA-8367,Gold,Motorcycle,"[""Ladder rack""]"
1788044370,Hospital,DYT-5541,Maroon,Hatchback,[]
1788044610,Office Back Alley,HQY-7996,Maroon,Motorcycle,[]
1788044610,Office Back Alley,BLF-4771,Gray,Sedan,[]
1788044880,Bookstore,FHL-3560,Silver,Van,[]
1788045090,Bookstore,BTZ-5167,Silver,Coupe,[]
1788045090,Bookstore,LHA-6933,Gray,Bus,"[""Missing hubcap""]"
1788045210,Office Back Alley,IRY-6538,Gold,Coupe,"[""Sunroof"", ""Custom rims""]"
1788045240,Bookstore,EYH-6407,Black,Bus,"[""Custom rims"", ""Tinted windows""]"
1788045270,Bookstore,CZA-9416,Black,Bus,[]
1788045360,Bookstore,RRC-4766,Blue,Coupe,"[""Tinted windows"", ""Tow hitch""]"
1788045360,Bookstore,RRC-4766,Blue,Coupe,"[""Tinted windows"", ""Tow hitch""]"
1788045420,Office Back Alley,VDV-4194,White,Coupe,[]
1788045510,Office Back Alley,RRT-3341,Red,Sedan,"[""Tinted windows"", ""Dented rear bumper""]"
1788045570,Office Back Alley,AIT-2702,Blue,Pickup Truck,"[""Dented rear bumper"", ""Tow hitch""]"
1788045690,Bookstore,ZIG-1175,Black,Bus,[]
1788045780,Office Back Alley,IUT-7188,Gray,Bus,"[""Sunroof""]"
1788045960,Office Back Alley,BLF-4771,Gray,Sedan,[]
1788045990,Office Back Alley,DYT-5541,Maroon,Hatchback,[]
1788046080,Bookstore,TML-3408,Red,Motorcycle,"[""Spoiler"", ""Custom rims""]"
1788046110,Office Back Alley,WNV-7840,Red,Motorcycle,"[""Bumper sticker""]"
1788046380,Bookstore,HQY-7996,Maroon,Motorcycle,[]
1788046410,Hospital,EHW-3879,Maroon,Coupe,[]
1788046470,Bookstore,FCH-7617,Maroon,Sedan,[]
1788046710,Bookstore,BLF-4771,Gray,Sedan,[]
1788046770,Hospital,LUG-7654,Black,Bus,"[""Bumper sticker""]"
1788046830,Hospital,IRY-6538,Gold,Coupe,"[""Sunroof"", ""Custom rims""]"
1788046920,Bookstore,FYR-2853,Gold,SUV,"[""Missing hubcap"", ""Aftermarket exhaust""]"
1788047100,Hospital,QLL-8894,Black,Coupe,"[""Spoiler"", ""Bumper sticker""]"
1788047250,Bookstore,YJG-1440,Black,Sedan,"[""Tinted windows"", ""Bumper sticker""]"
1788047280,Bookstore,RRT-3341,Red,Sedan,"[""Tinted windows"", ""Dented rear bumper""]"
1788047550,Bookstore,IUT-7188,Gray,Bus,"[""Sunroof""]"
1788047790,Office Back Alley,DYT-5541,Maroon,Hatchback,[]
1788047850,Bookstore,TQP-8061,Silver,Hatchback,"[""Tinted windows""]"
1788047940,Bookstore,ZNI-4355,Blue,Coupe,[]
1788048390,Office Back Alley,LUG-7654,Black,Bus,"[""Bumper sticker""]"
1788048780,Bookstore,RRC-4766,Blue,Coupe,"[""Tinted windows"", ""Tow hitch""]"
1788048870,Bookstore,RRC-4766,Blue,Coupe,"[""Tinted windows"", ""Tow hitch""]"
1788048900,Hospital,IMH-7658,Gray,Hatchback,"[""Tinted windows""]"
1788049560,Bookstore,DYT-5541,Maroon,Hatchback,[]
1788049560,Bookstore,VQJ-3851,Beige,Hatchback,[]
1788049950,Bookstore,QDH-4925,Red,Van,[]
1788051960,Hospital,HYS-9092,Gray,Coupe,"[""Roof rack"", ""Dented rear bumper""]"
1788069900,Hospital,IMH-7658,Gray,Hatchback,"[""Tinted windows""]"
1788070020,Hospital,HYS-9092,Gray,Coupe,"[""Roof rack"", ""Dented rear bumper""]"
1788070590,Hospital,KES-9323,Maroon,Bus,"[""Spoiler"", ""Missing hubcap""]"
1788070620,Hospital,EJJ-5605,Red,Bus,"[""Tinted windows"", ""Aftermarket exhaust""]"
1788070710,Hospital,EHW-3879,Maroon,Coupe,[]
1788070830,Hospital,FYR-2853,Gold,SUV,"[""Missing hubcap"", ""Aftermarket exhaust""]"
1788070830,Hospital,DOP-3475,Silver,SUV,[]
1788070980,Hospital,IRY-6538,Gold,Coupe,"[""Sunroof"", ""Custom rims""]"
1788071010,Hospital,DYT-5541,Maroon,Hatchback,[]
1788071370,Office Back Alley,WNV-7840,Red,Motorcycle,"[""Bumper sticker""]"
1788071370,Hospital,FCH-7617,Maroon,Sedan,[]
1788071550,Office Back Alley,BLF-4771,Gray,Sedan,[]
1788071580,Office Back Alley,IRY-6538,Gold,Coupe,"[""Sunroof"", ""Custom rims""]"
1788072570,Bookstore,YTG-6287,Green,Coupe,"[""Bumper sticker"", ""Tow hitch""]"
1788072630,Office Back Alley,WNV-7840,Red,Motorcycle,"[""Bumper sticker""]"
1788072870,Bookstore,VJM-7944,Beige,Sedan,[]
1788072870,Bookstore,VJM-7944,Beige,Sedan,[]
1788072990,Office Back Alley,EHW-3879,Maroon,Coupe,[]
1788073170,Bookstore,TML-3408,Red,Motorcycle,"[""Spoiler"", ""Custom rims""]"
1788073200,Bookstore,ZYZ-1012,Beige,Motorcycle,"[""Spoiler""]"
1788073200,Bookstore,ZNI-4355,Blue,Coupe,[]
1788073290,Bookstore,VKM-8657,Blue,Sedan,"[""Custom rims""]"
1788073380,Bookstore,IUT-7188,Gray,Bus,"[""Sunroof""]"
1788073410,Bookstore,TQP-8061,Silver,Hatchback,"[""Tinted windows""]"
1788073560,Bookstore,TXI-5471,White,Pickup Truck,[]
1788073770,Bookstore,ABS-2643,Gold,Pickup Truck,"[""Tow hitch"", ""Missing hubcap""]"
1788073770,Bookstore,CZA-9416,Black,Bus,[]
1788073800,Office Back Alley,BLF-4771,Gray,Sedan,[]
1788073950,Bookstore,HQY-7996,Maroon,Motorcycle,[]
1788073950,Office Back Alley,IMH-7658,Gray,Hatchback,"[""Tinted windows""]"
1788073950,Office Back Alley,NUN-3923,Silver,Motorcycle,"[""Roof rack"", ""Sunroof""]"
1788073950,Office Back Alley,ZNI-4355,Blue,Coupe,[]
1788074010,Office Back Alley,MDL-3261,Blue,Motorcycle,[]
1788074010,Bookstore,NVS-7383,Gold,Van,"[""Aftermarket exhaust"", ""Ladder rack""]"
1788074010,Bookstore,XOW-5609,Gray,Sedan,"[""Sunroof"", ""Roof rack""]"
1788074010,Bookstore,UHR-2612,White,Pickup Truck,[]
1788074010,Bookstore,DYT-5541,Maroon,Hatchback,[]
1788074040,Bookstore,OYU-1228,Maroon,Bus,[]
1788074040,Bookstore,OGN-4489,Black,Pickup Truck,"[""Aftermarket exhaust"", ""Custom rims""]"
1788074040,Office Back Alley,BLF-4771,Gray,Sedan,[]
1788074160,Bookstore,OYU-1228,Maroon,Bus,[]
1788074280,Bookstore,EYH-6407,Black,Bus,"[""Custom rims"", ""Tinted windows""]"
1788074280,Office Back Alley,QLL-8894,Black,Coupe,"[""Spoiler"", ""Bumper sticker""]"
1788074310,Office Back Alley,KOE-4072,Beige,Pickup Truck,[]
1788074340,Bookstore,EVV-3567,Blue,SUV,"[""Aftermarket exhaust""]"
1788074370,Office Back Alley,YTG-6287,Green,Coupe,"[""Bumper sticker"", ""Tow hitch""]"
1788074400,Bookstore,AIT-2702,Blue,Pickup Truck,"[""Dented rear bumper"", ""Tow hitch""]"
1788074400,Office Back Alley,IRY-6538,Gold,Coupe,"[""Sunroof"", ""Custom rims""]"
1788074460,Bookstore,BPU-4332,White,Motorcycle,[]
1788074580,Hospital,EHW-3879,Maroon,Coupe,[]
1788074610,Bookstore,HQY-7996,Maroon,Motorcycle,[]
1788074670,Office Back Alley,VJM-7944,Beige,Sedan,[]
1788074670,Office Back Alley,VJM-7944,Beige,Sedan,[]
1788074730,Office Back Alley,CZA-9416,Black,Bus,[]
1788074760,Bookstore,EWE-8741,Blue,Bus,"[""Custom rims""]"
1788074820,Bookstore,NYF-1596,Silver,Pickup Truck,"[""Bumper sticker""]"
1788074880,Bookstore,LXQ-7888,Black,Van,[]
1788074940,Bookstore,RRT-3341,Red,Sedan,"[""Tinted windows"", ""Dented rear bumper""]"
1788074970,Office Back Alley,TML-3408,Red,Motorcycle,"[""Spoiler"", ""Custom rims""]"
1788075120,Office Back Alley,KOE-4072,Beige,Pickup Truck,[]
1788075150,Bookstore,KES-9323,Maroon,Bus,"[""Spoiler"", ""Missing hubcap""]"
1788075150,Hospital,OGN-4489,Black,Pickup Truck,"[""Aftermarket exhaust"", ""Custom rims""]"
1788075180,Office Back Alley,IUT-7188,Gray,Bus,"[""Sunroof""]"
1788075210,Bookstore,OYU-1228,Maroon,Bus,[]
1788075240,Bookstore,ZYZ-1012,Beige,Motorcycle,"[""Spoiler""]"
1788075360,Office Back Alley,TXI-5471,White,Pickup Truck,[]
1788075360,Bookstore,ZFD-3277,Green,Hatchback,"[""Bumper sticker"", ""Missing hubcap""]"
1788075390,Office Back Alley,AIT-2702,Blue,Pickup Truck,"[""Dented rear bumper"", ""Tow hitch""]"
1788075450,Bookstore,BPU-4332,White,Motorcycle,[]
1788075480,Bookstore,EQL-6876,Green,Bus,"[""Cracked windshield""]"
1788075510,Office Back Alley,VAP-5225,Silver,Hatchback,"[""Cracked windshield"", ""Tinted windows""]"
1788075570,Office Back Alley,ABS-2643,Gold,Pickup Truck,"[""Tow hitch"", ""Missing hubcap""]"
1788075570,Office Back Alley,CZA-9416,Black,Bus,[]
1788075570,Bookstore,BLF-4771,Gray,Sedan,[]
1788075570,Bookstore,RBG-4071,Blue,Bus,"[""Bumper sticker"", ""Ladder rack""]"
1788075630,Hospital,MDL-3261,Blue,Motorcycle,[]
1788075720,Bookstore,BPU-4332,White,Motorcycle,[]
1788075720,Office Back Alley,BLF-4771,Gray,Sedan,[]
1788075750,Bookstore,OYU-1228,Maroon,Bus,[]
1788075750,Office Back Alley,QLL-8894,Black,Coupe,"[""Spoiler"", ""Bumper sticker""]"
1788075750,Office Back Alley,HQY-7996,Maroon,Motorcycle,[]
1788075810,Bookstore,LUG-7654,Black,Bus,"[""Bumper sticker""]"
1788075810,Office Back Alley,NVS-7383,Gold,Van,"[""Aftermarket exhaust"", ""Ladder rack""]"
1788075810,Office Back Alley,XOW-5609,Gray,Sedan,"[""Sunroof"", ""Roof rack""]"
1788075810,Office Back Alley,DYT-5541,Maroon,Hatchback,[]
1788075840,Office Back Alley,OYU-1228,Maroon,Bus,[]
1788076020,Bookstore,UHR-2612,White,Pickup Truck,[]
1788076020,Hospital,IRY-6538,Gold,Coupe,"[""Sunroof"", ""Custom rims""]"
1788076080,Bookstore,HUK-4229,White,Coupe,"[""Tinted windows""]"
1788076140,Office Back Alley,VJM-7944,Beige,Sedan,[]
1788076140,Office Back Alley,EVV-3567,Blue,SUV,"[""Aftermarket exhaust""]"
1788076170,Office Back Alley,AIT-2702,Blue,Pickup Truck,"[""Dented rear bumper"", ""Tow hitch""]"
1788076170,Hospital,EJJ-5605,Red,Bus,"[""Tinted windows"", ""Aftermarket exhaust""]"
1788076200,Office Back Alley,IMH-7658,Gray,Hatchback,"[""Tinted windows""]"
1788076260,Office Back Alley,BPU-4332,White,Motorcycle,[]
1788076290,Office Back Alley,IRY-6538,Gold,Coupe,"[""Sunroof"", ""Custom rims""]"
1788076350,Hospital,IMH-7658,Gray,Hatchback,"[""Tinted windows""]"
1788076350,Hospital,CZA-9416,Black,Bus,[]
1788076410,Office Back Alley,HQY-7996,Maroon,Motorcycle,[]
1788076410,Hospital,FCH-7617,Maroon,Sedan,[]
1788076440,Bookstore,KNM-8888,Gray,Sedan,"[""Ladder rack"", ""Aftermarket exhaust""]"
1788076440,Office Back Alley,TML-3408,Red,Motorcycle,"[""Spoiler"", ""Custom rims""]"
1788076440,Office Back Alley,IUT-7188,Gray,Bus,"[""Sunroof""]"
1788076470,Hospital,FCH-7617,Maroon,Sedan,[]
1788076470,Bookstore,BPU-4332,White,Motorcycle,[]
1788076470,Bookstore,TBJ-5379,Green,Coupe,"[""Bumper sticker""]"
1788076530,Office Back Alley,NUN-3923,Silver,Motorcycle,"[""Roof rack"", ""Sunroof""]"
1788076530,Office Back Alley,ZNI-4355,Blue,Coupe,[]
1788076560,Office Back Alley,TXI-5471,White,Pickup Truck,[]
1788076560,Office Back Alley,EWE-8741,Blue,Bus,"[""Custom rims""]"
1788076590,Hospital,DYT-5541,Maroon,Hatchback,[]
1788076590,Hospital,TQP-8061,Silver,Hatchback,"[""Tinted windows""]"
1788076650,Bookstore,WUB-4659,Black,Pickup Truck,"[""Sunroof""]"
1788076650,Office Back Alley,LXQ-7888,Black,Van,[]
1788076650,Hospital,RQA-7745,Red,Motorcycle,"[""Sunroof""]"
1788076680,Bookstore,WNV-7840,Red,Motorcycle,"[""Bumper sticker""]"
1788076680,Office Back Alley,TQP-8061,Silver,Hatchback,"[""Tinted windows""]"
1788076740,Office Back Alley,YTG-6287,Green,Coupe,"[""Bumper sticker"", ""Tow hitch""]"
1788076740,Office Back Alley,RRT-3341,Red,Sedan,"[""Tinted windows"", ""Dented rear bumper""]"
1788076770,Office Back Alley,OGN-4489,Black,Pickup Truck,"[""Aftermarket exhaust"", ""Custom rims""]"
1788076860,Office Back Alley,CZA-9416,Black,Bus,[]
1788076890,Bookstore,NYF-1596,Silver,Pickup Truck,"[""Bumper sticker""]"
1788076890,Bookstore,KOE-4072,Beige,Pickup Truck,[]
1788076950,Bookstore,VDV-4194,White,Coupe,[]
1788076950,Office Back Alley,VJM-7944,Beige,Sedan,[]
1788076950,Office Back Alley,VAP-5225,Silver,Hatchback,"[""Cracked windshield"", ""Tinted windows""]"
1788076950,Office Back Alley,XOW-5609,Gray,Sedan,"[""Sunroof"", ""Roof rack""]"
1788076950,Office Back Alley,KES-9323,Maroon,Bus,"[""Spoiler"", ""Missing hubcap""]"
1788076980,Office Back Alley,OYU-1228,Maroon,Bus,[]
1788076980,Office Back Alley,ZYZ-1012,Beige,Motorcycle,"[""Spoiler""]"
1788077010,Hospital,AIT-2702,Blue,Pickup Truck,"[""Dented rear bumper"", ""Tow hitch""]"
1788077190,Hospital,DOP-3475,Silver,SUV,[]
1788077280,Bookstore,EUA-8367,Gold,Motorcycle,"[""Ladder rack""]"
1788077280,Hospital,YJG-1440,Black,Sedan,"[""Tinted windows"", ""Bumper sticker""]"
1788077430,Bookstore,ZNI-4355,Blue,Coupe,[]
1788077490,Hospital,EHW-3879,Maroon,Coupe,[]
1788077520,Bookstore,QLL-8894,Black,Coupe,"[""Spoiler"", ""Bumper sticker""]"
1788077550,Bookstore,HUK-4229,White,Coupe,"[""Tinted windows""]"
1788077610,Bookstore,DYT-5541,Maroon,Hatchback,[]
1788077610,Office Back Alley,EVV-3567,Blue,SUV,"[""Aftermarket exhaust""]"
1788077640,Office Back Alley,TQP-8061,Silver,Hatchback,"[""Tinted windows""]"
1788077700,Office Back Alley,HQY-7996,Maroon,Motorcycle,[]
1788077700,Bookstore,VKM-8657,Blue,Sedan,"[""Custom rims""]"
1788077730,Bookstore,BGW-3337,Silver,Bus,"[""Bumper sticker""]"
1788077730,Office Back Alley,EWE-8741,Blue,Bus,"[""Custom rims""]"
1788077730,Office Back Alley,CIU-8112,Maroon,Bus,"[""Dented rear bumper"", ""Tow hitch""]"
1788077760,Bookstore,RBG-4071,Blue,Bus,"[""Bumper sticker"", ""Ladder rack""]"
1788077760,Office Back Alley,AIT-2702,Blue,Pickup Truck,"[""Dented rear bumper"", ""Tow hitch""]"
1788077760,Office Back Alley,UHR-2612,White,Pickup Truck,[]
1788077790,Office Back Alley,EJJ-5605,Red,Bus,"[""Tinted windows"", ""Aftermarket exhaust""]"
1788077790,Office Back Alley,IRY-6538,Gold,Coupe,"[""Sunroof"", ""Custom rims""]"
1788077820,Office Back Alley,OGN-4489,Black,Pickup Truck,"[""Aftermarket exhaust"", ""Custom rims""]"
1788077880,Office Back Alley,NVS-7383,Gold,Van,"[""Aftermarket exhaust"", ""Ladder rack""]"
1788077910,Bookstore,KOE-4072,Beige,Pickup Truck,[]
1788077910,Bookstore,VJM-7944,Beige,Sedan,[]
1788077940,Bookstore,WNV-7840,Red,Motorcycle,"[""Bumper sticker""]"
1788077940,Office Back Alley,CZA-9416,Black,Bus,[]
1788077970,Bookstore,VDV-4194,White,Coupe,[]
1788077970,Bookstore,IMH-7658,Gray,Hatchback,"[""Tinted windows""]"
1788078000,Office Back Alley,LXQ-7888,Black,Van,[]
1788078000,Office Back Alley,HQY-7996,Maroon,Motorcycle,[]
1788078030,Office Back Alley,FCH-7617,Maroon,Sedan,[]
1788078060,Hospital,IUT-7188,Gray,Bus,"[""Sunroof""]"
1788078090,Office Back Alley,FCH-7617,Maroon,Sedan,[]
1788078090,Office Back Alley,QDH-4925,Red,Van,[]
1788078150,Hospital,NUN-3923,Silver,Motorcycle,"[""Roof rack"", ""Sunroof""]"
1788078150,Office Back Alley,BLF-4771,Gray,Sedan,[]
1788078150,Office Back Alley,FCH-7617,Maroon,Sedan,[]
1788078210,Office Back Alley,DYT-5541,Maroon,Hatchback,[]
1788078210,Office Back Alley,TQP-8061,Silver,Hatchback,"[""Tinted windows""]"
1788078210,Office Back Alley,UJS-4783,Red,Bus,"[""Spoiler""]"
1788078210,Bookstore,TML-3408,Red,Motorcycle,"[""Spoiler"", ""Custom rims""]"
1788078210,Bookstore,ROX-9271,Gray,Coupe,"[""Custom rims"", ""Roof rack""]"
1788078210,Bookstore,QLL-8894,Black,Coupe,"[""Spoiler"", ""Bumper sticker""]"
1788078240,Hospital,RRC-4766,Blue,Coupe,"[""Tinted windows"", ""Tow hitch""]"
1788078240,Office Back Alley,DYT-5541,Maroon,Hatchback,[]
1788078300,Bookstore,ZNI-4355,Blue,Coupe,[]
1788078300,Office Back Alley,ABS-2643,Gold,Pickup Truck,"[""Tow hitch"", ""Missing hubcap""]"
1788078360,Office Back Alley,ZYZ-1012,Beige,Motorcycle,"[""Spoiler""]"
1788078450,Office Back Alley,WUB-4659,Black,Pickup Truck,"[""Sunroof""]"
1788078480,Bookstore,FHL-3560,Silver,Van,[]
1788078480,Office Back Alley,BPU-4332,White,Motorcycle,[]
1788078480,Office Back Alley,RRT-3341,Red,Sedan,"[""Tinted windows"", ""Dented rear bumper""]"
1788078510,Bookstore,YTG-6287,Green,Coupe,"[""Bumper sticker"", ""Tow hitch""]"
1788078510,Bookstore,VQJ-3851,Beige,Hatchback,[]
1788078510,Bookstore,KES-9323,Maroon,Bus,"[""Spoiler"", ""Missing hubcap""]"
1788078540,Bookstore,RRC-4766,Blue,Coupe,"[""Tinted windows"", ""Tow hitch""]"
1788078570,Office Back Alley,TXI-5471,White,Pickup Truck,[]
1788078600,Bookstore,FYR-2853,Gold,SUV,"[""Missing hubcap"", ""Aftermarket exhaust""]"
1788078600,Hospital,VJM-7944,Beige,Sedan,[]
1788078630,Office Back Alley,NYF-1596,Silver,Pickup Truck,"[""Bumper sticker""]"
1788078690,Office Back Alley,IRY-6538,Gold,Coupe,"[""Sunroof"", ""Custom rims""]"
1788078750,Bookstore,OYU-1228,Maroon,Bus,[]
1788078780,Bookstore,XOW-5609,Gray,Sedan,"[""Sunroof"", ""Roof rack""]"
1788078780,Bookstore,RRC-4766,Blue,Coupe,"[""Tinted windows"", ""Tow hitch""]"
1788078810,Office Back Alley,DOP-3475,Silver,SUV,[]
1788078840,Bookstore,EQL-6876,Green,Bus,"[""Cracked windshield""]"
1788078900,Office Back Alley,YJG-1440,Black,Sedan,"[""Tinted windows"", ""Bumper sticker""]"
1788078960,Office Back Alley,KES-9323,Maroon,Bus,"[""Spoiler"", ""Missing hubcap""]"
1788078960,Bookstore,BLF-4771,Gray,Sedan,[]
1788078990,Hospital,RTJ-3423,Gold,Sedan,[]
1788079050,Bookstore,QDH-4925,Red,Van,[]
1788079050,Office Back Alley,FCH-7617,Maroon,Sedan,[]
1788079080,Bookstore,OGN-4489,Black,Pickup Truck,"[""Aftermarket exhaust"", ""Custom rims""]"
1788079110,Office Back Alley,EJJ-5605,Red,Bus,"[""Tinted windows"", ""Aftermarket exhaust""]"
1788079110,Office Back Alley,EHW-3879,Maroon,Coupe,[]
1788079170,Office Back Alley,UHR-2612,White,Pickup Truck,[]
1788079170,Office Back Alley,DOP-3475,Silver,SUV,[]
1788079200,Hospital,LHA-6933,Gray,Bus,"[""Missing hubcap""]"
1788079200,Hospital,QDH-4925,Red,Van,[]
1788079230,Hospital,EVV-3567,Blue,SUV,"[""Aftermarket exhaust""]"
1788079230,Office Back Alley,IRY-6538,Gold,Coupe,"[""Sunroof"", ""Custom rims""]"
1788079290,Bookstore,EYH-6407,Black,Bus,"[""Custom rims"", ""Tinted windows""]"
1788079350,Hospital,EWE-8741,Blue,Bus,"[""Custom rims""]"
1788079380,Hospital,AIT-2702,Blue,Pickup Truck,"[""Dented rear bumper"", ""Tow hitch""]"
1788079410,Hospital,ZIG-1175,Black,Bus,[]
1788079410,Hospital,BPU-4332,White,Motorcycle,[]
1788079410,Bookstore,TQP-8061,Silver,Hatchback,"[""Tinted windows""]"
1788079440,Hospital,ZGK-3461,Blue,Van,[]
1788079440,Office Back Alley,RRC-4766,Blue,Coupe,"[""Tinted windows"", ""Tow hitch""]"
1788079500,Office Back Alley,RBG-4071,Blue,Bus,"[""Bumper sticker"", ""Ladder rack""]"
1788079560,Bookstore,BLF-4771,Gray,Sedan,[]
1788079560,Office Back Alley,EQL-6876,Green,Bus,"[""Cracked windshield""]"
1788079590,Bookstore,QLL-8894,Black,Coupe,"[""Spoiler"", ""Bumper sticker""]"
1788079650,Bookstore,NYF-1596,Silver,Pickup Truck,"[""Bumper sticker""]"
1788079650,Office Back Alley,CIU-8112,Maroon,Bus,"[""Dented rear bumper"", ""Tow hitch""]"
1788079650,Office Back Alley,KOE-4072,Beige,Pickup Truck,[]
1788079680,Office Back Alley,WNV-7840,Red,Motorcycle,"[""Bumper sticker""]"
1788079680,Bookstore,KES-9323,Maroon,Bus,"[""Spoiler"", ""Missing hubcap""]"
1788079710,Office Back Alley,VDV-4194,White,Coupe,[]
1788079710,Hospital,NKO-5227,Gray,Motorcycle,"[""Roof rack""]"
1788079770,Hospital,ZNI-4355,Blue,Coupe,[]
1788079800,Hospital,EHW-3879,Maroon,Coupe,[]
1788079830,Hospital,OGN-4489,Black,Pickup Truck,"[""Aftermarket exhaust"", ""Custom rims""]"
1788079860,Office Back Alley,RRC-4766,Blue,Coupe,"[""Tinted windows"", ""Tow hitch""]"
1788079920,Bookstore,GEZ-2109,Red,Motorcycle,"[""Missing hubcap"", ""Dented rear bumper""]"
1788079950,Office Back Alley,DOP-3475,Silver,SUV,[]
1788080040,Bookstore,QDH-4925,Red,Van,[]
1788080130,Hospital,BPU-4332,White,Motorcycle,[]
1788080130,Hospital,TQP-8061,Silver,Hatchback,"[""Tinted windows""]"
1788080130,Bookstore,BPU-4332,White,Motorcycle,[]
1788080220,Bookstore,ROX-9271,Gray,Coupe,"[""Custom rims"", ""Roof rack""]"
1788080220,Office Back Alley,DYT-5541,Maroon,Hatchback,[]
1788080280,Office Back Alley,FHL-3560,Silver,Van,[]
1788080280,Bookstore,DYT-5541,Maroon,Hatchback,[]
1788080340,Hospital,IRY-6538,Gold,Coupe,"[""Sunroof"", ""Custom rims""]"
1788080340,Hospital,RRC-4766,Blue,Coupe,"[""Tinted windows"", ""Tow hitch""]"
1788080340,Bookstore,TXI-5471,White,Pickup Truck,[]
1788080370,Bookstore,BPU-4332,White,Motorcycle,[]
1788080370,Hospital,HQY-7996,Maroon,Motorcycle,[]
1788080430,Office Back Alley,FCH-7617,Maroon,Sedan,[]
1788080430,Office Back Alley,QDH-4925,Red,Van,[]
1788080460,Office Back Alley,YJG-1440,Black,Sedan,"[""Tinted windows"", ""Bumper sticker""]"
1788080490,Bookstore,DOP-3475,Silver,SUV,[]
1788080520,Office Back Alley,FCH-7617,Maroon,Sedan,[]
1788080550,Office Back Alley,DOP-3475,Silver,SUV,[]
1788080580,Office Back Alley,TQP-8061,Silver,Hatchback,"[""Tinted windows""]"
1788080610,Hospital,KES-9323,Maroon,Bus,"[""Spoiler"", ""Missing hubcap""]"
1788080670,Office Back Alley,WUB-4659,Black,Pickup Truck,"[""Sunroof""]"
1788080700,Office Back Alley,NYF-1596,Silver,Pickup Truck,"[""Bumper sticker""]"
1788080790,Office Back Alley,UJS-4783,Red,Bus,"[""Spoiler""]"
1788080820,Bookstore,FCH-7617,Maroon,Sedan,[]
1788080850,Office Back Alley,OGN-4489,Black,Pickup Truck,"[""Aftermarket exhaust"", ""Custom rims""]"
1788080880,Bookstore,EJJ-5605,Red,Bus,"[""Tinted windows"", ""Aftermarket exhaust""]"
1788080880,Hospital,OYU-1228,Maroon,Bus,[]
1788080910,Hospital,IRY-6538,Gold,Coupe,"[""Sunroof"", ""Custom rims""]"
1788080940,Bookstore,BLF-4771,Gray,Sedan,[]
1788080970,Office Back Alley,EHW-3879,Maroon,Coupe,[]
1788081000,Bookstore,OYU-1228,Maroon,Bus,[]
1788081180,Hospital,EQL-6876,Green,Bus,"[""Cracked windshield""]"
1788081180,Bookstore,RRC-4766,Blue,Coupe,"[""Tinted windows"", ""Tow hitch""]"
1788081240,Hospital,VAP-5225,Silver,Hatchback,"[""Cracked windshield"", ""Tinted windows""]"
1788081300,Office Back Alley,RRC-4766,Blue,Coupe,"[""Tinted windows"", ""Tow hitch""]"
1788081330,Office Back Alley,QLL-8894,Black,Coupe,"[""Spoiler"", ""Bumper sticker""]"
1788081420,Office Back Alley,KES-9323,Maroon,Bus,"[""Spoiler"", ""Missing hubcap""]"
1788081540,Bookstore,IMH-7658,Gray,Hatchback,"[""Tinted windows""]"
1788081690,Bookstore,VJM-7944,Beige,Sedan,[]
1788081900,Office Back Alley,BPU-4332,White,Motorcycle,[]
1788081960,Office Back Alley,ROX-9271,Gray,Coupe,"[""Custom rims"", ""Roof rack""]"
1788082020,Office Back Alley,DYT-5541,Maroon,Hatchback,[]
1788082080,Bookstore,KNM-8888,Gray,Sedan,"[""Ladder rack"", ""Aftermarket exhaust""]"
1788082110,Hospital,YJG-1440,Black,Sedan,"[""Tinted windows"", ""Bumper sticker""]"
1788082140,Office Back Alley,BPU-4332,White,Motorcycle,[]
1788082200,Hospital,CZA-9416,Black,Bus,[]
1788082320,Hospital,IUT-7188,Gray,Bus,"[""Sunroof""]"
1788082350,Hospital,ZNI-4355,Blue,Coupe,[]
1788082500,Office Back Alley,OYU-1228,Maroon,Bus,[]
1788082590,Bookstore,ZNI-4355,Blue,Coupe,[]
1788082590,Hospital,EHW-3879,Maroon,Coupe,[]
1788082620,Office Back Alley,FHL-3560,Silver,Van,[]
1788082680,Office Back Alley,BLF-4771,Gray,Sedan,[]
1788082830,Hospital,VJM-7944,Beige,Sedan,[]
1788082920,Office Back Alley,RRC-4766,Blue,Coupe,"[""Tinted windows"", ""Tow hitch""]"
1788082920,Hospital,RRC-4766,Blue,Coupe,"[""Tinted windows"", ""Tow hitch""]"
1788083100,Bookstore,QLL-8894,Black,Coupe,"[""Spoiler"", ""Bumper sticker""]"
1788083250,Bookstore,VQJ-3851,Beige,Hatchback,[]
1788083640,Hospital,QDH-4925,Red,Van,[]
1788083640,Hospital,ZIG-1175,Black,Bus,[]
1788083670,Hospital,DYT-5541,Maroon,Hatchback,[]
1788083730,Bookstore,LUG-7654,Black,Bus,"[""Bumper sticker""]"
1788083760,Hospital,BPU-4332,White,Motorcycle,[]
1788083850,Office Back Alley,KNM-8888,Gray,Sedan,"[""Ladder rack"", ""Aftermarket exhaust""]"
1788083940,Office Back Alley,IUT-7188,Gray,Bus,"[""Sunroof""]"
1788084030,Bookstore,YTG-6287,Green,Coupe,"[""Bumper sticker"", ""Tow hitch""]"
1788084270,Hospital,FHL-3560,Silver,Van,[]
1788084330,Bookstore,OYU-1228,Maroon,Bus,[]
1788084450,Hospital,TQP-8061,Silver,Hatchback,"[""Tinted windows""]"
1788084870,Office Back Alley,QLL-8894,Black,Coupe,"[""Spoiler"", ""Bumper sticker""]"
1788084990,Hospital,BPU-4332,White,Motorcycle,[]
1788085110,Hospital,NKO-5227,Gray,Motorcycle,"[""Roof rack""]"
1788085170,Hospital,OGN-4489,Black,Pickup Truck,"[""Aftermarket exhaust"", ""Custom rims""]"
1788085260,Office Back Alley,ZIG-1175,Black,Bus,[]
1788085530,Office Back Alley,LUG-7654,Black,Bus,"[""Bumper sticker""]"
1788085800,Hospital,RRC-4766,Blue,Coupe,"[""Tinted windows"", ""Tow hitch""]"
1788086070,Office Back Alley,TQP-8061,Silver,Hatchback,"[""Tinted windows""]"
1788086610,Office Back Alley,BPU-4332,White,Motorcycle,[]
1788086790,Bookstore,BGW-3337,Silver,Bus,"[""Bumper sticker""]"
1788086790,Office Back Alley,OGN-4489,Black,Pickup Truck,"[""Aftermarket exhaust"", ""Custom rims""]"
1788087090,Bookstore,VKM-8657,Blue,Sedan,"[""Custom rims""]"
1788087420,Office Back Alley,RRC-4766,Blue,Coupe,"[""Tinted windows"", ""Tow hitch""]"
1788087540,Bookstore,FYR-2853,Gold,SUV,"[""Missing hubcap"", ""Aftermarket exhaust""]"
1788088080,Bookstore,RRC-4766,Blue,Coupe,"[""Tinted windows"", ""Tow hitch""]"
1788088740,Bookstore,GEZ-2109,Red,Motorcycle,"[""Missing hubcap"", ""Dented rear bumper""]"
1788090540,Office Back Alley,GEZ-2109,Red,Motorcycle,"[""Missing hubcap"", ""Dented rear bumper""]"
1788109620,Office Back Alley,KES-9323,Maroon,Bus,"[""Spoiler"", ""Missing hubcap""]"
1788109740,Hospital,IRY-6538,Gold,Coupe,"[""Sunroof"", ""Custom rims""]"
1788109770,Office Back Alley,IUT-7188,Gray,Bus,"[""Sunroof""]"
1788109830,Hospital,IRY-6538,Gold,Coupe,"[""Sunroof"", ""Custom rims""]"
1788110040,Office Back Alley,BTZ-5167,Silver,Coupe,[]
1788110160,Bookstore,FCH-7617,Maroon,Sedan,[]
1788110160,Office Back Alley,NKO-5227,Gray,Motorcycle,"[""Roof rack""]"
1788110190,Hospital,ZNI-4355,Blue,Coupe,[]
1788110220,Bookstore,IMH-7658,Gray,Hatchback,"[""Tinted windows""]"
1788110370,Hospital,EHW-3879,Maroon,Coupe,[]
1788110460,Office Back Alley,WNV-7840,Red,Motorcycle,"[""Bumper sticker""]"
1788110460,Office Back Alley,CIU-8112,Maroon,Bus,"[""Dented rear bumper"", ""Tow hitch""]"
1788110490,Office Back Alley,OYU-1228,Maroon,Bus,[]
1788110490,Office Back Alley,OGN-4489,Black,Pickup Truck,"[""Aftermarket exhaust"", ""Custom rims""]"
1788110490,Bookstore,XOW-5609,Gray,Sedan,"[""Sunroof"", ""Roof rack""]"
1788110520,Office Back Alley,DYT-5541,Maroon,Hatchback,[]
1788110550,Hospital,EHW-3879,Maroon,Coupe,[]
1788110550,Hospital,KES-9323,Maroon,Bus,"[""Spoiler"", ""Missing hubcap""]"
1788110610,Office Back Alley,EYH-6407,Black,Bus,"[""Custom rims"", ""Tinted windows""]"
1788110670,Bookstore,QDH-4925,Red,Van,[]
1788110670,Bookstore,TML-3408,Red,Motorcycle,"[""Spoiler"", ""Custom rims""]"
1788110730,Office Back Alley,RBG-4071,Blue,Bus,"[""Bumper sticker"", ""Ladder rack""]"
1788110790,Hospital,FHL-3560,Silver,Van,[]
1788110850,Hospital,AIT-2702,Blue,Pickup Truck,"[""Dented rear bumper"", ""Tow hitch""]"
1788110910,Hospital,EWE-8741,Blue,Bus,"[""Custom rims""]"
1788110910,Office Back Alley,UHR-2612,White,Pickup Truck,[]
1788111000,Bookstore,BGW-3337,Silver,Bus,"[""Bumper sticker""]"
1788111000,Bookstore,RRC-4766,Blue,Coupe,"[""Tinted windows"", ""Tow hitch""]"
1788111000,Office Back Alley,OGN-4489,Black,Pickup Truck,"[""Aftermarket exhaust"", ""Custom rims""]"
1788111030,Hospital,HQY-7996,Maroon,Motorcycle,[]
1788111030,Office Back Alley,DOP-3475,Silver,SUV,[]
1788111120,Office Back Alley,ZFD-3277,Green,Hatchback,"[""Bumper sticker"", ""Missing hubcap""]"
1788111150,Hospital,DYT-5541,Maroon,Hatchback,[]
1788111180,Office Back Alley,RRT-3341,Red,Sedan,"[""Tinted windows"", ""Dented rear bumper""]"
1788111180,Office Back Alley,BLF-4771,Gray,Sedan,[]
1788111210,Office Back Alley,QLL-8894,Black,Coupe,"[""Spoiler"", ""Bumper sticker""]"
1788111270,Bookstore,EJJ-5605,Red,Bus,"[""Tinted windows"", ""Aftermarket exhaust""]"
1788111300,Bookstore,VQJ-3851,Beige,Hatchback,[]
1788111360,Hospital,RRC-4766,Blue,Coupe,"[""Tinted windows"", ""Tow hitch""]"
1788111390,Hospital,EQL-6876,Green,Bus,"[""Cracked windshield""]"
1788111420,Hospital,EVV-3567,Blue,SUV,"[""Aftermarket exhaust""]"
1788111420,Hospital,AIT-2702,Blue,Pickup Truck,"[""Dented rear bumper"", ""Tow hitch""]"
1788111420,Office Back Alley,BPU-4332,White,Motorcycle,[]
1788111420,Office Back Alley,TQP-8061,Silver,Hatchback,"[""Tinted windows""]"
1788111420,Bookstore,TXI-5471,White,Pickup Truck,[]
1788111420,Bookstore,FYR-2853,Gold,SUV,"[""Missing hubcap"", ""Aftermarket exhaust""]"
1788111450,Office Back Alley,QDH-4925,Red,Van,[]
1788111450,Office Back Alley,QLL-8894,Black,Coupe,"[""Spoiler"", ""Bumper sticker""]"
1788111450,Hospital,LHA-6933,Gray,Bus,"[""Missing hubcap""]"
1788111510,Office Back Alley,ROX-9271,Gray,Coupe,"[""Custom rims"", ""Roof rack""]"
1788111540,Office Back Alley,OGN-4489,Black,Pickup Truck,"[""Aftermarket exhaust"", ""Custom rims""]"
1788111540,Office Back Alley,HQY-7996,Maroon,Motorcycle,[]
1788111540,Office Back Alley,BPU-4332,White,Motorcycle,[]
1788111570,Hospital,YJG-1440,Black,Sedan,"[""Tinted windows"", ""Bumper sticker""]"
1788111570,Bookstore,IMH-7658,Gray,Hatchback,"[""Tinted windows""]"
1788111570,Bookstore,ZNI-4355,Blue,Coupe,[]
1788111600,Bookstore,IUT-7188,Gray,Bus,"[""Sunroof""]"
1788111600,Office Back Alley,KOE-4072,Beige,Pickup Truck,[]
1788111630,Bookstore,YTG-6287,Green,Coupe,"[""Bumper sticker"", ""Tow hitch""]"
1788111660,Office Back Alley,RRC-4766,Blue,Coupe,"[""Tinted windows"", ""Tow hitch""]"
1788111690,Office Back Alley,RRC-4766,Blue,Coupe,"[""Tinted windows"", ""Tow hitch""]"
1788111690,Hospital,BPU-4332,White,Motorcycle,[]
1788111810,Office Back Alley,ZNI-4355,Blue,Coupe,[]
1788111870,Bookstore,QDH-4925,Red,Van,[]
1788111870,Office Back Alley,BTZ-5167,Silver,Coupe,[]
1788111870,Office Back Alley,FCH-7617,Maroon,Sedan,[]
1788111900,Office Back Alley,NKO-5227,Gray,Motorcycle,"[""Roof rack""]"
1788111900,Hospital,TBJ-5379,Green,Coupe,"[""Bumper sticker""]"
1788112020,Office Back Alley,ZIG-1175,Black,Bus,[]
1788112050,Hospital,BPU-4332,White,Motorcycle,[]
1788112050,Office Back Alley,KES-9323,Maroon,Bus,"[""Spoiler"", ""Missing hubcap""]"
1788112050,Office Back Alley,UJS-4783,Red,Bus,"[""Spoiler""]"
1788112080,Office Back Alley,NYF-1596,Silver,Pickup Truck,"[""Bumper sticker""]"
1788112080,Office Back Alley,LUG-7654,Black,Bus,"[""Bumper sticker""]"
1788112110,Office Back Alley,RBG-4071,Blue,Bus,"[""Bumper sticker"", ""Ladder rack""]"
1788112110,Office Back Alley,RRC-4766,Blue,Coupe,"[""Tinted windows"", ""Tow hitch""]"
1788112230,Hospital,EYH-6407,Black,Bus,"[""Custom rims"", ""Tinted windows""]"
1788112230,Bookstore,WNV-7840,Red,Motorcycle,"[""Bumper sticker""]"
1788112230,Office Back Alley,GEZ-2109,Red,Motorcycle,"[""Missing hubcap"", ""Dented rear bumper""]"
1788112260,Office Back Alley,XOW-5609,Gray,Sedan,"[""Sunroof"", ""Roof rack""]"
1788112380,Office Back Alley,OYU-1228,Maroon,Bus,[]
1788112440,Office Back Alley,QDH-4925,Red,Van,[]
1788112500,Bookstore,IUT-7188,Gray,Bus,"[""Sunroof""]"
1788112500,Office Back Alley,DOP-3475,Silver,SUV,[]
1788112500,Office Back Alley,IRY-6538,Gold,Coupe,"[""Sunroof"", ""Custom rims""]"
1788112530,Hospital,UHR-2612,White,Pickup Truck,[]
1788112590,Bookstore,TQP-8061,Silver,Hatchback,"[""Tinted windows""]"
1788112590,Office Back Alley,KNM-8888,Gray,Sedan,"[""Ladder rack"", ""Aftermarket exhaust""]"
1788112620,Hospital,OGN-4489,Black,Pickup Truck,"[""Aftermarket exhaust"", ""Custom rims""]"
1788112680,Bookstore,DOP-3475,Silver,SUV,[]
1788112680,Hospital,BLF-4771,Gray,Sedan,[]
1788112740,Hospital,ZFD-3277,Green,Hatchback,"[""Bumper sticker"", ""Missing hubcap""]"
1788112800,Hospital,RRT-3341,Red,Sedan,"[""Tinted windows"", ""Dented rear bumper""]"
1788112800,Office Back Alley,DYT-5541,Maroon,Hatchback,[]
1788112860,Bookstore,RQA-7745,Red,Motorcycle,"[""Sunroof""]"
1788112860,Hospital,VAP-5225,Silver,Hatchback,"[""Cracked windshield"", ""Tinted windows""]"
1788112890,Office Back Alley,OGN-4489,Black,Pickup Truck,"[""Aftermarket exhaust"", ""Custom rims""]"
1788112920,Office Back Alley,RRC-4766,Blue,Coupe,"[""Tinted windows"", ""Tow hitch""]"
1788112950,Bookstore,QLL-8894,Black,Coupe,"[""Spoiler"", ""Bumper sticker""]"
1788112950,Office Back Alley,VDV-4194,White,Coupe,[]
1788112980,Office Back Alley,EVV-3567,Blue,SUV,"[""Aftermarket exhaust""]"
1788113010,Office Back Alley,CIU-8112,Maroon,Bus,"[""Dented rear bumper"", ""Tow hitch""]"
1788113010,Office Back Alley,RRC-4766,Blue,Coupe,"[""Tinted windows"", ""Tow hitch""]"
1788113010,Office Back Alley,LHA-6933,Gray,Bus,"[""Missing hubcap""]"
1788113040,Office Back Alley,EJJ-5605,Red,Bus,"[""Tinted windows"", ""Aftermarket exhaust""]"
1788113040,Office Back Alley,AIT-2702,Blue,Pickup Truck,"[""Dented rear bumper"", ""Tow hitch""]"
1788113100,Hospital,ROX-9271,Gray,Coupe,"[""Custom rims"", ""Roof rack""]"
1788113100,Office Back Alley,OGN-4489,Black,Pickup Truck,"[""Aftermarket exhaust"", ""Custom rims""]"
1788113130,Office Back Alley,YJG-1440,Black,Sedan,"[""Tinted windows"", ""Bumper sticker""]"
1788113130,Hospital,HQY-7996,Maroon,Motorcycle,[]
1788113160,Bookstore,BPU-4332,White,Motorcycle,[]
1788113190,Bookstore,RRC-4766,Blue,Coupe,"[""Tinted windows"", ""Tow hitch""]"
1788113190,Bookstore,QDH-4925,Red,Van,[]
1788113190,Bookstore,QLL-8894,Black,Coupe,"[""Spoiler"", ""Bumper sticker""]"
1788113220,Bookstore,YTG-6287,Green,Coupe,"[""Bumper sticker"", ""Tow hitch""]"
1788113250,Bookstore,OYU-1228,Maroon,Bus,[]
1788113280,Hospital,RRC-4766,Blue,Coupe,"[""Tinted windows"", ""Tow hitch""]"
1788113280,Bookstore,BPU-4332,White,Motorcycle,[]
1788113340,Bookstore,KOE-4072,Beige,Pickup Truck,[]
1788113340,Office Back Alley,IMH-7658,Gray,Hatchback,"[""Tinted windows""]"
1788113430,Office Back Alley,TML-3408,Red,Motorcycle,"[""Spoiler"", ""Custom rims""]"
1788113490,Office Back Alley,TQP-8061,Silver,Hatchback,"[""Tinted windows""]"
1788113490,Hospital,BTZ-5167,Silver,Coupe,[]
1788113520,Office Back Alley,TBJ-5379,Green,Coupe,"[""Bumper sticker""]"
1788113580,Bookstore,MDL-3261,Blue,Motorcycle,[]
1788113610,Office Back Alley,BPU-4332,White,Motorcycle,[]
1788113610,Bookstore,FCH-7617,Maroon,Sedan,[]
1788113670,Hospital,LUG-7654,Black,Bus,"[""Bumper sticker""]"
1788113730,Hospital,CZA-9416,Black,Bus,[]
1788113760,Bookstore,EHW-3879,Maroon,Coupe,[]
1788113760,Bookstore,ZIG-1175,Black,Bus,[]
1788113820,Bookstore,KES-9323,Maroon,Bus,"[""Spoiler"", ""Missing hubcap""]"
1788113820,Bookstore,NYF-1596,Silver,Pickup Truck,"[""Bumper sticker""]"
1788113850,Office Back Alley,RRC-4766,Blue,Coupe,"[""Tinted windows"", ""Tow hitch""]"
1788113880,Bookstore,EHW-3879,Maroon,Coupe,[]
1788113880,Bookstore,KES-9323,Maroon,Bus,"[""Spoiler"", ""Missing hubcap""]"
1788113880,Office Back Alley,RRC-4766,Blue,Coupe,"[""Tinted windows"", ""Tow hitch""]"
1788113880,Office Back Alley,ZNI-4355,Blue,Coupe,[]
1788113910,Office Back Alley,BLF-4771,Gray,Sedan,[]
1788113910,Office Back Alley,IRY-6538,Gold,Coupe,"[""Sunroof"", ""Custom rims""]"
1788113940,Bookstore,HQY-7996,Maroon,Motorcycle,[]
1788114120,Office Back Alley,GEZ-2109,Red,Motorcycle,"[""Missing hubcap"", ""Dented rear bumper""]"
1788114150,Bookstore,OYU-1228,Maroon,Bus,[]
1788114150,Office Back Alley,QDH-4925,Red,Van,[]
1788114150,Office Back Alley,FCH-7617,Maroon,Sedan,[]
1788114210,Office Back Alley,RTJ-3423,Gold,Sedan,[]
1788114240,Office Back Alley,FCH-7617,Maroon,Sedan,[]
1788114240,Office Back Alley,CZA-9416,Black,Bus,[]
1788114360,Bookstore,HQY-7996,Maroon,Motorcycle,[]
1788114450,Office Back Alley,EUA-8367,Gold,Motorcycle,"[""Ladder rack""]"
1788114450,Bookstore,QDH-4925,Red,Van,[]
1788114480,Office Back Alley,VAP-5225,Silver,Hatchback,"[""Cracked windshield"", ""Tinted windows""]"
1788114480,Bookstore,TQP-8061,Silver,Hatchback,"[""Tinted windows""]"
1788114480,Bookstore,DYT-5541,Maroon,Hatchback,[]
1788114510,Office Back Alley,ZYZ-1012,Beige,Motorcycle,"[""Spoiler""]"
1788114570,Bookstore,DYT-5541,Maroon,Hatchback,[]
1788114630,Bookstore,TXI-5471,White,Pickup Truck,[]
1788114630,Bookstore,OGN-4489,Black,Pickup Truck,"[""Aftermarket exhaust"", ""Custom rims""]"
1788114630,Office Back Alley,EJJ-5605,Red,Bus,"[""Tinted windows"", ""Aftermarket exhaust""]"
1788114660,Bookstore,DYT-5541,Maroon,Hatchback,[]
1788114690,Bookstore,VDV-4194,White,Coupe,[]
1788114690,Office Back Alley,RRC-4766,Blue,Coupe,"[""Tinted windows"", ""Tow hitch""]"
1788114720,Bookstore,NKO-5227,Gray,Motorcycle,"[""Roof rack""]"
1788114720,Bookstore,EQL-6876,Green,Bus,"[""Cracked windshield""]"
1788114750,Bookstore,DOP-3475,Silver,SUV,[]
1788114750,Bookstore,ABS-2643,Gold,Pickup Truck,"[""Tow hitch"", ""Missing hubcap""]"
1788114810,Office Back Alley,XOW-5609,Gray,Sedan,"[""Sunroof"", ""Roof rack""]"
1788114810,Office Back Alley,UJS-4783,Red,Bus,"[""Spoiler""]"
1788114840,Office Back Alley,ZNI-4355,Blue,Coupe,[]
1788114840,Hospital,IRY-6538,Gold,Coupe,"[""Sunroof"", ""Custom rims""]"
1788114840,Bookstore,VQJ-3851,Beige,Hatchback,[]
1788114840,Bookstore,CIU-8112,Maroon,Bus,"[""Dented rear bumper"", ""Tow hitch""]"
1788114870,Office Back Alley,RRC-4766,Blue,Coupe,"[""Tinted windows"", ""Tow hitch""]"
1788114930,Office Back Alley,LXQ-7888,Black,Van,[]
1788114930,Bookstore,OGN-4489,Black,Pickup Truck,"[""Aftermarket exhaust"", ""Custom rims""]"
1788114930,Bookstore,ZGK-3461,Blue,Van,[]
1788114960,Office Back Alley,KNM-8888,Gray,Sedan,"[""Ladder rack"", ""Aftermarket exhaust""]"
1788115050,Bookstore,RBG-4071,Blue,Bus,"[""Bumper sticker"", ""Ladder rack""]"
1788115140,Bookstore,DOP-3475,Silver,SUV,[]
1788115140,Office Back Alley,YJG-1440,Black,Sedan,"[""Tinted windows"", ""Bumper sticker""]"
1788115140,Office Back Alley,EQL-6876,Green,Bus,"[""Cracked windshield""]"
1788115200,Bookstore,BGW-3337,Silver,Bus,"[""Bumper sticker""]"
1788115200,Bookstore,BLF-4771,Gray,Sedan,[]
1788115200,Office Back Alley,VJM-7944,Beige,Sedan,[]
1788115230,Bookstore,NUN-3923,Silver,Motorcycle,"[""Roof rack"", ""Sunroof""]"
1788115290,Office Back Alley,AIT-2702,Blue,Pickup Truck,"[""Dented rear bumper"", ""Tow hitch""]"
1788115290,Office Back Alley,VJM-7944,Beige,Sedan,[]
1788115350,Office Back Alley,MDL-3261,Blue,Motorcycle,[]
1788115380,Bookstore,WUB-4659,Black,Pickup Truck,"[""Sunroof""]"
1788115380,Bookstore,NYF-1596,Silver,Pickup Truck,"[""Bumper sticker""]"
1788115410,Office Back Alley,EVV-3567,Blue,SUV,"[""Aftermarket exhaust""]"
1788115440,Office Back Alley,QDH-4925,Red,Van,[]
1788115440,Office Back Alley,VAP-5225,Silver,Hatchback,"[""Cracked windshield"", ""Tinted windows""]"
1788115470,Bookstore,EHW-3879,Maroon,Coupe,[]
1788115500,Office Back Alley,LHA-6933,Gray,Bus,"[""Missing hubcap""]"
1788115560,Bookstore,IMH-7658,Gray,Hatchback,"[""Tinted windows""]"
1788115650,Office Back Alley,IRY-6538,Gold,Coupe,"[""Sunroof"", ""Custom rims""]"
1788115740,Bookstore,BLF-4771,Gray,Sedan,[]
1788115770,Hospital,FCH-7617,Maroon,Sedan,[]
1788115770,Office Back Alley,RRC-4766,Blue,Coupe,"[""Tinted windows"", ""Tow hitch""]"
1788115800,Office Back Alley,TML-3408,Red,Motorcycle,"[""Spoiler"", ""Custom rims""]"
1788115830,Office Back Alley,GEZ-2109,Red,Motorcycle,"[""Missing hubcap"", ""Dented rear bumper""]"
1788115860,Hospital,CZA-9416,Black,Bus,[]
1788115920,Bookstore,OGN-4489,Black,Pickup Truck,"[""Aftermarket exhaust"", ""Custom rims""]"
1788115920,Office Back Alley,TQP-8061,Silver,Hatchback,"[""Tinted windows""]"
1788115950,Bookstore,FHL-3560,Silver,Van,[]
1788116040,Office Back Alley,TBJ-5379,Green,Coupe,"[""Bumper sticker""]"
1788116100,Bookstore,WNV-7840,Red,Motorcycle,"[""Bumper sticker""]"
1788116130,Hospital,OYU-1228,Maroon,Bus,[]
1788116130,Office Back Alley,BPU-4332,White,Motorcycle,[]
1788116190,Office Back Alley,KNM-8888,Gray,Sedan,"[""Ladder rack"", ""Aftermarket exhaust""]"
1788116190,Office Back Alley,QDH-4925,Red,Van,[]
1788116250,Office Back Alley,MDL-3261,Blue,Motorcycle,[]
1788116250,Office Back Alley,ZNI-4355,Blue,Coupe,[]
1788116280,Office Back Alley,VJM-7944,Beige,Sedan,[]
1788116310,Hospital,RRC-4766,Blue,Coupe,"[""Tinted windows"", ""Tow hitch""]"
1788116340,Bookstore,NKO-5227,Gray,Motorcycle,"[""Roof rack""]"
1788116370,Bookstore,HYS-9092,Gray,Coupe,"[""Roof rack"", ""Dented rear bumper""]"
1788116370,Hospital,DOP-3475,Silver,SUV,[]
1788116370,Office Back Alley,RTJ-3423,Gold,Sedan,[]
1788116370,Office Back Alley,VKM-8657,Blue,Sedan,"[""Custom rims""]"
1788116400,Bookstore,HQY-7996,Maroon,Motorcycle,[]
1788116400,Bookstore,EQL-6876,Green,Bus,"[""Cracked windshield""]"
1788116400,Bookstore,EJJ-5605,Red,Bus,"[""Tinted windows"", ""Aftermarket exhaust""]"
1788116400,Office Back Alley,LXQ-7888,Black,Van,[]
1788116430,Hospital,XOW-5609,Gray,Sedan,"[""Sunroof"", ""Roof rack""]"
1788116490,Office Back Alley,FCH-7617,Maroon,Sedan,[]
1788116490,Office Back Alley,DOP-3475,Silver,SUV,[]
1788116520,Hospital,RRC-4766,Blue,Coupe,"[""Tinted windows"", ""Tow hitch""]"
1788116580,Bookstore,UJS-4783,Red,Bus,"[""Spoiler""]"
1788116610,Office Back Alley,ZNI-4355,Blue,Coupe,[]
1788116640,Office Back Alley,NVS-7383,Gold,Van,"[""Aftermarket exhaust"", ""Ladder rack""]"
1788116760,Office Back Alley,EUA-8367,Gold,Motorcycle,"[""Ladder rack""]"
1788116760,Hospital,YJG-1440,Black,Sedan,"[""Tinted windows"", ""Bumper sticker""]"
1788116760,Hospital,EQL-6876,Green,Bus,"[""Cracked windshield""]"
1788116820,Office Back Alley,ZYZ-1012,Beige,Motorcycle,"[""Spoiler""]"
1788116880,Bookstore,FYR-2853,Gold,SUV,"[""Missing hubcap"", ""Aftermarket exhaust""]"
1788116880,Office Back Alley,TBJ-5379,Green,Coupe,"[""Bumper sticker""]"
1788116910,Hospital,VJM-7944,Beige,Sedan,[]
1788116910,Bookstore,DYT-5541,Maroon,Hatchback,[]
1788116970,Office Back Alley,IMH-7658,Gray,Hatchback,"[""Tinted windows""]"
1788117000,Bookstore,DYT-5541,Maroon,Hatchback,[]
1788117060,Hospital,QDH-4925,Red,Van,[]
1788117060,Office Back Alley,MDL-3261,Blue,Motorcycle,[]
1788117090,Hospital,VAP-5225,Silver,Hatchback,"[""Cracked windshield"", ""Tinted windows""]"
1788117090,Hospital,BPU-4332,White,Motorcycle,[]
1788117150,Hospital,LHA-6933,Gray,Bus,"[""Missing hubcap""]"
1788117180,Bookstore,EVV-3567,Blue,SUV,"[""Aftermarket exhaust""]"
1788117300,Hospital,IRY-6538,Gold,Coupe,"[""Sunroof"", ""Custom rims""]"
1788117300,Hospital,IRY-6538,Gold,Coupe,"[""Sunroof"", ""Custom rims""]"
1788117300,Bookstore,EWE-8741,Blue,Bus,"[""Custom rims""]"
1788117390,Office Back Alley,TML-3408,Red,Motorcycle,"[""Spoiler"", ""Custom rims""]"
1788117420,Bookstore,BPU-4332,White,Motorcycle,[]
1788117510,Bookstore,OYU-1228,Maroon,Bus,[]
1788117540,Hospital,TQP-8061,Silver,Hatchback,"[""Tinted windows""]"
1788117570,Bookstore,TQP-8061,Silver,Hatchback,"[""Tinted windows""]"
1788117600,Bookstore,QLL-8894,Black,Coupe,"[""Spoiler"", ""Bumper sticker""]"
1788117600,Bookstore,RRC-4766,Blue,Coupe,"[""Tinted windows"", ""Tow hitch""]"
1788117660,Office Back Alley,OGN-4489,Black,Pickup Truck,"[""Aftermarket exhaust"", ""Custom rims""]"
1788117750,Office Back Alley,DOP-3475,Silver,SUV,[]
1788117750,Office Back Alley,NVS-7383,Gold,Van,"[""Aftermarket exhaust"", ""Ladder rack""]"
1788117750,Office Back Alley,QDH-4925,Red,Van,[]
1788117810,Hospital,EYH-6407,Black,Bus,"[""Custom rims"", ""Tinted windows""]"
1788117810,Bookstore,FCH-7617,Maroon,Sedan,[]
1788117870,Office Back Alley,WNV-7840,Red,Motorcycle,"[""Bumper sticker""]"
1788117900,Hospital,VJM-7944,Beige,Sedan,[]
1788117900,Bookstore,EHW-3879,Maroon,Coupe,[]
1788117900,Bookstore,BPU-4332,White,Motorcycle,[]
1788117960,Hospital,FYR-2853,Gold,SUV,"[""Missing hubcap"", ""Aftermarket exhaust""]"
1788117960,Office Back Alley,KNM-8888,Gray,Sedan,"[""Ladder rack"", ""Aftermarket exhaust""]"
1788117960,Bookstore,FHL-3560,Silver,Van,[]
1788118020,Hospital,LXQ-7888,Black,Van,[]
1788118020,Hospital,UHR-2612,White,Pickup Truck,[]
1788118020,Office Back Alley,VKM-8657,Blue,Sedan,"[""Custom rims""]"
1788118050,Hospital,BTZ-5167,Silver,Coupe,[]
1788118080,Office Back Alley,NKO-5227,Gray,Motorcycle,"[""Roof rack""]"
1788118110,Hospital,CZA-9416,Black,Bus,[]
1788118140,Hospital,BLF-4771,Gray,Sedan,[]
1788118140,Bookstore,AIT-2702,Blue,Pickup Truck,"[""Dented rear bumper"", ""Tow hitch""]"
1788118140,Bookstore,RTJ-3423,Gold,Sedan,[]
1788118200,Bookstore,HYS-9092,Gray,Coupe,"[""Roof rack"", ""Dented rear bumper""]"
1788118320,Bookstore,NYF-1596,Silver,Pickup Truck,"[""Bumper sticker""]"
1788118320,Bookstore,FCH-7617,Maroon,Sedan,[]
1788118440,Bookstore,ZNI-4355,Blue,Coupe,[]
1788118470,Bookstore,AIT-2702,Blue,Pickup Truck,"[""Dented rear bumper"", ""Tow hitch""]"
1788118590,Bookstore,EUA-8367,Gold,Motorcycle,"[""Ladder rack""]"
1788118590,Bookstore,HUK-4229,White,Coupe,"[""Tinted windows""]"
1788118650,Bookstore,TBJ-5379,Green,Coupe,"[""Bumper sticker""]"
1788118650,Office Back Alley,DYT-5541,Maroon,Hatchback,[]
1788118740,Office Back Alley,DYT-5541,Maroon,Hatchback,[]
1788118740,Hospital,RRT-3341,Red,Sedan,"[""Tinted windows"", ""Dented rear bumper""]"
1788118740,Bookstore,KES-9323,Maroon,Bus,"[""Spoiler"", ""Missing hubcap""]"
1788118740,Bookstore,HQY-7996,Maroon,Motorcycle,[]
1788118740,Bookstore,IMH-7658,Gray,Hatchback,"[""Tinted windows""]"
1788118770,Bookstore,WUB-4659,Black,Pickup Truck,"[""Sunroof""]"
1788118890,Bookstore,MDL-3261,Blue,Motorcycle,[]
1788118920,Office Back Alley,OGN-4489,Black,Pickup Truck,"[""Aftermarket exhaust"", ""Custom rims""]"
1788118980,Office Back Alley,NKO-5227,Gray,Motorcycle,"[""Roof rack""]"
1788119010,Hospital,TML-3408,Red,Motorcycle,"[""Spoiler"", ""Custom rims""]"
1788119040,Office Back Alley,ZYZ-1012,Beige,Motorcycle,"[""Spoiler""]"
1788119070,Hospital,VQJ-3851,Beige,Hatchback,[]
1788119160,Bookstore,RTJ-3423,Gold,Sedan,[]
1788119160,Office Back Alley,WNV-7840,Red,Motorcycle,"[""Bumper sticker""]"
1788119190,Bookstore,ZIG-1175,Black,Bus,[]
1788119190,Bookstore,KES-9323,Maroon,Bus,"[""Spoiler"", ""Missing hubcap""]"
1788119370,Hospital,DOP-3475,Silver,SUV,[]
1788119400,Hospital,NVS-7383,Gold,Van,"[""Aftermarket exhaust"", ""Ladder rack""]"
1788119400,Bookstore,ABS-2643,Gold,Pickup Truck,"[""Tow hitch"", ""Missing hubcap""]"
1788119430,Office Back Alley,EYH-6407,Black,Bus,"[""Custom rims"", ""Tinted windows""]"
1788119490,Bookstore,EWE-8741,Blue,Bus,"[""Custom rims""]"
1788119520,Bookstore,QDH-4925,Red,Van,[]
1788119520,Hospital,ZFD-3277,Green,Hatchback,"[""Bumper sticker"", ""Missing hubcap""]"
1788119580,Office Back Alley,FYR-2853,Gold,SUV,"[""Missing hubcap"", ""Aftermarket exhaust""]"
1788119580,Office Back Alley,FCH-7617,Maroon,Sedan,[]
1788119580,Bookstore,TBJ-5379,Green,Coupe,"[""Bumper sticker""]"
1788119640,Office Back Alley,UHR-2612,White,Pickup Truck,[]
1788119640,Hospital,VKM-8657,Blue,Sedan,"[""Custom rims""]"
1788119670,Office Back Alley,BTZ-5167,Silver,Coupe,[]
1788119730,Office Back Alley,CZA-9416,Black,Bus,[]
1788119730,Bookstore,AIT-2702,Blue,Pickup Truck,"[""Dented rear bumper"", ""Tow hitch""]"
1788119760,Office Back Alley,BLF-4771,Gray,Sedan,[]
1788119820,Bookstore,ZNI-4355,Blue,Coupe,[]
1788119850,Bookstore,NYF-1596,Silver,Pickup Truck,"[""Bumper sticker""]"
1788119910,Bookstore,IRY-6538,Gold,Coupe,"[""Sunroof"", ""Custom rims""]"
1788119940,Hospital,TQP-8061,Silver,Hatchback,"[""Tinted windows""]"
1788119940,Office Back Alley,KNM-8888,Gray,Sedan,"[""Ladder rack"", ""Aftermarket exhaust""]"
1788119940,Office Back Alley,DYT-5541,Maroon,Hatchback,[]
1788120120,Bookstore,EJJ-5605,Red,Bus,"[""Tinted windows"", ""Aftermarket exhaust""]"
1788120120,Bookstore,BGW-3337,Silver,Bus,"[""Bumper sticker""]"
1788120180,Bookstore,IMH-7658,Gray,Hatchback,"[""Tinted windows""]"
1788120210,Office Back Alley,QLL-8894,Black,Coupe,"[""Spoiler"", ""Bumper sticker""]"
1788120240,Bookstore,NUN-3923,Silver,Motorcycle,"[""Roof rack"", ""Sunroof""]"
1788120270,Bookstore,CIU-8112,Maroon,Bus,"[""Dented rear bumper"", ""Tow hitch""]"
1788120300,Bookstore,ROX-9271,Gray,Coupe,"[""Custom rims"", ""Roof rack""]"
1788120300,Office Back Alley,DYT-5541,Maroon,Hatchback,[]
1788120330,Bookstore,IMH-7658,Gray,Hatchback,"[""Tinted windows""]"
1788120360,Office Back Alley,RRT-3341,Red,Sedan,"[""Tinted windows"", ""Dented rear bumper""]"
1788120390,Office Back Alley,HUK-4229,White,Coupe,"[""Tinted windows""]"
1788120480,Bookstore,ZNI-4355,Blue,Coupe,[]
1788120510,Office Back Alley,HQY-7996,Maroon,Motorcycle,[]
1788120510,Bookstore,AIT-2702,Blue,Pickup Truck,"[""Dented rear bumper"", ""Tow hitch""]"
1788120540,Office Back Alley,FYR-2853,Gold,SUV,"[""Missing hubcap"", ""Aftermarket exhaust""]"
1788120630,Hospital,NKO-5227,Gray,Motorcycle,"[""Roof rack""]"
1788120660,Hospital,ZYZ-1012,Beige,Motorcycle,"[""Spoiler""]"
1788120750,Hospital,XOW-5609,Gray,Sedan,"[""Sunroof"", ""Roof rack""]"
1788120810,Bookstore,HQY-7996,Maroon,Motorcycle,[]
1788120960,Office Back Alley,ZIG-1175,Black,Bus,[]
1788120990,Bookstore,EQL-6876,Green,Bus,"[""Cracked windshield""]"
1788120990,Bookstore,WNV-7840,Red,Motorcycle,"[""Bumper sticker""]"
1788121080,Hospital,GEZ-2109,Red,Motorcycle,"[""Missing hubcap"", ""Dented rear bumper""]"
1788121140,Bookstore,QLL-8894,Black,Coupe,"[""Spoiler"", ""Bumper sticker""]"
1788121140,Office Back Alley,ZFD-3277,Green,Hatchback,"[""Bumper sticker"", ""Missing hubcap""]"
1788121230,Bookstore,IRY-6538,Gold,Coupe,"[""Sunroof"", ""Custom rims""]"
1788121260,Office Back Alley,BLF-4771,Gray,Sedan,[]
1788121290,Bookstore,IUT-7188,Gray,Bus,"[""Sunroof""]"
1788121320,Office Back Alley,TBJ-5379,Green,Coupe,"[""Bumper sticker""]"
1788121410,Office Back Alley,FCH-7617,Maroon,Sedan,[]
1788121410,Office Back Alley,DYT-5541,Maroon,Hatchback,[]
1788121440,Hospital,VJM-7944,Beige,Sedan,[]
1788121470,Office Back Alley,AIT-2702,Blue,Pickup Truck,"[""Dented rear bumper"", ""Tow hitch""]"
1788121560,Office Back Alley,TQP-8061,Silver,Hatchback,"[""Tinted windows""]"
1788121590,Office Back Alley,UHR-2612,White,Pickup Truck,[]
1788121620,Hospital,EHW-3879,Maroon,Coupe,[]
1788121620,Office Back Alley,BTZ-5167,Silver,Coupe,[]
1788121710,Office Back Alley,EYH-6407,Black,Bus,"[""Custom rims"", ""Tinted windows""]"
1788121800,Office Back Alley,CZA-9416,Black,Bus,[]
1788121860,Bookstore,FCH-7617,Maroon,Sedan,[]
1788121890,Office Back Alley,BGW-3337,Silver,Bus,"[""Bumper sticker""]"
1788121920,Bookstore,ZNI-4355,Blue,Coupe,[]
1788121950,Hospital,KOE-4072,Beige,Pickup Truck,[]
1788121980,Bookstore,EJJ-5605,Red,Bus,"[""Tinted windows"", ""Aftermarket exhaust""]"
1788121980,Bookstore,RRC-4766,Blue,Coupe,"[""Tinted windows"", ""Tow hitch""]"
1788122040,Office Back Alley,CIU-8112,Maroon,Bus,"[""Dented rear bumper"", ""Tow hitch""]"
1788122070,Office Back Alley,ROX-9271,Gray,Coupe,"[""Custom rims"", ""Roof rack""]"
1788122070,Bookstore,DYT-5541,Maroon,Hatchback,[]
1788122130,Office Back Alley,QLL-8894,Black,Coupe,"[""Spoiler"", ""Bumper sticker""]"
1788122160,Bookstore,RQA-7745,Red,Motorcycle,"[""Sunroof""]"
1788122280,Office Back Alley,KES-9323,Maroon,Bus,"[""Spoiler"", ""Missing hubcap""]"
1788122310,Bookstore,FYR-2853,Gold,SUV,"[""Missing hubcap"", ""Aftermarket exhaust""]"
1788122340,Bookstore,OGN-4489,Black,Pickup Truck,"[""Aftermarket exhaust"", ""Custom rims""]"
1788122340,Office Back Alley,FCH-7617,Maroon,Sedan,[]
1788122400,Office Back Alley,TQP-8061,Silver,Hatchback,"[""Tinted windows""]"
1788122460,Hospital,FHL-3560,Silver,Van,[]
1788122490,Hospital,LHA-6933,Gray,Bus,"[""Missing hubcap""]"
1788122490,Bookstore,RRC-4766,Blue,Coupe,"[""Tinted windows"", ""Tow hitch""]"
1788122520,Hospital,VJM-7944,Beige,Sedan,[]
1788122520,Hospital,EQL-6876,Green,Bus,"[""Cracked windshield""]"
1788122520,Hospital,BPU-4332,White,Motorcycle,[]
1788122610,Bookstore,YTG-6287,Green,Coupe,"[""Bumper sticker"", ""Tow hitch""]"
1788122610,Office Back Alley,HQY-7996,Maroon,Motorcycle,[]
1788122670,Bookstore,OYU-1228,Maroon,Bus,[]
1788122850,Office Back Alley,RRT-3341,Red,Sedan,"[""Tinted windows"", ""Dented rear bumper""]"
1788122880,Office Back Alley,AIT-2702,Blue,Pickup Truck,"[""Dented rear bumper"", ""Tow hitch""]"
1788122910,Bookstore,IRY-6538,Gold,Coupe,"[""Sunroof"", ""Custom rims""]"
1788122910,Hospital,BLF-4771,Gray,Sedan,[]
1788122940,Bookstore,EUA-8367,Gold,Motorcycle,"[""Ladder rack""]"
1788122940,Office Back Alley,HUK-4229,White,Coupe,"[""Tinted windows""]"
1788122970,Office Back Alley,IRY-6538,Gold,Coupe,"[""Sunroof"", ""Custom rims""]"
1788123000,Bookstore,NYF-1596,Silver,Pickup Truck,"[""Bumper sticker""]"
1788123000,Office Back Alley,ZFD-3277,Green,Hatchback,"[""Bumper sticker"", ""Missing hubcap""]"
1788123030,Hospital,DYT-5541,Maroon,Hatchback,[]
1788123030,Hospital,TQP-8061,Silver,Hatchback,"[""Tinted windows""]"
1788123090,Office Back Alley,IUT-7188,Gray,Bus,"[""Sunroof""]"
1788123120,Hospital,EVV-3567,Blue,SUV,"[""Aftermarket exhaust""]"
1788123360,Bookstore,UHR-2612,White,Pickup Truck,[]
1788123360,Office Back Alley,ZIG-1175,Black,Bus,[]
1788123390,Bookstore,BTZ-5167,Silver,Coupe,[]
1788123450,Hospital,BPU-4332,White,Motorcycle,[]
1788123450,Bookstore,FCH-7617,Maroon,Sedan,[]
1788123450,Bookstore,IMH-7658,Gray,Hatchback,"[""Tinted windows""]"
1788123450,Bookstore,ZGK-3461,Blue,Van,[]
1788123480,Bookstore,EYH-6407,Black,Bus,"[""Custom rims"", ""Tinted windows""]"
1788123540,Office Back Alley,BGW-3337,Silver,Bus,"[""Bumper sticker""]"
1788123570,Office Back Alley,KOE-4072,Beige,Pickup Truck,[]
1788123630,Bookstore,CZA-9416,Black,Bus,[]
1788123660,Bookstore,ZNI-4355,Blue,Coupe,[]
1788123690,Hospital,TXI-5471,White,Pickup Truck,[]
1788123690,Bookstore,KNM-8888,Gray,Sedan,"[""Ladder rack"", ""Aftermarket exhaust""]"
1788123690,Office Back Alley,KES-9323,Maroon,Bus,"[""Spoiler"", ""Missing hubcap""]"
1788123720,Hospital,BPU-4332,White,Motorcycle,[]
1788123720,Hospital,OGN-4489,Black,Pickup Truck,"[""Aftermarket exhaust"", ""Custom rims""]"
1788123750,Bookstore,DOP-3475,Silver,SUV,[]
1788123750,Hospital,LXQ-7888,Black,Van,[]
1788123810,Hospital,FYR-2853,Gold,SUV,"[""Missing hubcap"", ""Aftermarket exhaust""]"
1788123840,Office Back Alley,TBJ-5379,Green,Coupe,"[""Bumper sticker""]"
1788123870,Office Back Alley,ROX-9271,Gray,Coupe,"[""Custom rims"", ""Roof rack""]"
1788123870,Bookstore,RRC-4766,Blue,Coupe,"[""Tinted windows"", ""Tow hitch""]"
1788123900,Bookstore,OYU-1228,Maroon,Bus,[]
1788123900,Bookstore,QLL-8894,Black,Coupe,"[""Spoiler"", ""Bumper sticker""]"
1788123960,Hospital,FCH-7617,Maroon,Sedan,[]
1788124080,Office Back Alley,HQY-7996,Maroon,Motorcycle,[]
1788124140,Office Back Alley,VJM-7944,Beige,Sedan,[]
1788124140,Office Back Alley,EQL-6876,Green,Bus,"[""Cracked windshield""]"
1788124170,Bookstore,TQP-8061,Silver,Hatchback,"[""Tinted windows""]"
1788124230,Bookstore,TQP-8061,Silver,Hatchback,"[""Tinted windows""]"
1788124290,Hospital,LUG-7654,Black,Bus,"[""Bumper sticker""]"
1788124320,Office Back Alley,CIU-8112,Maroon,Bus,"[""Dented rear bumper"", ""Tow hitch""]"
1788124380,Hospital,UJS-4783,Red,Bus,"[""Spoiler""]"
1788124410,Office Back Alley,YTG-6287,Green,Coupe,"[""Bumper sticker"", ""Tow hitch""]"
1788124470,Hospital,RRT-3341,Red,Sedan,"[""Tinted windows"", ""Dented rear bumper""]"
1788124470,Bookstore,QDH-4925,Red,Van,[]
1788124500,Office Back Alley,IUT-7188,Gray,Bus,"[""Sunroof""]"
1788124530,Office Back Alley,HUK-4229,White,Coupe,"[""Tinted windows""]"
1788124560,Bookstore,OGN-4489,Black,Pickup Truck,"[""Aftermarket exhaust"", ""Custom rims""]"
1788124650,Bookstore,IRY-6538,Gold,Coupe,"[""Sunroof"", ""Custom rims""]"
1788124680,Office Back Alley,IRY-6538,Gold,Coupe,"[""Sunroof"", ""Custom rims""]"
1788124710,Office Back Alley,EUA-8367,Gold,Motorcycle,"[""Ladder rack""]"
1788124740,Office Back Alley,EVV-3567,Blue,SUV,"[""Aftermarket exhaust""]"
1788124770,Bookstore,HYS-9092,Gray,Coupe,"[""Roof rack"", ""Dented rear bumper""]"
1788124800,Office Back Alley,KOE-4072,Beige,Pickup Truck,[]
1788124800,Office Back Alley,NYF-1596,Silver,Pickup Truck,"[""Bumper sticker""]"
1788124830,Bookstore,ZFD-3277,Green,Hatchback,"[""Bumper sticker"", ""Missing hubcap""]"
1788124860,Bookstore,RRC-4766,Blue,Coupe,"[""Tinted windows"", ""Tow hitch""]"
1788124890,Bookstore,IMH-7658,Gray,Hatchback,"[""Tinted windows""]"
1788124920,Hospital,HQY-7996,Maroon,Motorcycle,[]
1788125010,Bookstore,NVS-7383,Gold,Van,"[""Aftermarket exhaust"", ""Ladder rack""]"
1788125070,Office Back Alley,BPU-4332,White,Motorcycle,[]
1788125100,Hospital,VKM-8657,Blue,Sedan,"[""Custom rims""]"
1788125100,Office Back Alley,AIT-2702,Blue,Pickup Truck,"[""Dented rear bumper"", ""Tow hitch""]"
1788125130,Bookstore,ZIG-1175,Black,Bus,[]
1788125220,Office Back Alley,EQL-6876,Green,Bus,"[""Cracked windshield""]"
1788125250,Office Back Alley,VJM-7944,Beige,Sedan,[]
1788125250,Office Back Alley,ZGK-3461,Blue,Van,[]
1788125280,Bookstore,IRY-6538,Gold,Coupe,"[""Sunroof"", ""Custom rims""]"
1788125310,Office Back Alley,TXI-5471,White,Pickup Truck,[]
1788125310,Bookstore,QDH-4925,Red,Van,[]
1788125310,Bookstore,BGW-3337,Silver,Bus,"[""Bumper sticker""]"
1788125340,Office Back Alley,BPU-4332,White,Motorcycle,[]
1788125370,Office Back Alley,LXQ-7888,Black,Van,[]
1788125430,Office Back Alley,ZNI-4355,Blue,Coupe,[]
1788125430,Office Back Alley,FYR-2853,Gold,SUV,"[""Missing hubcap"", ""Aftermarket exhaust""]"
1788125580,Bookstore,TQP-8061,Silver,Hatchback,"[""Tinted windows""]"
1788125610,Bookstore,TBJ-5379,Green,Coupe,"[""Bumper sticker""]"
1788125640,Bookstore,ROX-9271,Gray,Coupe,"[""Custom rims"", ""Roof rack""]"
1788125700,Hospital,WUB-4659,Black,Pickup Truck,"[""Sunroof""]"
1788125730,Hospital,HQY-7996,Maroon,Motorcycle,[]
1788125760,Hospital,RTJ-3423,Gold,Sedan,[]
1788125820,Bookstore,IRY-6538,Gold,Coupe,"[""Sunroof"", ""Custom rims""]"
1788125850,Hospital,OYU-1228,Maroon,Bus,[]
1788125880,Bookstore,VAP-5225,Silver,Hatchback,"[""Cracked windshield"", ""Tinted windows""]"
1788125910,Office Back Alley,LUG-7654,Black,Bus,"[""Bumper sticker""]"
1788125940,Bookstore,RQA-7745,Red,Motorcycle,"[""Sunroof""]"
1788125970,Bookstore,EJJ-5605,Red,Bus,"[""Tinted windows"", ""Aftermarket exhaust""]"
1788126000,Office Back Alley,UJS-4783,Red,Bus,"[""Spoiler""]"
1788126000,Bookstore,ZNI-4355,Blue,Coupe,[]
1788126120,Hospital,IUT-7188,Gray,Bus,"[""Sunroof""]"
1788126120,Bookstore,QDH-4925,Red,Van,[]
1788126120,Bookstore,ZNI-4355,Blue,Coupe,[]
1788126150,Bookstore,CIU-8112,Maroon,Bus,"[""Dented rear bumper"", ""Tow hitch""]"
1788126150,Office Back Alley,BPU-4332,White,Motorcycle,[]
1788126210,Office Back Alley,VJM-7944,Beige,Sedan,[]
1788126240,Office Back Alley,YTG-6287,Green,Coupe,"[""Bumper sticker"", ""Tow hitch""]"
1788126270,Bookstore,BGW-3337,Silver,Bus,"[""Bumper sticker""]"
1788126300,Office Back Alley,OGN-4489,Black,Pickup Truck,"[""Aftermarket exhaust"", ""Custom rims""]"
1788126300,Hospital,IRY-6538,Gold,Coupe,"[""Sunroof"", ""Custom rims""]"
1788126360,Office Back Alley,EVV-3567,Blue,SUV,"[""Aftermarket exhaust""]"
1788126390,Office Back Alley,BPU-4332,White,Motorcycle,[]
1788126420,Office Back Alley,HUK-4229,White,Coupe,"[""Tinted windows""]"
1788126420,Office Back Alley,EHW-3879,Maroon,Coupe,[]
1788126540,Office Back Alley,LXQ-7888,Black,Van,[]
1788126540,Office Back Alley,HQY-7996,Maroon,Motorcycle,[]
1788126570,Bookstore,DYT-5541,Maroon,Hatchback,[]
1788126570,Office Back Alley,VJM-7944,Beige,Sedan,[]
1788126630,Hospital,BLF-4771,Gray,Sedan,[]
1788126660,Bookstore,VQJ-3851,Beige,Hatchback,[]
1788126690,Office Back Alley,TXI-5471,White,Pickup Truck,[]
1788126720,Office Back Alley,VKM-8657,Blue,Sedan,"[""Custom rims""]"
1788126780,Bookstore,IMH-7658,Gray,Hatchback,"[""Tinted windows""]"
1788126780,Bookstore,RRC-4766,Blue,Coupe,"[""Tinted windows"", ""Tow hitch""]"
1788126900,Office Back Alley,NYF-1596,Silver,Pickup Truck,"[""Bumper sticker""]"
1788126960,Hospital,QLL-8894,Black,Coupe,"[""Spoiler"", ""Bumper sticker""]"
1788126960,Bookstore,HYS-9092,Gray,Coupe,"[""Roof rack"", ""Dented rear bumper""]"
1788126960,Bookstore,DOP-3475,Silver,SUV,[]
1788126960,Office Back Alley,EUA-8367,Gold,Motorcycle,"[""Ladder rack""]"
1788126960,Office Back Alley,KES-9323,Maroon,Bus,"[""Spoiler"", ""Missing hubcap""]"
1788126990,Bookstore,EQL-6876,Green,Bus,"[""Cracked windshield""]"
1788126990,Office Back Alley,KOE-4072,Beige,Pickup Truck,[]
1788127080,Bookstore,RRC-4766,Blue,Coupe,"[""Tinted windows"", ""Tow hitch""]"
1788127080,Office Back Alley,QDH-4925,Red,Van,[]
1788127140,Hospital,ZYZ-1012,Beige,Motorcycle,"[""Spoiler""]"
1788127170,Hospital,VDV-4194,White,Coupe,[]
1788127200,Hospital,NKO-5227,Gray,Motorcycle,"[""Roof rack""]"
1788127200,Office Back Alley,FYR-2853,Gold,SUV,"[""Missing hubcap"", ""Aftermarket exhaust""]"
1788127200,Bookstore,CZA-9416,Black,Bus,[]
1788127230,Office Back Alley,OGN-4489,Black,Pickup Truck,"[""Aftermarket exhaust"", ""Custom rims""]"
1788127260,Hospital,BPU-4332,White,Motorcycle,[]
1788127320,Office Back Alley,EHW-3879,Maroon,Coupe,[]
1788127320,Office Back Alley,BPU-4332,White,Motorcycle,[]
1788127320,Office Back Alley,TQP-8061,Silver,Hatchback,"[""Tinted windows""]"
1788127350,Office Back Alley,ZGK-3461,Blue,Van,[]
1788127350,Hospital,XOW-5609,Gray,Sedan,"[""Sunroof"", ""Roof rack""]"
1788127350,Bookstore,RBG-4071,Blue,Bus,"[""Bumper sticker"", ""Ladder rack""]"
1788127380,Office Back Alley,RTJ-3423,Gold,Sedan,[]
1788127440,Bookstore,ROX-9271,Gray,Coupe,"[""Custom rims"", ""Roof rack""]"
1788127470,Office Back Alley,OYU-1228,Maroon,Bus,[]
1788127560,Office Back Alley,AIT-2702,Blue,Pickup Truck,"[""Dented rear bumper"", ""Tow hitch""]"
1788127620,Bookstore,NUN-3923,Silver,Motorcycle,"[""Roof rack"", ""Sunroof""]"
1788127620,Office Back Alley,LUG-7654,Black,Bus,"[""Bumper sticker""]"
1788127740,Bookstore,GEZ-2109,Red,Motorcycle,"[""Missing hubcap"", ""Dented rear bumper""]"
1788127800,Hospital,BPU-4332,White,Motorcycle,[]
1788127800,Bookstore,DYT-5541,Maroon,Hatchback,[]
1788127830,Office Back Alley,HQY-7996,Maroon,Motorcycle,[]
1788127860,Hospital,VJM-7944,Beige,Sedan,[]
1788127860,Hospital,OYU-1228,Maroon,Bus,[]
1788127860,Office Back Alley,ZNI-4355,Blue,Coupe,[]
1788128010,Office Back Alley,BGW-3337,Silver,Bus,"[""Bumper sticker""]"
1788128040,Bookstore,RQA-7745,Red,Motorcycle,"[""Sunroof""]"
1788128070,Bookstore,YTG-6287,Green,Coupe,"[""Bumper sticker"", ""Tow hitch""]"
1788128160,Bookstore,KES-9323,Maroon,Bus,"[""Spoiler"", ""Missing hubcap""]"
1788128160,Hospital,LXQ-7888,Black,Van,[]
1788128190,Bookstore,TBJ-5379,Green,Coupe,"[""Bumper sticker""]"
1788128220,Hospital,VJM-7944,Beige,Sedan,[]
1788128250,Office Back Alley,BLF-4771,Gray,Sedan,[]
1788128310,Hospital,TXI-5471,White,Pickup Truck,[]
1788128340,Office Back Alley,UJS-4783,Red,Bus,"[""Spoiler""]"
1788128370,Bookstore,TQP-8061,Silver,Hatchback,"[""Tinted windows""]"
1788128430,Hospital,OGN-4489,Black,Pickup Truck,"[""Aftermarket exhaust"", ""Custom rims""]"
1788128520,Office Back Alley,TQP-8061,Silver,Hatchback,"[""Tinted windows""]"
1788128550,Hospital,NYF-1596,Silver,Pickup Truck,"[""Bumper sticker""]"
1788128580,Bookstore,EJJ-5605,Red,Bus,"[""Tinted windows"", ""Aftermarket exhaust""]"
1788128610,Hospital,KOE-4072,Beige,Pickup Truck,[]
1788128640,Hospital,DYT-5541,Maroon,Hatchback,[]
1788128670,Bookstore,IRY-6538,Gold,Coupe,"[""Sunroof"", ""Custom rims""]"
1788128730,Office Back Alley,DOP-3475,Silver,SUV,[]
1788128790,Bookstore,EUA-8367,Gold,Motorcycle,"[""Ladder rack""]"
1788128820,Office Back Alley,NKO-5227,Gray,Motorcycle,"[""Roof rack""]"
1788128850,Hospital,OGN-4489,Black,Pickup Truck,"[""Aftermarket exhaust"", ""Custom rims""]"
1788128880,Office Back Alley,OYU-1228,Maroon,Bus,[]
1788128880,Office Back Alley,BGW-3337,Silver,Bus,"[""Bumper sticker""]"
1788128910,Office Back Alley,EVV-3567,Blue,SUV,"[""Aftermarket exhaust""]"
1788128970,Bookstore,NYF-1596,Silver,Pickup Truck,"[""Bumper sticker""]"
1788129000,Office Back Alley,RTJ-3423,Gold,Sedan,[]
1788129030,Bookstore,FYR-2853,Gold,SUV,"[""Missing hubcap"", ""Aftermarket exhaust""]"
1788129030,Bookstore,RRC-4766,Blue,Coupe,"[""Tinted windows"", ""Tow hitch""]"
1788129090,Bookstore,BPU-4332,White,Motorcycle,[]
1788129120,Bookstore,BLF-4771,Gray,Sedan,[]
1788129150,Bookstore,RRC-4766,Blue,Coupe,"[""Tinted windows"", ""Tow hitch""]"
1788129180,Bookstore,BPU-4332,White,Motorcycle,[]
1788129180,Office Back Alley,VKM-8657,Blue,Sedan,"[""Custom rims""]"
1788129180,Office Back Alley,ROX-9271,Gray,Coupe,"[""Custom rims"", ""Roof rack""]"
1788129210,Office Back Alley,KES-9323,Maroon,Bus,"[""Spoiler"", ""Missing hubcap""]"
1788129240,Hospital,LHA-6933,Gray,Bus,"[""Missing hubcap""]"
1788129390,Office Back Alley,QDH-4925,Red,Van,[]
1788129390,Office Back Alley,NUN-3923,Silver,Motorcycle,"[""Roof rack"", ""Sunroof""]"
1788129390,Bookstore,NVS-7383,Gold,Van,"[""Aftermarket exhaust"", ""Ladder rack""]"
1788129390,Bookstore,AIT-2702,Blue,Pickup Truck,"[""Dented rear bumper"", ""Tow hitch""]"
1788129450,Office Back Alley,ZGK-3461,Blue,Van,[]
1788129600,Bookstore,EQL-6876,Green,Bus,"[""Cracked windshield""]"
1788129600,Bookstore,HQY-7996,Maroon,Motorcycle,[]
1788129750,Bookstore,KNM-8888,Gray,Sedan,"[""Ladder rack"", ""Aftermarket exhaust""]"
1788129870,Hospital,FCH-7617,Maroon,Sedan,[]
1788129900,Bookstore,MDL-3261,Blue,Motorcycle,[]
1788129930,Bookstore,EUA-8367,Gold,Motorcycle,"[""Ladder rack""]"
1788129960,Office Back Alley,KES-9323,Maroon,Bus,"[""Spoiler"", ""Missing hubcap""]"
1788130020,Bookstore,IMH-7658,Gray,Hatchback,"[""Tinted windows""]"
1788130020,Bookstore,ZNI-4355,Blue,Coupe,[]
1788130050,Office Back Alley,OGN-4489,Black,Pickup Truck,"[""Aftermarket exhaust"", ""Custom rims""]"
1788130050,Bookstore,TQP-8061,Silver,Hatchback,"[""Tinted windows""]"
1788130140,Office Back Alley,TQP-8061,Silver,Hatchback,"[""Tinted windows""]"
1788130230,Bookstore,WNV-7840,Red,Motorcycle,"[""Bumper sticker""]"
1788130260,Office Back Alley,DOP-3475,Silver,SUV,[]
1788130260,Office Back Alley,DYT-5541,Maroon,Hatchback,[]
1788130290,Bookstore,TQP-8061,Silver,Hatchback,"[""Tinted windows""]"
1788130410,Bookstore,DOP-3475,Silver,SUV,[]
1788130560,Hospital,FCH-7617,Maroon,Sedan,[]
1788130620,Bookstore,VAP-5225,Silver,Hatchback,"[""Cracked windshield"", ""Tinted windows""]"
1788130620,Office Back Alley,NKO-5227,Gray,Motorcycle,"[""Roof rack""]"
1788130680,Bookstore,VQJ-3851,Beige,Hatchback,[]
1788130680,Bookstore,EVV-3567,Blue,SUV,"[""Aftermarket exhaust""]"
1788130710,Bookstore,QDH-4925,Red,Van,[]
1788130710,Bookstore,OYU-1228,Maroon,Bus,[]
1788130710,Office Back Alley,BLF-4771,Gray,Sedan,[]
1788130770,Office Back Alley,NYF-1596,Silver,Pickup Truck,"[""Bumper sticker""]"
1788130770,Bookstore,RTJ-3423,Gold,Sedan,[]
1788130800,Office Back Alley,KES-9323,Maroon,Bus,"[""Spoiler"", ""Missing hubcap""]"
1788130830,Bookstore,RRC-4766,Blue,Coupe,"[""Tinted windows"", ""Tow hitch""]"
1788130860,Hospital,QDH-4925,Red,Van,[]
1788130950,Office Back Alley,TQP-8061,Silver,Hatchback,"[""Tinted windows""]"
1788130950,Bookstore,VKM-8657,Blue,Sedan,"[""Custom rims""]"
1788130980,Hospital,IRY-6538,Gold,Coupe,"[""Sunroof"", ""Custom rims""]"
1788130980,Bookstore,WUB-4659,Black,Pickup Truck,"[""Sunroof""]"
1788131190,Office Back Alley,ROX-9271,Gray,Coupe,"[""Custom rims"", ""Roof rack""]"
1788131220,Bookstore,ZGK-3461,Blue,Van,[]
1788131370,Hospital,BTZ-5167,Silver,Coupe,[]
1788131400,Office Back Alley,NUN-3923,Silver,Motorcycle,"[""Roof rack"", ""Sunroof""]"
1788131430,Bookstore,BLF-4771,Gray,Sedan,[]
1788131550,Bookstore,BPU-4332,White,Motorcycle,[]
1788131730,Bookstore,TQP-8061,Silver,Hatchback,"[""Tinted windows""]"
1788131760,Hospital,FYR-2853,Gold,SUV,"[""Missing hubcap"", ""Aftermarket exhaust""]"
1788131790,Bookstore,BPU-4332,White,Motorcycle,[]
1788131850,Office Back Alley,OGN-4489,Black,Pickup Truck,"[""Aftermarket exhaust"", ""Custom rims""]"
1788131940,Hospital,IRY-6538,Gold,Coupe,"[""Sunroof"", ""Custom rims""]"
1788132030,Office Back Alley,DYT-5541,Maroon,Hatchback,[]
1788132030,Office Back Alley,WNV-7840,Red,Motorcycle,"[""Bumper sticker""]"
1788132090,Bookstore,DOP-3475,Silver,SUV,[]
1788132210,Office Back Alley,DOP-3475,Silver,SUV,[]
1788132240,Hospital,QLL-8894,Black,Coupe,"[""Spoiler"", ""Bumper sticker""]"
1788132330,Bookstore,BPU-4332,White,Motorcycle,[]
1788132450,Bookstore,RBG-4071,Blue,Bus,"[""Bumper sticker"", ""Ladder rack""]"
1788132510,Hospital,QLL-8894,Black,Coupe,"[""Spoiler"", ""Bumper sticker""]"
1788132570,Bookstore,KES-9323,Maroon,Bus,"[""Spoiler"", ""Missing hubcap""]"
1788132630,Bookstore,ZYZ-1012,Beige,Motorcycle,"[""Spoiler""]"
1788132660,Hospital,HYS-9092,Gray,Coupe,"[""Roof rack"", ""Dented rear bumper""]"
1788132780,Hospital,IMH-7658,Gray,Hatchback,"[""Tinted windows""]"
1788132810,Bookstore,AIT-2702,Blue,Pickup Truck,"[""Dented rear bumper"", ""Tow hitch""]"
1788132930,Office Back Alley,NYF-1596,Silver,Pickup Truck,"[""Bumper sticker""]"
1788132990,Hospital,ZNI-4355,Blue,Coupe,[]
1788132990,Bookstore,GEZ-2109,Red,Motorcycle,"[""Missing hubcap"", ""Dented rear bumper""]"
1788133080,Bookstore,BLF-4771,Gray,Sedan,[]
1788133200,Hospital,KOE-4072,Beige,Pickup Truck,[]
1788133320,Bookstore,OYU-1228,Maroon,Bus,[]
1788133350,Bookstore,EHW-3879,Maroon,Coupe,[]
1788133650,Bookstore,ZIG-1175,Black,Bus,[]
1788133710,Hospital,BPU-4332,White,Motorcycle,[]
1788133800,Office Back Alley,WNV-7840,Red,Motorcycle,"[""Bumper sticker""]"
1788133860,Office Back Alley,QLL-8894,Black,Coupe,"[""Spoiler"", ""Bumper sticker""]"
1788133950,Hospital,NYF-1596,Silver,Pickup Truck,"[""Bumper sticker""]"
1788134310,Bookstore,CIU-8112,Maroon,Bus,"[""Dented rear bumper"", ""Tow hitch""]"
1788134580,Office Back Alley,DOP-3475,Silver,SUV,[]
1788134610,Office Back Alley,ZNI-4355,Blue,Coupe,[]
1788134700,Bookstore,NYF-1596,Silver,Pickup Truck,"[""Bumper sticker""]"
1788134820,Office Back Alley,KOE-4072,Beige,Pickup Truck,[]
1788135150,Office Back Alley,EHW-3879,Maroon,Coupe,[]
1788135600,Bookstore,RRC-4766,Blue,Coupe,"[""Tinted windows"", ""Tow hitch""]"
1788137430,Bookstore,FYR-2853,Gold,SUV,"[""Missing hubcap"", ""Aftermarket exhaust""]"
1788156480,Hospital,IMH-7658,Gray,Hatchback,"[""Tinted windows""]"
1788156630,Hospital,HYS-9092,Gray,Coupe,"[""Roof rack"", ""Dented rear bumper""]"
1788157020,Hospital,DOP-3475,Silver,SUV,[]
1788157080,Hospital,IRY-6538,Gold,Coupe,"[""Sunroof"", ""Custom rims""]"
1788157200,Hospital,BLF-4771,Gray,Sedan,[]
1788157500,Hospital,ZNI-4355,Blue,Coupe,[]
1788157590,Hospital,KES-9323,Maroon,Bus,"[""Spoiler"", ""Missing hubcap""]"
1788157800,Office Back Alley,FCH-7617,Maroon,Sedan,[]
1788158070,Office Back Alley,WNV-7840,Red,Motorcycle,"[""Bumper sticker""]"
1788158130,Hospital,IRY-6538,Gold,Coupe,"[""Sunroof"", ""Custom rims""]"
1788158220,Hospital,EJJ-5605,Red,Bus,"[""Tinted windows"", ""Aftermarket exhaust""]"
1788158430,Office Back Alley,FYR-2853,Gold,SUV,"[""Missing hubcap"", ""Aftermarket exhaust""]"
1788158550,Office Back Alley,DYT-5541,Maroon,Hatchback,[]
1788158670,Office Back Alley,IRY-6538,Gold,Coupe,"[""Sunroof"", ""Custom rims""]"
1788158850,Office Back Alley,EHW-3879,Maroon,Coupe,[]
1788159000,Bookstore,TQP-8061,Silver,Hatchback,"[""Tinted windows""]"
1788159060,Bookstore,VJM-7944,Beige,Sedan,[]
1788159090,Bookstore,ABS-2643,Gold,Pickup Truck,"[""Tow hitch"", ""Missing hubcap""]"
1788159180,Bookstore,QDH-4925,Red,Van,[]
1788159180,Bookstore,CZA-9416,Black,Bus,[]
1788159300,Bookstore,ZGK-3461,Blue,Van,[]
1788159420,Bookstore,ZYZ-1012,Beige,Motorcycle,"[""Spoiler""]"
1788159510,Bookstore,VKM-8657,Blue,Sedan,"[""Custom rims""]"
1788159510,Bookstore,EHW-3879,Maroon,Coupe,[]
1788159570,Office Back Alley,FCH-7617,Maroon,Sedan,[]
1788159660,Bookstore,EUA-8367,Gold,Motorcycle,"[""Ladder rack""]"
1788159690,Bookstore,VJM-7944,Beige,Sedan,[]
1788159840,Bookstore,IMH-7658,Gray,Hatchback,"[""Tinted windows""]"
1788159870,Bookstore,ZNI-4355,Blue,Coupe,[]
1788159900,Bookstore,HQY-7996,Maroon,Motorcycle,[]
1788159990,Bookstore,HYS-9092,Gray,Coupe,"[""Roof rack"", ""Dented rear bumper""]"
1788160350,Office Back Alley,WNV-7840,Red,Motorcycle,"[""Bumper sticker""]"
1788160410,Office Back Alley,MDL-3261,Blue,Motorcycle,[]
1788160470,Bookstore,ZFD-3277,Green,Hatchback,"[""Bumper sticker"", ""Missing hubcap""]"
1788160500,Hospital,LXQ-7888,Black,Van,[]
1788160560,Office Back Alley,KOE-4072,Beige,Pickup Truck,[]
1788160590,Bookstore,EHW-3879,Maroon,Coupe,[]
1788160620,Bookstore,TXI-5471,White,Pickup Truck,[]
1788160650,Bookstore,RQA-7745,Red,Motorcycle,"[""Sunroof""]"
1788160680,Bookstore,OGN-4489,Black,Pickup Truck,"[""Aftermarket exhaust"", ""Custom rims""]"
1788160680,Bookstore,FHL-3560,Silver,Van,[]
1788160680,Office Back Alley,CZA-9416,Black,Bus,[]
1788160710,Bookstore,TQP-8061,Silver,Hatchback,"[""Tinted windows""]"
1788160770,Bookstore,OYU-1228,Maroon,Bus,[]
1788160770,Office Back Alley,IRY-6538,Gold,Coupe,"[""Sunroof"", ""Custom rims""]"
1788160800,Bookstore,RRT-3341,Red,Sedan,"[""Tinted windows"", ""Dented rear bumper""]"
1788160800,Bookstore,EQL-6876,Green,Bus,"[""Cracked windshield""]"
1788160830,Bookstore,EWE-8741,Blue,Bus,"[""Custom rims""]"
1788160860,Bookstore,YJG-1440,Black,Sedan,"[""Tinted windows"", ""Bumper sticker""]"
1788160860,Office Back Alley,FYR-2853,Gold,SUV,"[""Missing hubcap"", ""Aftermarket exhaust""]"
1788160890,Office Back Alley,NUN-3923,Silver,Motorcycle,"[""Roof rack"", ""Sunroof""]"
1788160920,Office Back Alley,ZNI-4355,Blue,Coupe,[]
1788160950,Office Back Alley,KNM-8888,Gray,Sedan,"[""Ladder rack"", ""Aftermarket exhaust""]"
1788160980,Office Back Alley,QDH-4925,Red,Van,[]
1788160980,Office Back Alley,CZA-9416,Black,Bus,[]
1788161010,Bookstore,OYU-1228,Maroon,Bus,[]
1788161070,Office Back Alley,DYT-5541,Maroon,Hatchback,[]
1788161100,Bookstore,AIT-2702,Blue,Pickup Truck,"[""Dented rear bumper"", ""Tow hitch""]"
1788161220,Bookstore,DOP-3475,Silver,SUV,[]
1788161310,Bookstore,IMH-7658,Gray,Hatchback,"[""Tinted windows""]"
1788161310,Office Back Alley,VDV-4194,White,Coupe,[]
1788161340,Bookstore,RBG-4071,Blue,Bus,"[""Bumper sticker"", ""Ladder rack""]"
1788161430,Office Back Alley,VAP-5225,Silver,Hatchback,"[""Cracked windshield"", ""Tinted windows""]"
1788161460,Office Back Alley,EUA-8367,Gold,Motorcycle,"[""Ladder rack""]"
1788161490,Office Back Alley,VJM-7944,Beige,Sedan,[]
1788161550,Hospital,YTG-6287,Green,Coupe,"[""Bumper sticker"", ""Tow hitch""]"
1788161610,Bookstore,RRC-4766,Blue,Coupe,"[""Tinted windows"", ""Tow hitch""]"
1788161640,Bookstore,EYH-6407,Black,Bus,"[""Custom rims"", ""Tinted windows""]"
1788161670,Bookstore,UHR-2612,White,Pickup Truck,[]
1788161670,Office Back Alley,HQY-7996,Maroon,Motorcycle,[]
1788161670,Office Back Alley,ZNI-4355,Blue,Coupe,[]
1788161700,Bookstore,DYT-5541,Maroon,Hatchback,[]
1788161910,Bookstore,OGN-4489,Black,Pickup Truck,"[""Aftermarket exhaust"", ""Custom rims""]"
1788161910,Hospital,KES-9323,Maroon,Bus,"[""Spoiler"", ""Missing hubcap""]"
1788161970,Hospital,WNV-7840,Red,Motorcycle,"[""Bumper sticker""]"
1788162060,Bookstore,HQY-7996,Maroon,Motorcycle,[]
1788162060,Office Back Alley,FYR-2853,Gold,SUV,"[""Missing hubcap"", ""Aftermarket exhaust""]"
1788162090,Office Back Alley,FCH-7617,Maroon,Sedan,[]
1788162090,Bookstore,AIT-2702,Blue,Pickup Truck,"[""Dented rear bumper"", ""Tow hitch""]"
1788162090,Bookstore,TBJ-5379,Green,Coupe,"[""Bumper sticker""]"
1788162120,Bookstore,BLF-4771,Gray,Sedan,[]
1788162120,Office Back Alley,LXQ-7888,Black,Van,[]
1788162150,Bookstore,HUK-4229,White,Coupe,"[""Tinted windows""]"
1788162210,Bookstore,TML-3408,Red,Motorcycle,"[""Spoiler"", ""Custom rims""]"
1788162210,Bookstore,LUG-7654,Black,Bus,"[""Bumper sticker""]"
1788162270,Office Back Alley,ZFD-3277,Green,Hatchback,"[""Bumper sticker"", ""Missing hubcap""]"
1788162300,Hospital,CZA-9416,Black,Bus,[]
1788162360,Bookstore,ZNI-4355,Blue,Coupe,[]
1788162390,Hospital,IRY-6538,Gold,Coupe,"[""Sunroof"", ""Custom rims""]"
1788162420,Bookstore,QLL-8894,Black,Coupe,"[""Spoiler"", ""Bumper sticker""]"
1788162420,Office Back Alley,TXI-5471,White,Pickup Truck,[]
1788162450,Office Back Alley,RQA-7745,Red,Motorcycle,"[""Sunroof""]"
1788162450,Bookstore,OYU-1228,Maroon,Bus,[]
1788162480,Office Back Alley,FHL-3560,Silver,Van,[]
1788162510,Hospital,NUN-3923,Silver,Motorcycle,"[""Roof rack"", ""Sunroof""]"
1788162510,Office Back Alley,EUA-8367,Gold,Motorcycle,"[""Ladder rack""]"
1788162510,Office Back Alley,TQP-8061,Silver,Hatchback,"[""Tinted windows""]"
1788162540,Hospital,ZNI-4355,Blue,Coupe,[]
1788162540,Bookstore,BPU-4332,White,Motorcycle,[]
1788162540,Office Back Alley,MDL-3261,Blue,Motorcycle,[]
1788162570,Hospital,KNM-8888,Gray,Sedan,"[""Ladder rack"", ""Aftermarket exhaust""]"
1788162600,Bookstore,BGW-3337,Silver,Bus,"[""Bumper sticker""]"
1788162630,Office Back Alley,KOE-4072,Beige,Pickup Truck,[]
1788162630,Office Back Alley,EWE-8741,Blue,Bus,"[""Custom rims""]"
1788162660,Office Back Alley,YJG-1440,Black,Sedan,"[""Tinted windows"", ""Bumper sticker""]"
1788162780,Office Back Alley,VJM-7944,Beige,Sedan,[]
1788162840,Bookstore,DYT-5541,Maroon,Hatchback,[]
1788162870,Bookstore,VKM-8657,Blue,Sedan,"[""Custom rims""]"
1788162900,Bookstore,NYF-1596,Silver,Pickup Truck,"[""Bumper sticker""]"
1788162900,Office Back Alley,AIT-2702,Blue,Pickup Truck,"[""Dented rear bumper"", ""Tow hitch""]"
1788162930,Hospital,VDV-4194,White,Coupe,[]
1788162960,Bookstore,OGN-4489,Black,Pickup Truck,"[""Aftermarket exhaust"", ""Custom rims""]"
1788163020,Office Back Alley,DOP-3475,Silver,SUV,[]
1788163050,Hospital,VAP-5225,Silver,Hatchback,"[""Cracked windshield"", ""Tinted windows""]"
1788163110,Office Back Alley,IMH-7658,Gray,Hatchback,"[""Tinted windows""]"
1788163140,Office Back Alley,RBG-4071,Blue,Bus,"[""Bumper sticker"", ""Ladder rack""]"
1788163200,Hospital,HQY-7996,Maroon,Motorcycle,[]
1788163290,Office Back Alley,QDH-4925,Red,Van,[]
1788163320,Bookstore,TQP-8061,Silver,Hatchback,"[""Tinted windows""]"
1788163320,Hospital,BPU-4332,White,Motorcycle,[]
1788163410,Office Back Alley,RRC-4766,Blue,Coupe,"[""Tinted windows"", ""Tow hitch""]"
1788163440,Office Back Alley,TXI-5471,White,Pickup Truck,[]
1788163440,Office Back Alley,EWE-8741,Blue,Bus,"[""Custom rims""]"
1788163470,Office Back Alley,UHR-2612,White,Pickup Truck,[]
1788163470,Bookstore,IUT-7188,Gray,Bus,"[""Sunroof""]"
1788163500,Office Back Alley,CZA-9416,Black,Bus,[]
1788163530,Office Back Alley,KES-9323,Maroon,Bus,"[""Spoiler"", ""Missing hubcap""]"
1788163590,Office Back Alley,ZNI-4355,Blue,Coupe,[]
1788163620,Bookstore,EJJ-5605,Red,Bus,"[""Tinted windows"", ""Aftermarket exhaust""]"
1788163650,Office Back Alley,KOE-4072,Beige,Pickup Truck,[]
1788163680,Office Back Alley,VJM-7944,Beige,Sedan,[]
1788163710,Office Back Alley,OGN-4489,Black,Pickup Truck,"[""Aftermarket exhaust"", ""Custom rims""]"
1788163740,Office Back Alley,HQY-7996,Maroon,Motorcycle,[]
1788163800,Bookstore,BPU-4332,White,Motorcycle,[]
1788163800,Bookstore,ZYZ-1012,Beige,Motorcycle,"[""Spoiler""]"
1788163830,Office Back Alley,HQY-7996,Maroon,Motorcycle,[]
1788163860,Bookstore,LUG-7654,Black,Bus,"[""Bumper sticker""]"
1788163890,Office Back Alley,ZFD-3277,Green,Hatchback,"[""Bumper sticker"", ""Missing hubcap""]"
1788163890,Bookstore,FYR-2853,Gold,SUV,"[""Missing hubcap"", ""Aftermarket exhaust""]"
1788163920,Bookstore,FCH-7617,Maroon,Sedan,[]
1788163950,Bookstore,ABS-2643,Gold,Pickup Truck,"[""Tow hitch"", ""Missing hubcap""]"
1788164010,Office Back Alley,GEZ-2109,Red,Motorcycle,"[""Missing hubcap"", ""Dented rear bumper""]"
1788164040,Bookstore,LHA-6933,Gray,Bus,"[""Missing hubcap""]"
1788164100,Bookstore,ZGK-3461,Blue,Van,[]
1788164130,Office Back Alley,ZNI-4355,Blue,Coupe,[]
1788164280,Bookstore,EVV-3567,Blue,SUV,"[""Aftermarket exhaust""]"
1788164280,Office Back Alley,AIT-2702,Blue,Pickup Truck,"[""Dented rear bumper"", ""Tow hitch""]"
1788164280,Office Back Alley,RRC-4766,Blue,Coupe,"[""Tinted windows"", ""Tow hitch""]"
1788164310,Bookstore,EYH-6407,Black,Bus,"[""Custom rims"", ""Tinted windows""]"
1788164310,Bookstore,MDL-3261,Blue,Motorcycle,[]
1788164310,Bookstore,BLF-4771,Gray,Sedan,[]
1788164340,Bookstore,EHW-3879,Maroon,Coupe,[]
1788164370,Office Back Alley,TQP-8061,Silver,Hatchback,"[""Tinted windows""]"
1788164460,Office Back Alley,LXQ-7888,Black,Van,[]
1788164490,Office Back Alley,NKO-5227,Gray,Motorcycle,"[""Roof rack""]"
1788164520,Bookstore,TBJ-5379,Green,Coupe,"[""Bumper sticker""]"
1788164580,Office Back Alley,DOP-3475,Silver,SUV,[]
1788164610,Office Back Alley,VKM-8657,Blue,Sedan,"[""Custom rims""]"
1788164670,Office Back Alley,TQP-8061,Silver,Hatchback,"[""Tinted windows""]"
1788164670,Office Back Alley,VJM-7944,Beige,Sedan,[]
1788164700,Bookstore,ROX-9271,Gray,Coupe,"[""Custom rims"", ""Roof rack""]"
1788164700,Office Back Alley,OGN-4489,Black,Pickup Truck,"[""Aftermarket exhaust"", ""Custom rims""]"
1788164700,Office Back Alley,CIU-8112,Maroon,Bus,"[""Dented rear bumper"", ""Tow hitch""]"
1788164730,Office Back Alley,FHL-3560,Silver,Van,[]
1788164730,Office Back Alley,YJG-1440,Black,Sedan,"[""Tinted windows"", ""Bumper sticker""]"
1788164730,Office Back Alley,RRC-4766,Blue,Coupe,"[""Tinted windows"", ""Tow hitch""]"
1788164760,Office Back Alley,RQA-7745,Red,Motorcycle,"[""Sunroof""]"
1788164820,Office Back Alley,HQY-7996,Maroon,Motorcycle,[]
1788164850,Bookstore,FYR-2853,Gold,SUV,"[""Missing hubcap"", ""Aftermarket exhaust""]"
1788164850,Bookstore,RRC-4766,Blue,Coupe,"[""Tinted windows"", ""Tow hitch""]"
1788164850,Hospital,WUB-4659,Black,Pickup Truck,"[""Sunroof""]"
1788164880,Bookstore,ZYZ-1012,Beige,Motorcycle,"[""Spoiler""]"
1788164910,Bookstore,UJS-4783,Red,Bus,"[""Spoiler""]"
1788164940,Office Back Alley,UHR-2612,White,Pickup Truck,[]
1788164940,Office Back Alley,EUA-8367,Gold,Motorcycle,"[""Ladder rack""]"
1788164940,Office Back Alley,BPU-4332,White,Motorcycle,[]
1788164940,Bookstore,HYS-9092,Gray,Coupe,"[""Roof rack"", ""Dented rear bumper""]"
1788164940,Bookstore,BPU-4332,White,Motorcycle,[]
1788164970,Bookstore,BLF-4771,Gray,Sedan,[]
1788165000,Office Back Alley,RBG-4071,Blue,Bus,"[""Bumper sticker"", ""Ladder rack""]"
1788165000,Office Back Alley,IRY-6538,Gold,Coupe,"[""Sunroof"", ""Custom rims""]"
1788165060,Hospital,EWE-8741,Blue,Bus,"[""Custom rims""]"
1788165120,Bookstore,BPU-4332,White,Motorcycle,[]
1788165120,Office Back Alley,BTZ-5167,Silver,Coupe,[]
1788165180,Bookstore,ZIG-1175,Black,Bus,[]
1788165210,Bookstore,TXI-5471,White,Pickup Truck,[]
1788165270,Office Back Alley,IUT-7188,Gray,Bus,"[""Sunroof""]"
1788165330,Bookstore,ZGK-3461,Blue,Van,[]
1788165390,Office Back Alley,EJJ-5605,Red,Bus,"[""Tinted windows"", ""Aftermarket exhaust""]"
1788165420,Office Back Alley,NKO-5227,Gray,Motorcycle,"[""Roof rack""]"
1788165450,Bookstore,KES-9323,Maroon,Bus,"[""Spoiler"", ""Missing hubcap""]"
1788165480,Office Back Alley,IMH-7658,Gray,Hatchback,"[""Tinted windows""]"
1788165540,Office Back Alley,KES-9323,Maroon,Bus,"[""Spoiler"", ""Missing hubcap""]"
1788165540,Office Back Alley,RRC-4766,Blue,Coupe,"[""Tinted windows"", ""Tow hitch""]"
1788165540,Office Back Alley,BPU-4332,White,Motorcycle,[]
1788165600,Bookstore,MDL-3261,Blue,Motorcycle,[]
1788165600,Office Back Alley,GEZ-2109,Red,Motorcycle,"[""Missing hubcap"", ""Dented rear bumper""]"
1788165600,Office Back Alley,LUG-7654,Black,Bus,"[""Bumper sticker""]"
1788165660,Bookstore,OGN-4489,Black,Pickup Truck,"[""Aftermarket exhaust"", ""Custom rims""]"
1788165690,Hospital,QDH-4925,Red,Van,[]
1788165690,Office Back Alley,ZNI-4355,Blue,Coupe,[]
1788165720,Bookstore,BGW-3337,Silver,Bus,"[""Bumper sticker""]"
1788165720,Office Back Alley,TQP-8061,Silver,Hatchback,"[""Tinted windows""]"
1788165750,Hospital,RRC-4766,Blue,Coupe,"[""Tinted windows"", ""Tow hitch""]"
1788165750,Office Back Alley,VKM-8657,Blue,Sedan,"[""Custom rims""]"
1788165780,Office Back Alley,HQY-7996,Maroon,Motorcycle,[]
1788165810,Office Back Alley,OGN-4489,Black,Pickup Truck,"[""Aftermarket exhaust"", ""Custom rims""]"
1788165840,Hospital,NYF-1596,Silver,Pickup Truck,"[""Bumper sticker""]"
1788165870,Bookstore,OYU-1228,Maroon,Bus,[]
1788165900,Hospital,AIT-2702,Blue,Pickup Truck,"[""Dented rear bumper"", ""Tow hitch""]"
1788166020,Hospital,QDH-4925,Red,Van,[]
1788166020,Bookstore,FYR-2853,Gold,SUV,"[""Missing hubcap"", ""Aftermarket exhaust""]"
1788166020,Bookstore,YTG-6287,Green,Coupe,"[""Bumper sticker"", ""Tow hitch""]"
1788166110,Hospital,BLF-4771,Gray,Sedan,[]
1788166110,Office Back Alley,EHW-3879,Maroon,Coupe,[]
1788166170,Office Back Alley,OGN-4489,Black,Pickup Truck,"[""Aftermarket exhaust"", ""Custom rims""]"
1788166200,Bookstore,EQL-6876,Green,Bus,"[""Cracked windshield""]"
1788166230,Hospital,WNV-7840,Red,Motorcycle,"[""Bumper sticker""]"
1788166260,Hospital,OYU-1228,Maroon,Bus,[]
1788166350,Hospital,FHL-3560,Silver,Van,[]
1788166350,Hospital,YJG-1440,Black,Sedan,"[""Tinted windows"", ""Bumper sticker""]"
1788166350,Hospital,QLL-8894,Black,Coupe,"[""Spoiler"", ""Bumper sticker""]"
1788166350,Bookstore,IMH-7658,Gray,Hatchback,"[""Tinted windows""]"
1788166410,Bookstore,QDH-4925,Red,Van,[]
1788166440,Hospital,CZA-9416,Black,Bus,[]
1788166440,Office Back Alley,RRC-4766,Blue,Coupe,"[""Tinted windows"", ""Tow hitch""]"
1788166440,Office Back Alley,RRC-4766,Blue,Coupe,"[""Tinted windows"", ""Tow hitch""]"
1788166440,Bookstore,BPU-4332,White,Motorcycle,[]
1788166470,Office Back Alley,WUB-4659,Black,Pickup Truck,"[""Sunroof""]"
1788166470,Bookstore,DYT-5541,Maroon,Hatchback,[]
1788166530,Office Back Alley,FCH-7617,Maroon,Sedan,[]
1788166620,Hospital,IRY-6538,Gold,Coupe,"[""Sunroof"", ""Custom rims""]"
1788166650,Office Back Alley,BPU-4332,White,Motorcycle,[]
1788166710,Office Back Alley,HYS-9092,Gray,Coupe,"[""Roof rack"", ""Dented rear bumper""]"
1788166740,Bookstore,ROX-9271,Gray,Coupe,"[""Custom rims"", ""Roof rack""]"
1788166740,Bookstore,EQL-6876,Green,Bus,"[""Cracked windshield""]"
1788166740,Office Back Alley,IRY-6538,Gold,Coupe,"[""Sunroof"", ""Custom rims""]"
1788166890,Hospital,VDV-4194,White,Coupe,[]
1788166890,Bookstore,EVV-3567,Blue,SUV,"[""Aftermarket exhaust""]"
1788167010,Office Back Alley,CIU-8112,Maroon,Bus,"[""Dented rear bumper"", ""Tow hitch""]"
1788167100,Office Back Alley,EHW-3879,Maroon,Coupe,[]
1788167160,Hospital,KES-9323,Maroon,Bus,"[""Spoiler"", ""Missing hubcap""]"
1788167160,Hospital,RRC-4766,Blue,Coupe,"[""Tinted windows"", ""Tow hitch""]"
1788167160,Office Back Alley,BTZ-5167,Silver,Coupe,[]
1788167220,Office Back Alley,HQY-7996,Maroon,Motorcycle,[]
1788167220,Office Back Alley,KES-9323,Maroon,Bus,"[""Spoiler"", ""Missing hubcap""]"
1788167310,Bookstore,IMH-7658,Gray,Hatchback,"[""Tinted windows""]"
1788167310,Office Back Alley,LHA-6933,Gray,Bus,"[""Missing hubcap""]"
1788167340,Hospital,ZNI-4355,Blue,Coupe,[]
1788167340,Bookstore,TML-3408,Red,Motorcycle,"[""Spoiler"", ""Custom rims""]"
1788167370,Bookstore,DYT-5541,Maroon,Hatchback,[]
1788167400,Hospital,HQY-7996,Maroon,Motorcycle,[]
1788167430,Bookstore,QLL-8894,Black,Coupe,"[""Spoiler"", ""Bumper sticker""]"
1788167430,Bookstore,DOP-3475,Silver,SUV,[]
1788167430,Office Back Alley,IUT-7188,Gray,Bus,"[""Sunroof""]"
1788167490,Bookstore,FCH-7617,Maroon,Sedan,[]
1788167520,Bookstore,RTJ-3423,Gold,Sedan,[]
1788167640,Office Back Alley,OYU-1228,Maroon,Bus,[]
1788167760,Office Back Alley,HYS-9092,Gray,Coupe,"[""Roof rack"", ""Dented rear bumper""]"
1788167850,Office Back Alley,EJJ-5605,Red,Bus,"[""Tinted windows"", ""Aftermarket exhaust""]"
1788167850,Office Back Alley,WNV-7840,Red,Motorcycle,"[""Bumper sticker""]"
1788167850,Bookstore,ABS-2643,Gold,Pickup Truck,"[""Tow hitch"", ""Missing hubcap""]"
1788167850,Bookstore,BPU-4332,White,Motorcycle,[]
1788167880,Office Back Alley,OYU-1228,Maroon,Bus,[]
1788167970,Office Back Alley,EQL-6876,Green,Bus,"[""Cracked windshield""]"
1788168000,Hospital,IRY-6538,Gold,Coupe,"[""Sunroof"", ""Custom rims""]"
1788168000,Hospital,ZNI-4355,Blue,Coupe,[]
1788168180,Office Back Alley,BPU-4332,White,Motorcycle,[]
1788168240,Hospital,NVS-7383,Gold,Van,"[""Aftermarket exhaust"", ""Ladder rack""]"
1788168240,Office Back Alley,WUB-4659,Black,Pickup Truck,"[""Sunroof""]"
1788168270,Hospital,BPU-4332,White,Motorcycle,[]
1788168270,Bookstore,NYF-1596,Silver,Pickup Truck,"[""Bumper sticker""]"
1788168450,Bookstore,OGN-4489,Black,Pickup Truck,"[""Aftermarket exhaust"", ""Custom rims""]"
1788168480,Office Back Alley,ROX-9271,Gray,Coupe,"[""Custom rims"", ""Roof rack""]"
1788168510,Office Back Alley,VDV-4194,White,Coupe,[]
1788168510,Hospital,KNM-8888,Gray,Sedan,"[""Ladder rack"", ""Aftermarket exhaust""]"
1788168540,Office Back Alley,EQL-6876,Green,Bus,"[""Cracked windshield""]"
1788168630,Office Back Alley,EVV-3567,Blue,SUV,"[""Aftermarket exhaust""]"
1788168750,Hospital,EHW-3879,Maroon,Coupe,[]
1788168930,Hospital,LHA-6933,Gray,Bus,"[""Missing hubcap""]"
1788169140,Office Back Alley,DYT-5541,Maroon,Hatchback,[]
1788169140,Hospital,EHW-3879,Maroon,Coupe,[]
1788169170,Bookstore,BLF-4771,Gray,Sedan,[]
1788169200,Office Back Alley,QLL-8894,Black,Coupe,"[""Spoiler"", ""Bumper sticker""]"
1788169590,Hospital,EQL-6876,Green,Bus,"[""Cracked windshield""]"
1788169590,Bookstore,HYS-9092,Gray,Coupe,"[""Roof rack"", ""Dented rear bumper""]"
1788169620,Office Back Alley,BPU-4332,White,Motorcycle,[]
1788169620,Bookstore,EJJ-5605,Red,Bus,"[""Tinted windows"", ""Aftermarket exhaust""]"
1788169830,Hospital,BPU-4332,White,Motorcycle,[]
1788169950,Office Back Alley,EQL-6876,Green,Bus,"[""Cracked windshield""]"
1788170070,Bookstore,ZIG-1175,Black,Bus,[]
1788170130,Office Back Alley,KNM-8888,Gray,Sedan,"[""Ladder rack"", ""Aftermarket exhaust""]"
1788170190,Bookstore,UJS-4783,Red,Bus,"[""Spoiler""]"
1788170220,Office Back Alley,OGN-4489,Black,Pickup Truck,"[""Aftermarket exhaust"", ""Custom rims""]"
1788170280,Hospital,EVV-3567,Blue,SUV,"[""Aftermarket exhaust""]"
1788170340,Hospital,NYF-1596,Silver,Pickup Truck,"[""Bumper sticker""]"
1788170460,Bookstore,OYU-1228,Maroon,Bus,[]
1788170580,Hospital,QDH-4925,Red,Van,[]
1788170760,Bookstore,DYT-5541,Maroon,Hatchback,[]
1788170760,Hospital,RRC-4766,Blue,Coupe,"[""Tinted windows"", ""Tow hitch""]"
1788170760,Hospital,DYT-5541,Maroon,Hatchback,[]
1788171240,Hospital,QDH-4925,Red,Van,[]
1788171810,Hospital,BLF-4771,Gray,Sedan,[]
1788171840,Office Back Alley,ZIG-1175,Black,Bus,[]
1788171960,Office Back Alley,NYF-1596,Silver,Pickup Truck,"[""Bumper sticker""]"
1788171960,Office Back Alley,UJS-4783,Red,Bus,"[""Spoiler""]"
1788171990,Hospital,QLL-8894,Black,Coupe,"[""Spoiler"", ""Bumper sticker""]"
1788172200,Office Back Alley,QDH-4925,Red,Van,[]
1788172380,Office Back Alley,RRC-4766,Blue,Coupe,"[""Tinted windows"", ""Tow hitch""]"
1788172800,Bookstore,RRC-4766,Blue,Coupe,"[""Tinted windows"", ""Tow hitch""]"
1788173430,Office Back Alley,BLF-4771,Gray,Sedan,[]
1788173610,Office Back Alley,QLL-8894,Black,Coupe,"[""Spoiler"", ""Bumper sticker""]"
1788173910,Bookstore,FYR-2853,Gold,SUV,"[""Missing hubcap"", ""Aftermarket exhaust""]"
1788174600,Office Back Alley,RRC-4766,Blue,Coupe,"[""Tinted windows"", ""Tow hitch""]"
1788195960,Hospital,ZNI-4355,Blue,Coupe,[]
1788195990,Office Back Alley,KES-9323,Maroon,Bus,"[""Spoiler"", ""Missing hubcap""]"
1788196110,Hospital,IRY-6538,Gold,Coupe,"[""Sunroof"", ""Custom rims""]"
1788196200,Office Back Alley,IUT-7188,Gray,Bus,"[""Sunroof""]"
1788196200,Hospital,EHW-3879,Maroon,Coupe,[]
1788196530,Office Back Alley,WNV-7840,Red,Motorcycle,"[""Bumper sticker""]"
1788196530,Office Back Alley,BGW-3337,Silver,Bus,"[""Bumper sticker""]"
1788196620,Hospital,IRY-6538,Gold,Coupe,"[""Sunroof"", ""Custom rims""]"
1788196680,Office Back Alley,CZA-9416,Black,Bus,[]
1788196860,Bookstore,IMH-7658,Gray,Hatchback,"[""Tinted windows""]"
1788196890,Bookstore,HYS-9092,Gray,Coupe,"[""Roof rack"", ""Dented rear bumper""]"
1788196920,Office Back Alley,ZNI-4355,Blue,Coupe,[]
1788196950,Hospital,HQY-7996,Maroon,Motorcycle,[]
1788196980,Office Back Alley,EYH-6407,Black,Bus,"[""Custom rims"", ""Tinted windows""]"
1788197100,Office Back Alley,DYT-5541,Maroon,Hatchback,[]
1788197160,Hospital,EWE-8741,Blue,Bus,"[""Custom rims""]"
1788197220,Hospital,RRC-4766,Blue,Coupe,"[""Tinted windows"", ""Tow hitch""]"
1788197220,Hospital,KES-9323,Maroon,Bus,"[""Spoiler"", ""Missing hubcap""]"
1788197250,Hospital,BPU-4332,White,Motorcycle,[]
1788197280,Hospital,DYT-5541,Maroon,Hatchback,[]
1788197280,Bookstore,FYR-2853,Gold,SUV,"[""Missing hubcap"", ""Aftermarket exhaust""]"
1788197340,Bookstore,IMH-7658,Gray,Hatchback,"[""Tinted windows""]"
1788197340,Office Back Alley,BTZ-5167,Silver,Coupe,[]
1788197370,Office Back Alley,RRC-4766,Blue,Coupe,"[""Tinted windows"", ""Tow hitch""]"
1788197370,Office Back Alley,OGN-4489,Black,Pickup Truck,"[""Aftermarket exhaust"", ""Custom rims""]"
1788197400,Hospital,EQL-6876,Green,Bus,"[""Cracked windshield""]"
1788197490,Bookstore,FCH-7617,Maroon,Sedan,[]
1788197490,Office Back Alley,DOP-3475,Silver,SUV,[]
1788197520,Bookstore,QDH-4925,Red,Van,[]
1788197610,Hospital,EVV-3567,Blue,SUV,"[""Aftermarket exhaust""]"
1788197640,Office Back Alley,QDH-4925,Red,Van,[]
1788197640,Office Back Alley,KOE-4072,Beige,Pickup Truck,[]
1788197730,Hospital,LHA-6933,Gray,Bus,"[""Missing hubcap""]"
1788197730,Office Back Alley,IUT-7188,Gray,Bus,"[""Sunroof""]"
1788197730,Office Back Alley,IRY-6538,Gold,Coupe,"[""Sunroof"", ""Custom rims""]"
1788197760,Office Back Alley,VDV-4194,White,Coupe,[]
1788197790,Office Back Alley,QLL-8894,Black,Coupe,"[""Spoiler"", ""Bumper sticker""]"
1788197790,Office Back Alley,RRC-4766,Blue,Coupe,"[""Tinted windows"", ""Tow hitch""]"
1788197790,Hospital,BPU-4332,White,Motorcycle,[]
1788197820,Bookstore,KES-9323,Maroon,Bus,"[""Spoiler"", ""Missing hubcap""]"
1788197820,Hospital,YJG-1440,Black,Sedan,"[""Tinted windows"", ""Bumper sticker""]"
1788197880,Hospital,FHL-3560,Silver,Van,[]
1788197880,Office Back Alley,OGN-4489,Black,Pickup Truck,"[""Aftermarket exhaust"", ""Custom rims""]"
1788197880,Bookstore,BLF-4771,Gray,Sedan,[]
1788197910,Office Back Alley,ROX-9271,Gray,Coupe,"[""Custom rims"", ""Roof rack""]"
1788197910,Office Back Alley,QLL-8894,Black,Coupe,"[""Spoiler"", ""Bumper sticker""]"
1788197910,Hospital,EHW-3879,Maroon,Coupe,[]
1788197940,Hospital,AIT-2702,Blue,Pickup Truck,"[""Dented rear bumper"", ""Tow hitch""]"
1788197940,Office Back Alley,OYU-1228,Maroon,Bus,[]
1788197940,Office Back Alley,BPU-4332,White,Motorcycle,[]
1788198000,Office Back Alley,GEZ-2109,Red,Motorcycle,"[""Missing hubcap"", ""Dented rear bumper""]"
1788198120,Hospital,CIU-8112,Maroon,Bus,"[""Dented rear bumper"", ""Tow hitch""]"
1788198180,Office Back Alley,LUG-7654,Black,Bus,"[""Bumper sticker""]"
1788198180,Office Back Alley,FCH-7617,Maroon,Sedan,[]
1788198240,Office Back Alley,RRC-4766,Blue,Coupe,"[""Tinted windows"", ""Tow hitch""]"
1788198240,Office Back Alley,RRC-4766,Blue,Coupe,"[""Tinted windows"", ""Tow hitch""]"
1788198300,Bookstore,WNV-7840,Red,Motorcycle,"[""Bumper sticker""]"
1788198330,Office Back Alley,KNM-8888,Gray,Sedan,"[""Ladder rack"", ""Aftermarket exhaust""]"
1788198330,Office Back Alley,TQP-8061,Silver,Hatchback,"[""Tinted windows""]"
1788198360,Office Back Alley,BLF-4771,Gray,Sedan,[]
1788198420,Office Back Alley,BPU-4332,White,Motorcycle,[]
1788198420,Bookstore,XOW-5609,Gray,Sedan,"[""Sunroof"", ""Roof rack""]"
1788198540,Hospital,TBJ-5379,Green,Coupe,"[""Bumper sticker""]"
1788198540,Office Back Alley,UJS-4783,Red,Bus,"[""Spoiler""]"
1788198600,Hospital,NKO-5227,Gray,Motorcycle,"[""Roof rack""]"
1788198630,Office Back Alley,CZA-9416,Black,Bus,[]
1788198630,Office Back Alley,IMH-7658,Gray,Hatchback,"[""Tinted windows""]"
1788198660,Bookstore,RBG-4071,Blue,Bus,"[""Bumper sticker"", ""Ladder rack""]"
1788198660,Office Back Alley,RRC-4766,Blue,Coupe,"[""Tinted windows"", ""Tow hitch""]"
1788198660,Office Back Alley,HYS-9092,Gray,Coupe,"[""Roof rack"", ""Dented rear bumper""]"
1788198720,Office Back Alley,EWE-8741,Blue,Bus,"[""Custom rims""]"
1788198750,Office Back Alley,EYH-6407,Black,Bus,"[""Custom rims"", ""Tinted windows""]"
1788198810,Bookstore,OYU-1228,Maroon,Bus,[]
1788198840,Bookstore,HQY-7996,Maroon,Motorcycle,[]
1788198840,Office Back Alley,RRC-4766,Blue,Coupe,"[""Tinted windows"", ""Tow hitch""]"
1788198870,Office Back Alley,ZIG-1175,Black,Bus,[]
1788198900,Bookstore,DOP-3475,Silver,SUV,[]
1788198900,Bookstore,RRT-3341,Red,Sedan,"[""Tinted windows"", ""Dented rear bumper""]"
1788198930,Bookstore,TML-3408,Red,Motorcycle,"[""Spoiler"", ""Custom rims""]"
1788198930,Office Back Alley,BGW-3337,Silver,Bus,"[""Bumper sticker""]"
1788198990,Office Back Alley,BTZ-5167,Silver,Coupe,[]
1788198990,Hospital,OGN-4489,Black,Pickup Truck,"[""Aftermarket exhaust"", ""Custom rims""]"
1788199020,Office Back Alley,DYT-5541,Maroon,Hatchback,[]
1788199020,Office Back Alley,BPU-4332,White,Motorcycle,[]
1788199050,Hospital,VQJ-3851,Beige,Hatchback,[]
1788199110,Bookstore,ZFD-3277,Green,Hatchback,"[""Bumper sticker"", ""Missing hubcap""]"
1788199170,Bookstore,TQP-8061,Silver,Hatchback,"[""Tinted windows""]"
1788199170,Office Back Alley,NYF-1596,Silver,Pickup Truck,"[""Bumper sticker""]"
1788199230,Bookstore,OGN-4489,Black,Pickup Truck,"[""Aftermarket exhaust"", ""Custom rims""]"
1788199260,Office Back Alley,FCH-7617,Maroon,Sedan,[]
1788199260,Office Back Alley,FCH-7617,Maroon,Sedan,[]
1788199350,Hospital,IUT-7188,Gray,Bus,"[""Sunroof""]"
1788199350,Bookstore,BLF-4771,Gray,Sedan,[]
1788199380,Bookstore,KOE-4072,Beige,Pickup Truck,[]
1788199470,Bookstore,IRY-6538,Gold,Coupe,"[""Sunroof"", ""Custom rims""]"
1788199500,Hospital,ROX-9271,Gray,Coupe,"[""Custom rims"", ""Roof rack""]"
1788199500,Hospital,QLL-8894,Black,Coupe,"[""Spoiler"", ""Bumper sticker""]"
1788199500,Office Back Alley,ZNI-4355,Blue,Coupe,[]
1788199500,Office Back Alley,AIT-2702,Blue,Pickup Truck,"[""Dented rear bumper"", ""Tow hitch""]"
1788199530,Bookstore,QLL-8894,Black,Coupe,"[""Spoiler"", ""Bumper sticker""]"
1788199530,Hospital,OYU-1228,Maroon,Bus,[]
1788199530,Office Back Alley,DOP-3475,Silver,SUV,[]
1788199530,Office Back Alley,EWE-8741,Blue,Bus,"[""Custom rims""]"
1788199560,Office Back Alley,QDH-4925,Red,Van,[]
1788199590,Bookstore,RBG-4071,Blue,Bus,"[""Bumper sticker"", ""Ladder rack""]"
1788199620,Bookstore,OGN-4489,Black,Pickup Truck,"[""Aftermarket exhaust"", ""Custom rims""]"
1788199680,Hospital,MDL-3261,Blue,Motorcycle,[]
1788199740,Bookstore,GEZ-2109,Red,Motorcycle,"[""Missing hubcap"", ""Dented rear bumper""]"
1788199890,Office Back Alley,VDV-4194,White,Coupe,[]
1788199890,Office Back Alley,RRC-4766,Blue,Coupe,"[""Tinted windows"", ""Tow hitch""]"
1788199890,Office Back Alley,HQY-7996,Maroon,Motorcycle,[]
1788199920,Bookstore,LUG-7654,Black,Bus,"[""Bumper sticker""]"
1788199920,Office Back Alley,RRC-4766,Blue,Coupe,"[""Tinted windows"", ""Tow hitch""]"
1788199950,Hospital,BLF-4771,Gray,Sedan,[]
1788199980,Bookstore,OYU-1228,Maroon,Bus,[]
1788200010,Hospital,BPU-4332,White,Motorcycle,[]
1788200070,Bookstore,KNM-8888,Gray,Sedan,"[""Ladder rack"", ""Aftermarket exhaust""]"
1788200070,Bookstore,TQP-8061,Silver,Hatchback,"[""Tinted windows""]"
1788200190,Office Back Alley,XOW-5609,Gray,Sedan,"[""Sunroof"", ""Roof rack""]"
1788200250,Hospital,CZA-9416,Black,Bus,[]
1788200250,Office Back Alley,RRC-4766,Blue,Coupe,"[""Tinted windows"", ""Tow hitch""]"
1788200250,Office Back Alley,HYS-9092,Gray,Coupe,"[""Roof rack"", ""Dented rear bumper""]"
1788200280,Bookstore,UJS-4783,Red,Bus,"[""Spoiler""]"
1788200340,Bookstore,ZFD-3277,Green,Hatchback,"[""Bumper sticker"", ""Missing hubcap""]"
1788200430,Office Back Alley,LXQ-7888,Black,Van,[]
1788200460,Office Back Alley,VJM-7944,Beige,Sedan,[]
1788200460,Hospital,RRC-4766,Blue,Coupe,"[""Tinted windows"", ""Tow hitch""]"
1788200520,Bookstore,EYH-6407,Black,Bus,"[""Custom rims"", ""Tinted windows""]"
1788200550,Hospital,BGW-3337,Silver,Bus,"[""Bumper sticker""]"
1788200610,Bookstore,ZIG-1175,Black,Bus,[]
1788200610,Hospital,BTZ-5167,Silver,Coupe,[]
1788200640,Office Back Alley,DYT-5541,Maroon,Hatchback,[]
1788200640,Office Back Alley,VJM-7944,Beige,Sedan,[]
1788200760,Hospital,NYF-1596,Silver,Pickup Truck,"[""Bumper sticker""]"
1788200790,Bookstore,BPU-4332,White,Motorcycle,[]
1788200820,Office Back Alley,DOP-3475,Silver,SUV,[]
1788200820,Office Back Alley,EQL-6876,Green,Bus,"[""Cracked windshield""]"
1788200850,Hospital,RQA-7745,Red,Motorcycle,"[""Sunroof""]"
1788200910,Office Back Alley,IMH-7658,Gray,Hatchback,"[""Tinted windows""]"
1788200970,Office Back Alley,VKM-8657,Blue,Sedan,"[""Custom rims""]"
1788201000,Office Back Alley,EUA-8367,Gold,Motorcycle,"[""Ladder rack""]"
1788201030,Bookstore,FCH-7617,Maroon,Sedan,[]
1788201060,Office Back Alley,BLF-4771,Gray,Sedan,[]
1788201090,Hospital,AIT-2702,Blue,Pickup Truck,"[""Dented rear bumper"", ""Tow hitch""]"
1788201090,Office Back Alley,XOW-5609,Gray,Sedan,"[""Sunroof"", ""Roof rack""]"
1788201120,Office Back Alley,RTJ-3423,Gold,Sedan,[]
1788201150,Hospital,EWE-8741,Blue,Bus,"[""Custom rims""]"
1788201180,Bookstore,UHR-2612,White,Pickup Truck,[]
1788201210,Office Back Alley,DYT-5541,Maroon,Hatchback,[]
1788201210,Office Back Alley,DOP-3475,Silver,SUV,[]
1788201240,Bookstore,GEZ-2109,Red,Motorcycle,"[""Missing hubcap"", ""Dented rear bumper""]"
1788201270,Office Back Alley,FCH-7617,Maroon,Sedan,[]
1788201300,Office Back Alley,QDH-4925,Red,Van,[]
1788201300,Office Back Alley,MDL-3261,Blue,Motorcycle,[]
1788201330,Bookstore,ZNI-4355,Blue,Coupe,[]
1788201330,Office Back Alley,FCH-7617,Maroon,Sedan,[]
1788201390,Bookstore,CZA-9416,Black,Bus,[]
1788201390,Bookstore,KES-9323,Maroon,Bus,"[""Spoiler"", ""Missing hubcap""]"
1788201390,Office Back Alley,ZGK-3461,Blue,Van,[]
1788201420,Bookstore,FYR-2853,Gold,SUV,"[""Missing hubcap"", ""Aftermarket exhaust""]"
1788201510,Bookstore,QDH-4925,Red,Van,[]
1788201510,Office Back Alley,RRC-4766,Blue,Coupe,"[""Tinted windows"", ""Tow hitch""]"
1788201570,Bookstore,TQP-8061,Silver,Hatchback,"[""Tinted windows""]"
1788201660,Bookstore,RRC-4766,Blue,Coupe,"[""Tinted windows"", ""Tow hitch""]"
1788201690,Bookstore,RRC-4766,Blue,Coupe,"[""Tinted windows"", ""Tow hitch""]"
1788201720,Office Back Alley,AIT-2702,Blue,Pickup Truck,"[""Dented rear bumper"", ""Tow hitch""]"
1788201780,Office Back Alley,HQY-7996,Maroon,Motorcycle,[]
1788201810,Office Back Alley,IRY-6538,Gold,Coupe,"[""Sunroof"", ""Custom rims""]"
1788201810,Bookstore,ZYZ-1012,Beige,Motorcycle,"[""Spoiler""]"
1788201840,Bookstore,OGN-4489,Black,Pickup Truck,"[""Aftermarket exhaust"", ""Custom rims""]"
1788201870,Bookstore,FYR-2853,Gold,SUV,"[""Missing hubcap"", ""Aftermarket exhaust""]"
1788201900,Bookstore,ZNI-4355,Blue,Coupe,[]
1788201930,Bookstore,TQP-8061,Silver,Hatchback,"[""Tinted windows""]"
1788202050,Bookstore,WUB-4659,Black,Pickup Truck,"[""Sunroof""]"
1788202050,Office Back Alley,LXQ-7888,Black,Van,[]
1788202080,Hospital,VJM-7944,Beige,Sedan,[]
1788202080,Bookstore,HYS-9092,Gray,Coupe,"[""Roof rack"", ""Dented rear bumper""]"
1788202170,Bookstore,ABS-2643,Gold,Pickup Truck,"[""Tow hitch"", ""Missing hubcap""]"
1788202230,Bookstore,IMH-7658,Gray,Hatchback,"[""Tinted windows""]"
1788202260,Hospital,DYT-5541,Maroon,Hatchback,[]
1788202260,Hospital,VJM-7944,Beige,Sedan,[]
1788202260,Bookstore,HQY-7996,Maroon,Motorcycle,[]
1788202290,Bookstore,OYU-1228,Maroon,Bus,[]
1788202320,Hospital,HQY-7996,Maroon,Motorcycle,[]
1788202320,Bookstore,NUN-3923,Silver,Motorcycle,"[""Roof rack"", ""Sunroof""]"
1788202380,Bookstore,YTG-6287,Green,Coupe,"[""Bumper sticker"", ""Tow hitch""]"
1788202380,Hospital,BPU-4332,White,Motorcycle,[]
1788202440,Hospital,DOP-3475,Silver,SUV,[]
1788202440,Hospital,EQL-6876,Green,Bus,"[""Cracked windshield""]"
1788202560,Hospital,LHA-6933,Gray,Bus,"[""Missing hubcap""]"
1788202560,Office Back Alley,BLF-4771,Gray,Sedan,[]
1788202590,Hospital,VKM-8657,Blue,Sedan,"[""Custom rims""]"
1788202680,Bookstore,IMH-7658,Gray,Hatchback,"[""Tinted windows""]"
1788202710,Office Back Alley,AIT-2702,Blue,Pickup Truck,"[""Dented rear bumper"", ""Tow hitch""]"
1788202770,Office Back Alley,VDV-4194,White,Coupe,[]
1788202800,Bookstore,IRY-6538,Gold,Coupe,"[""Sunroof"", ""Custom rims""]"
1788202830,Hospital,DOP-3475,Silver,SUV,[]
1788202890,Hospital,FCH-7617,Maroon,Sedan,[]
1788202950,Hospital,FCH-7617,Maroon,Sedan,[]
1788202980,Office Back Alley,GEZ-2109,Red,Motorcycle,"[""Missing hubcap"", ""Dented rear bumper""]"
1788202980,Bookstore,QLL-8894,Black,Coupe,"[""Spoiler"", ""Bumper sticker""]"
1788203010,Hospital,ZGK-3461,Blue,Van,[]
1788203010,Bookstore,RBG-4071,Blue,Bus,"[""Bumper sticker"", ""Ladder rack""]"
1788203070,Bookstore,IRY-6538,Gold,Coupe,"[""Sunroof"", ""Custom rims""]"
1788203070,Office Back Alley,AIT-2702,Blue,Pickup Truck,"[""Dented rear bumper"", ""Tow hitch""]"
1788203130,Hospital,EVV-3567,Blue,SUV,"[""Aftermarket exhaust""]"
1788203190,Office Back Alley,FYR-2853,Gold,SUV,"[""Missing hubcap"", ""Aftermarket exhaust""]"
1788203190,Bookstore,ZNI-4355,Blue,Coupe,[]
1788203190,Bookstore,NVS-7383,Gold,Van,"[""Aftermarket exhaust"", ""Ladder rack""]"
1788203220,Bookstore,ZYZ-1012,Beige,Motorcycle,"[""Spoiler""]"
1788203220,Bookstore,DYT-5541,Maroon,Hatchback,[]
1788203250,Hospital,VQJ-3851,Beige,Hatchback,[]
1788203280,Bookstore,RRC-4766,Blue,Coupe,"[""Tinted windows"", ""Tow hitch""]"
1788203280,Hospital,IUT-7188,Gray,Bus,"[""Sunroof""]"
1788203310,Hospital,TML-3408,Red,Motorcycle,"[""Spoiler"", ""Custom rims""]"
1788203310,Office Back Alley,XOW-5609,Gray,Sedan,"[""Sunroof"", ""Roof rack""]"
1788203310,Office Back Alley,QDH-4925,Red,Van,[]
1788203340,Bookstore,RRC-4766,Blue,Coupe,"[""Tinted windows"", ""Tow hitch""]"
1788203370,Office Back Alley,DYT-5541,Maroon,Hatchback,[]
1788203400,Office Back Alley,IRY-6538,Gold,Coupe,"[""Sunroof"", ""Custom rims""]"
1788203400,Hospital,HQY-7996,Maroon,Motorcycle,[]
1788203430,Office Back Alley,MDL-3261,Blue,Motorcycle,[]
1788203430,Bookstore,TQP-8061,Silver,Hatchback,"[""Tinted windows""]"
1788203550,Bookstore,ABS-2643,Gold,Pickup Truck,"[""Tow hitch"", ""Missing hubcap""]"
1788203580,Office Back Alley,OGN-4489,Black,Pickup Truck,"[""Aftermarket exhaust"", ""Custom rims""]"
1788203640,Office Back Alley,RTJ-3423,Gold,Sedan,[]
1788203640,Office Back Alley,FYR-2853,Gold,SUV,"[""Missing hubcap"", ""Aftermarket exhaust""]"
1788203700,Office Back Alley,TQP-8061,Silver,Hatchback,"[""Tinted windows""]"
1788203790,Bookstore,IMH-7658,Gray,Hatchback,"[""Tinted windows""]"
1788203820,Office Back Alley,AIT-2702,Blue,Pickup Truck,"[""Dented rear bumper"", ""Tow hitch""]"
1788203820,Bookstore,OYU-1228,Maroon,Bus,[]
1788203850,Hospital,EHW-3879,Maroon,Coupe,[]
1788203940,Office Back Alley,HQY-7996,Maroon,Motorcycle,[]
1788204000,Office Back Alley,BPU-4332,White,Motorcycle,[]
1788204000,Office Back Alley,IMH-7658,Gray,Hatchback,"[""Tinted windows""]"
1788204030,Office Back Alley,EUA-8367,Gold,Motorcycle,"[""Ladder rack""]"
1788204060,Office Back Alley,OYU-1228,Maroon,Bus,[]
1788204150,Office Back Alley,GEZ-2109,Red,Motorcycle,"[""Missing hubcap"", ""Dented rear bumper""]"
1788204180,Bookstore,RRC-4766,Blue,Coupe,"[""Tinted windows"", ""Tow hitch""]"
1788204180,Office Back Alley,LXQ-7888,Black,Van,[]
1788204180,Office Back Alley,LHA-6933,Gray,Bus,"[""Missing hubcap""]"
1788204240,Bookstore,HUK-4229,White,Coupe,"[""Tinted windows""]"
1788204330,Bookstore,BLF-4771,Gray,Sedan,[]
1788204480,Bookstore,OGN-4489,Black,Pickup Truck,"[""Aftermarket exhaust"", ""Custom rims""]"
1788204540,Bookstore,KES-9323,Maroon,Bus,"[""Spoiler"", ""Missing hubcap""]"
1788204570,Office Back Alley,XOW-5609,Gray,Sedan,"[""Sunroof"", ""Roof rack""]"
1788204600,Bookstore,EJJ-5605,Red,Bus,"[""Tinted windows"", ""Aftermarket exhaust""]"
1788204720,Hospital,AIT-2702,Blue,Pickup Truck,"[""Dented rear bumper"", ""Tow hitch""]"
1788204750,Office Back Alley,EVV-3567,Blue,SUV,"[""Aftermarket exhaust""]"
1788204780,Hospital,TBJ-5379,Green,Coupe,"[""Bumper sticker""]"
1788204840,Office Back Alley,NYF-1596,Silver,Pickup Truck,"[""Bumper sticker""]"
1788204870,Office Back Alley,VQJ-3851,Beige,Hatchback,[]
1788204900,Bookstore,EYH-6407,Black,Bus,"[""Custom rims"", ""Tinted windows""]"
1788204930,Bookstore,ZNI-4355,Blue,Coupe,[]
1788204930,Bookstore,CIU-8112,Maroon,Bus,"[""Dented rear bumper"", ""Tow hitch""]"
1788204960,Hospital,BPU-4332,White,Motorcycle,[]
1788204960,Office Back Alley,OGN-4489,Black,Pickup Truck,"[""Aftermarket exhaust"", ""Custom rims""]"
1788204990,Office Back Alley,DYT-5541,Maroon,Hatchback,[]
1788205080,Hospital,QLL-8894,Black,Coupe,"[""Spoiler"", ""Bumper sticker""]"
1788205110,Office Back Alley,QDH-4925,Red,Van,[]
1788205140,Bookstore,DYT-5541,Maroon,Hatchback,[]
1788205200,Bookstore,HUK-4229,White,Coupe,"[""Tinted windows""]"
1788205230,Bookstore,IRY-6538,Gold,Coupe,"[""Sunroof"", ""Custom rims""]"
1788205230,Office Back Alley,FYR-2853,Gold,SUV,"[""Missing hubcap"", ""Aftermarket exhaust""]"
1788205260,Bookstore,MDL-3261,Blue,Motorcycle,[]
1788205260,Hospital,RTJ-3423,Gold,Sedan,[]
1788205320,Office Back Alley,VDV-4194,White,Coupe,[]
1788205320,Office Back Alley,OYU-1228,Maroon,Bus,[]
1788205380,Office Back Alley,IMH-7658,Gray,Hatchback,"[""Tinted windows""]"
1788205470,Office Back Alley,EHW-3879,Maroon,Coupe,[]
1788205470,Hospital,RRC-4766,Blue,Coupe,"[""Tinted windows"", ""Tow hitch""]"
1788205470,Hospital,AIT-2702,Blue,Pickup Truck,"[""Dented rear bumper"", ""Tow hitch""]"
1788205530,Bookstore,UHR-2612,White,Pickup Truck,[]
1788205650,Hospital,EUA-8367,Gold,Motorcycle,"[""Ladder rack""]"
1788205650,Office Back Alley,TQP-8061,Silver,Hatchback,"[""Tinted windows""]"
1788205680,Bookstore,RRC-4766,Blue,Coupe,"[""Tinted windows"", ""Tow hitch""]"
1788205740,Bookstore,UJS-4783,Red,Bus,"[""Spoiler""]"
1788205770,Office Back Alley,HQY-7996,Maroon,Motorcycle,[]
1788205890,Bookstore,CZA-9416,Black,Bus,[]
1788205890,Bookstore,FCH-7617,Maroon,Sedan,[]
1788205890,Bookstore,QDH-4925,Red,Van,[]
1788205920,Office Back Alley,RRC-4766,Blue,Coupe,"[""Tinted windows"", ""Tow hitch""]"
1788205950,Bookstore,LXQ-7888,Black,Van,[]
1788205950,Hospital,EWE-8741,Blue,Bus,"[""Custom rims""]"
1788205980,Bookstore,GEZ-2109,Red,Motorcycle,"[""Missing hubcap"", ""Dented rear bumper""]"
1788205980,Hospital,EHW-3879,Maroon,Coupe,[]
1788206040,Bookstore,OYU-1228,Maroon,Bus,[]
1788206040,Office Back Alley,FYR-2853,Gold,SUV,"[""Missing hubcap"", ""Aftermarket exhaust""]"
1788206070,Hospital,BLF-4771,Gray,Sedan,[]
1788206100,Bookstore,HYS-9092,Gray,Coupe,"[""Roof rack"", ""Dented rear bumper""]"
1788206160,Bookstore,ZIG-1175,Black,Bus,[]
1788206190,Office Back Alley,EVV-3567,Blue,SUV,"[""Aftermarket exhaust""]"
1788206220,Bookstore,BGW-3337,Silver,Bus,"[""Bumper sticker""]"
1788206310,Hospital,RQA-7745,Red,Motorcycle,"[""Sunroof""]"
1788206370,Bookstore,ZNI-4355,Blue,Coupe,[]
1788206370,Bookstore,HQY-7996,Maroon,Motorcycle,[]
1788206370,Hospital,DOP-3475,Silver,SUV,[]
1788206400,Office Back Alley,EJJ-5605,Red,Bus,"[""Tinted windows"", ""Aftermarket exhaust""]"
1788206400,Bookstore,XOW-5609,Gray,Sedan,"[""Sunroof"", ""Roof rack""]"
1788206490,Office Back Alley,OGN-4489,Black,Pickup Truck,"[""Aftermarket exhaust"", ""Custom rims""]"
1788206550,Hospital,BLF-4771,Gray,Sedan,[]
1788206550,Office Back Alley,BPU-4332,White,Motorcycle,[]
1788206550,Office Back Alley,VDV-4194,White,Coupe,[]
1788206580,Office Back Alley,BPU-4332,White,Motorcycle,[]
1788206610,Office Back Alley,DYT-5541,Maroon,Hatchback,[]
1788206670,Office Back Alley,ABS-2643,Gold,Pickup Truck,"[""Tow hitch"", ""Missing hubcap""]"
1788206700,Bookstore,TQP-8061,Silver,Hatchback,"[""Tinted windows""]"
1788206700,Bookstore,TQP-8061,Silver,Hatchback,"[""Tinted windows""]"
1788206700,Office Back Alley,IMH-7658,Gray,Hatchback,"[""Tinted windows""]"
1788206700,Office Back Alley,QLL-8894,Black,Coupe,"[""Spoiler"", ""Bumper sticker""]"
1788206730,Bookstore,QDH-4925,Red,Van,[]
1788206730,Office Back Alley,LHA-6933,Gray,Bus,"[""Missing hubcap""]"
1788206820,Bookstore,IRY-6538,Gold,Coupe,"[""Sunroof"", ""Custom rims""]"
1788206820,Bookstore,NKO-5227,Gray,Motorcycle,"[""Roof rack""]"
1788206820,Office Back Alley,NYF-1596,Silver,Pickup Truck,"[""Bumper sticker""]"
1788206820,Office Back Alley,FYR-2853,Gold,SUV,"[""Missing hubcap"", ""Aftermarket exhaust""]"
1788206850,Bookstore,IRY-6538,Gold,Coupe,"[""Sunroof"", ""Custom rims""]"
1788206880,Bookstore,YTG-6287,Green,Coupe,"[""Bumper sticker"", ""Tow hitch""]"
1788206880,Bookstore,QDH-4925,Red,Van,[]
1788206880,Office Back Alley,VQJ-3851,Beige,Hatchback,[]
1788206940,Office Back Alley,HUK-4229,White,Coupe,"[""Tinted windows""]"
1788207000,Bookstore,QLL-8894,Black,Coupe,"[""Spoiler"", ""Bumper sticker""]"
1788207090,Office Back Alley,RRC-4766,Blue,Coupe,"[""Tinted windows"", ""Tow hitch""]"
1788207120,Bookstore,YJG-1440,Black,Sedan,"[""Tinted windows"", ""Bumper sticker""]"
1788207210,Hospital,FCH-7617,Maroon,Sedan,[]
1788207210,Bookstore,NUN-3923,Silver,Motorcycle,"[""Roof rack"", ""Sunroof""]"
1788207270,Hospital,TQP-8061,Silver,Hatchback,"[""Tinted windows""]"
1788207270,Hospital,HQY-7996,Maroon,Motorcycle,[]
1788207270,Office Back Alley,OYU-1228,Maroon,Bus,[]
1788207300,Bookstore,RBG-4071,Blue,Bus,"[""Bumper sticker"", ""Ladder rack""]"
1788207390,Hospital,HQY-7996,Maroon,Motorcycle,[]
1788207420,Bookstore,GEZ-2109,Red,Motorcycle,"[""Missing hubcap"", ""Dented rear bumper""]"
1788207600,Bookstore,NYF-1596,Silver,Pickup Truck,"[""Bumper sticker""]"
1788207600,Office Back Alley,IMH-7658,Gray,Hatchback,"[""Tinted windows""]"
1788207600,Hospital,TML-3408,Red,Motorcycle,"[""Spoiler"", ""Custom rims""]"
1788207690,Office Back Alley,BLF-4771,Gray,Sedan,[]
1788207690,Office Back Alley,QDH-4925,Red,Van,[]
1788207690,Bookstore,NVS-7383,Gold,Van,"[""Aftermarket exhaust"", ""Ladder rack""]"
1788207750,Bookstore,TXI-5471,White,Pickup Truck,[]
1788207780,Bookstore,RRC-4766,Blue,Coupe,"[""Tinted windows"", ""Tow hitch""]"
1788207810,Bookstore,FYR-2853,Gold,SUV,"[""Missing hubcap"", ""Aftermarket exhaust""]"
1788207810,Office Back Alley,NYF-1596,Silver,Pickup Truck,"[""Bumper sticker""]"
1788207840,Hospital,EVV-3567,Blue,SUV,"[""Aftermarket exhaust""]"
1788207870,Office Back Alley,EHW-3879,Maroon,Coupe,[]
1788207870,Office Back Alley,RRC-4766,Blue,Coupe,"[""Tinted windows"", ""Tow hitch""]"
1788207870,Office Back Alley,HYS-9092,Gray,Coupe,"[""Roof rack"", ""Dented rear bumper""]"
1788207900,Office Back Alley,IUT-7188,Gray,Bus,"[""Sunroof""]"
1788207930,Office Back Alley,RQA-7745,Red,Motorcycle,"[""Sunroof""]"
1788207960,Bookstore,DOP-3475,Silver,SUV,[]
1788207960,Hospital,EQL-6876,Green,Bus,"[""Cracked windshield""]"
1788207990,Office Back Alley,DOP-3475,Silver,SUV,[]
1788208020,Bookstore,IRY-6538,Gold,Coupe,"[""Sunroof"", ""Custom rims""]"
1788208140,Hospital,ZYZ-1012,Beige,Motorcycle,"[""Spoiler""]"
1788208140,Office Back Alley,HUK-4229,White,Coupe,"[""Tinted windows""]"
1788208140,Office Back Alley,ZNI-4355,Blue,Coupe,[]
1788208140,Office Back Alley,HQY-7996,Maroon,Motorcycle,[]
1788208170,Office Back Alley,BLF-4771,Gray,Sedan,[]
1788208170,Hospital,BPU-4332,White,Motorcycle,[]
1788208260,Bookstore,ROX-9271,Gray,Coupe,"[""Custom rims"", ""Roof rack""]"
1788208260,Bookstore,OGN-4489,Black,Pickup Truck,"[""Aftermarket exhaust"", ""Custom rims""]"
1788208260,Bookstore,VJM-7944,Beige,Sedan,[]
1788208380,Bookstore,XOW-5609,Gray,Sedan,"[""Sunroof"", ""Roof rack""]"
1788208380,Bookstore,DYT-5541,Maroon,Hatchback,[]
1788208380,Bookstore,VDV-4194,White,Coupe,[]
1788208380,Office Back Alley,FYR-2853,Gold,SUV,"[""Missing hubcap"", ""Aftermarket exhaust""]"
1788208500,Office Back Alley,QDH-4925,Red,Van,[]
1788208530,Bookstore,FCH-7617,Maroon,Sedan,[]
1788208620,Office Back Alley,IMH-7658,Gray,Hatchback,"[""Tinted windows""]"
1788208620,Office Back Alley,RRC-4766,Blue,Coupe,"[""Tinted windows"", ""Tow hitch""]"
1788208650,Office Back Alley,ABS-2643,Gold,Pickup Truck,"[""Tow hitch"", ""Missing hubcap""]"
1788208770,Office Back Alley,HYS-9092,Gray,Coupe,"[""Roof rack"", ""Dented rear bumper""]"
1788208830,Office Back Alley,LHA-6933,Gray,Bus,"[""Missing hubcap""]"
1788208890,Office Back Alley,HQY-7996,Maroon,Motorcycle,[]
1788208890,Bookstore,DYT-5541,Maroon,Hatchback,[]
1788208920,Office Back Alley,YJG-1440,Black,Sedan,"[""Tinted windows"", ""Bumper sticker""]"
1788208980,Hospital,KOE-4072,Beige,Pickup Truck,[]
1788209010,Office Back Alley,EJJ-5605,Red,Bus,"[""Tinted windows"", ""Aftermarket exhaust""]"
1788209040,Bookstore,TXI-5471,White,Pickup Truck,[]
1788209040,Office Back Alley,QDH-4925,Red,Van,[]
1788209070,Office Back Alley,RBG-4071,Blue,Bus,"[""Bumper sticker"", ""Ladder rack""]"
1788209130,Bookstore,KES-9323,Maroon,Bus,"[""Spoiler"", ""Missing hubcap""]"
1788209160,Office Back Alley,GEZ-2109,Red,Motorcycle,"[""Missing hubcap"", ""Dented rear bumper""]"
1788209190,Office Back Alley,BPU-4332,White,Motorcycle,[]
1788209220,Office Back Alley,TML-3408,Red,Motorcycle,"[""Spoiler"", ""Custom rims""]"
1788209250,Office Back Alley,QLL-8894,Black,Coupe,"[""Spoiler"", ""Bumper sticker""]"
1788209280,Bookstore,FYR-2853,Gold,SUV,"[""Missing hubcap"", ""Aftermarket exhaust""]"
1788209280,Office Back Alley,BLF-4771,Gray,Sedan,[]
1788209310,Office Back Alley,RRC-4766,Blue,Coupe,"[""Tinted windows"", ""Tow hitch""]"
1788209340,Bookstore,OGN-4489,Black,Pickup Truck,"[""Aftermarket exhaust"", ""Custom rims""]"
1788209370,Bookstore,ZNI-4355,Blue,Coupe,[]
1788209400,Bookstore,IRY-6538,Gold,Coupe,"[""Sunroof"", ""Custom rims""]"
1788209460,Hospital,NYF-1596,Silver,Pickup Truck,"[""Bumper sticker""]"
1788209460,Bookstore,CIU-8112,Maroon,Bus,"[""Dented rear bumper"", ""Tow hitch""]"
1788209460,Bookstore,LUG-7654,Black,Bus,"[""Bumper sticker""]"
1788209490,Hospital,RRC-4766,Blue,Coupe,"[""Tinted windows"", ""Tow hitch""]"
1788209520,Office Back Alley,DOP-3475,Silver,SUV,[]
1788209550,Hospital,TBJ-5379,Green,Coupe,"[""Bumper sticker""]"
1788209580,Office Back Alley,EQL-6876,Green,Bus,"[""Cracked windshield""]"
1788209610,Bookstore,FHL-3560,Silver,Van,[]
1788209700,Bookstore,EHW-3879,Maroon,Coupe,[]
1788209700,Office Back Alley,EWE-8741,Blue,Bus,"[""Custom rims""]"
1788209730,Office Back Alley,HUK-4229,White,Coupe,"[""Tinted windows""]"
1788209760,Bookstore,ZFD-3277,Green,Hatchback,"[""Bumper sticker"", ""Missing hubcap""]"
1788209760,Office Back Alley,IMH-7658,Gray,Hatchback,"[""Tinted windows""]"
1788209910,Office Back Alley,HQY-7996,Maroon,Motorcycle,[]
1788209940,Office Back Alley,IUT-7188,Gray,Bus,"[""Sunroof""]"
1788209970,Bookstore,EQL-6876,Green,Bus,"[""Cracked windshield""]"
1788209970,Bookstore,WUB-4659,Black,Pickup Truck,"[""Sunroof""]"
1788210030,Office Back Alley,ROX-9271,Gray,Coupe,"[""Custom rims"", ""Roof rack""]"
1788210090,Bookstore,VDV-4194,White,Coupe,[]
1788210090,Office Back Alley,BLF-4771,Gray,Sedan,[]
1788210150,Bookstore,UHR-2612,White,Pickup Truck,[]
1788210180,Bookstore,ZIG-1175,Black,Bus,[]
1788210180,Office Back Alley,TML-3408,Red,Motorcycle,"[""Spoiler"", ""Custom rims""]"
1788210270,Hospital,ABS-2643,Gold,Pickup Truck,"[""Tow hitch"", ""Missing hubcap""]"
1788210300,Office Back Alley,RQA-7745,Red,Motorcycle,"[""Sunroof""]"
1788210330,Office Back Alley,HQY-7996,Maroon,Motorcycle,[]
1788210360,Bookstore,KES-9323,Maroon,Bus,"[""Spoiler"", ""Missing hubcap""]"
1788210390,Bookstore,OYU-1228,Maroon,Bus,[]
1788210390,Bookstore,IMH-7658,Gray,Hatchback,"[""Tinted windows""]"
1788210480,Bookstore,DOP-3475,Silver,SUV,[]
1788210510,Bookstore,BGW-3337,Silver,Bus,"[""Bumper sticker""]"
1788210540,Bookstore,HYS-9092,Gray,Coupe,"[""Roof rack"", ""Dented rear bumper""]"
1788210600,Office Back Alley,ZNI-4355,Blue,Coupe,[]
1788210600,Office Back Alley,KOE-4072,Beige,Pickup Truck,[]
1788210630,Bookstore,CZA-9416,Black,Bus,[]
1788210630,Bookstore,BTZ-5167,Silver,Coupe,[]
1788210630,Office Back Alley,EJJ-5605,Red,Bus,"[""Tinted windows"", ""Aftermarket exhaust""]"
1788210660,Bookstore,LHA-6933,Gray,Bus,"[""Missing hubcap""]"
1788210660,Hospital,QDH-4925,Red,Van,[]
1788210840,Office Back Alley,RRC-4766,Blue,Coupe,"[""Tinted windows"", ""Tow hitch""]"
1788210870,Hospital,QLL-8894,Black,Coupe,"[""Spoiler"", ""Bumper sticker""]"
1788210870,Bookstore,OYU-1228,Maroon,Bus,[]
1788210900,Hospital,BLF-4771,Gray,Sedan,[]
1788210900,Bookstore,VQJ-3851,Beige,Hatchback,[]
1788210930,Hospital,RRC-4766,Blue,Coupe,"[""Tinted windows"", ""Tow hitch""]"
1788210930,Hospital,VAP-5225,Silver,Hatchback,"[""Cracked windshield"", ""Tinted windows""]"
1788210930,Office Back Alley,QDH-4925,Red,Van,[]
1788210960,Office Back Alley,RBG-4071,Blue,Bus,"[""Bumper sticker"", ""Ladder rack""]"
1788210960,Bookstore,BPU-4332,White,Motorcycle,[]
1788210990,Hospital,KNM-8888,Gray,Sedan,"[""Ladder rack"", ""Aftermarket exhaust""]"
1788210990,Bookstore,OGN-4489,Black,Pickup Truck,"[""Aftermarket exhaust"", ""Custom rims""]"
1788211080,Bookstore,AIT-2702,Blue,Pickup Truck,"[""Dented rear bumper"", ""Tow hitch""]"
1788211110,Office Back Alley,ZNI-4355,Blue,Coupe,[]
1788211140,Hospital,DOP-3475,Silver,SUV,[]
1788211200,Bookstore,NUN-3923,Silver,Motorcycle,"[""Roof rack"", ""Sunroof""]"
1788211230,Bookstore,NKO-5227,Gray,Motorcycle,"[""Roof rack""]"
1788211260,Office Back Alley,LUG-7654,Black,Bus,"[""Bumper sticker""]"
1788211380,Office Back Alley,YJG-1440,Black,Sedan,"[""Tinted windows"", ""Bumper sticker""]"
1788211380,Office Back Alley,EWE-8741,Blue,Bus,"[""Custom rims""]"
1788211380,Bookstore,AIT-2702,Blue,Pickup Truck,"[""Dented rear bumper"", ""Tow hitch""]"
1788211380,Hospital,ZNI-4355,Blue,Coupe,[]
1788211470,Hospital,OYU-1228,Maroon,Bus,[]
1788211530,Bookstore,IMH-7658,Gray,Hatchback,"[""Tinted windows""]"
1788211530,Bookstore,BPU-4332,White,Motorcycle,[]
1788211530,Office Back Alley,EQL-6876,Green,Bus,"[""Cracked windshield""]"
1788211710,Hospital,BLF-4771,Gray,Sedan,[]
1788211740,Bookstore,HQY-7996,Maroon,Motorcycle,[]
1788211830,Hospital,EUA-8367,Gold,Motorcycle,"[""Ladder rack""]"
1788211830,Office Back Alley,HUK-4229,White,Coupe,"[""Tinted windows""]"
1788211920,Office Back Alley,ROX-9271,Gray,Coupe,"[""Custom rims"", ""Roof rack""]"
1788211950,Bookstore,IRY-6538,Gold,Coupe,"[""Sunroof"", ""Custom rims""]"
1788211950,Bookstore,TML-3408,Red,Motorcycle,"[""Spoiler"", ""Custom rims""]"
1788211980,Hospital,EHW-3879,Maroon,Coupe,[]
1788212070,Bookstore,RQA-7745,Red,Motorcycle,"[""Sunroof""]"
1788212100,Bookstore,NYF-1596,Silver,Pickup Truck,"[""Bumper sticker""]"
1788212100,Office Back Alley,ZNI-4355,Blue,Coupe,[]
1788212130,Bookstore,AIT-2702,Blue,Pickup Truck,"[""Dented rear bumper"", ""Tow hitch""]"
1788212160,Bookstore,HQY-7996,Maroon,Motorcycle,[]
1788212160,Bookstore,EYH-6407,Black,Bus,"[""Custom rims"", ""Tinted windows""]"
1788212160,Office Back Alley,IUT-7188,Gray,Bus,"[""Sunroof""]"
1788212160,Office Back Alley,GEZ-2109,Red,Motorcycle,"[""Missing hubcap"", ""Dented rear bumper""]"
1788212160,Office Back Alley,OYU-1228,Maroon,Bus,[]
1788212190,Hospital,WNV-7840,Red,Motorcycle,"[""Bumper sticker""]"
1788212220,Bookstore,LHA-6933,Gray,Bus,"[""Missing hubcap""]"
1788212250,Office Back Alley,EWE-8741,Blue,Bus,"[""Custom rims""]"
1788212250,Office Back Alley,DOP-3475,Silver,SUV,[]
1788212280,Hospital,HQY-7996,Maroon,Motorcycle,[]
1788212400,Office Back Alley,CZA-9416,Black,Bus,[]
1788212400,Bookstore,DOP-3475,Silver,SUV,[]
1788212400,Bookstore,EJJ-5605,Red,Bus,"[""Tinted windows"", ""Aftermarket exhaust""]"
1788212490,Bookstore,VJM-7944,Beige,Sedan,[]
1788212520,Bookstore,OGN-4489,Black,Pickup Truck,"[""Aftermarket exhaust"", ""Custom rims""]"
1788212550,Hospital,QDH-4925,Red,Van,[]
1788212550,Office Back Alley,KOE-4072,Beige,Pickup Truck,[]
1788212550,Office Back Alley,VAP-5225,Silver,Hatchback,"[""Cracked windshield"", ""Tinted windows""]"
1788212580,Hospital,RBG-4071,Blue,Bus,"[""Bumper sticker"", ""Ladder rack""]"
1788212610,Office Back Alley,KNM-8888,Gray,Sedan,"[""Ladder rack"", ""Aftermarket exhaust""]"
1788212610,Bookstore,NVS-7383,Gold,Van,"[""Aftermarket exhaust"", ""Ladder rack""]"
1788212610,Bookstore,RRC-4766,Blue,Coupe,"[""Tinted windows"", ""Tow hitch""]"
1788212640,Office Back Alley,ZNI-4355,Blue,Coupe,[]
1788212730,Hospital,EVV-3567,Blue,SUV,"[""Aftermarket exhaust""]"
1788212850,Bookstore,IMH-7658,Gray,Hatchback,"[""Tinted windows""]"
1788212970,Bookstore,ZIG-1175,Black,Bus,[]
1788213000,Office Back Alley,ZNI-4355,Blue,Coupe,[]
1788213030,Hospital,FYR-2853,Gold,SUV,"[""Missing hubcap"", ""Aftermarket exhaust""]"
1788213030,Hospital,FCH-7617,Maroon,Sedan,[]
1788213090,Bookstore,DYT-5541,Maroon,Hatchback,[]
1788213120,Office Back Alley,GEZ-2109,Red,Motorcycle,"[""Missing hubcap"", ""Dented rear bumper""]"
1788213150,Bookstore,YJG-1440,Black,Sedan,"[""Tinted windows"", ""Bumper sticker""]"
1788213180,Office Back Alley,TBJ-5379,Green,Coupe,"[""Bumper sticker""]"
1788213210,Hospital,TQP-8061,Silver,Hatchback,"[""Tinted windows""]"
1788213240,Office Back Alley,DYT-5541,Maroon,Hatchback,[]
1788213240,Bookstore,BPU-4332,White,Motorcycle,[]
1788213240,Bookstore,WUB-4659,Black,Pickup Truck,"[""Sunroof""]"
1788213330,Office Back Alley,EQL-6876,Green,Bus,"[""Cracked windshield""]"
1788213360,Office Back Alley,LUG-7654,Black,Bus,"[""Bumper sticker""]"
1788213450,Office Back Alley,EUA-8367,Gold,Motorcycle,"[""Ladder rack""]"
1788213450,Hospital,HUK-4229,White,Coupe,"[""Tinted windows""]"
1788213690,Bookstore,ROX-9271,Gray,Coupe,"[""Custom rims"", ""Roof rack""]"
1788213720,Office Back Alley,IRY-6538,Gold,Coupe,"[""Sunroof"", ""Custom rims""]"
1788213780,Hospital,RRC-4766,Blue,Coupe,"[""Tinted windows"", ""Tow hitch""]"
1788213780,Hospital,IUT-7188,Gray,Bus,"[""Sunroof""]"
1788213810,Office Back Alley,WNV-7840,Red,Motorcycle,"[""Bumper sticker""]"
1788213840,Hospital,RRT-3341,Red,Sedan,"[""Tinted windows"", ""Dented rear bumper""]"
1788213900,Office Back Alley,HQY-7996,Maroon,Motorcycle,[]
1788213960,Bookstore,BPU-4332,White,Motorcycle,[]
1788213960,Office Back Alley,LHA-6933,Gray,Bus,"[""Missing hubcap""]"
1788214020,Bookstore,EWE-8741,Blue,Bus,"[""Custom rims""]"
1788214020,Office Back Alley,CZA-9416,Black,Bus,[]
1788214230,Office Back Alley,LUG-7654,Black,Bus,"[""Bumper sticker""]"
1788214260,Office Back Alley,VJM-7944,Beige,Sedan,[]
1788214290,Bookstore,EYH-6407,Black,Bus,"[""Custom rims"", ""Tinted windows""]"
1788214350,Office Back Alley,EVV-3567,Blue,SUV,"[""Aftermarket exhaust""]"
1788214380,Bookstore,KOE-4072,Beige,Pickup Truck,[]
1788214410,Bookstore,MDL-3261,Blue,Motorcycle,[]
1788214470,Bookstore,EHW-3879,Maroon,Coupe,[]
1788214500,Bookstore,FHL-3560,Silver,Van,[]
1788214530,Office Back Alley,ZNI-4355,Blue,Coupe,[]
1788214590,Office Back Alley,DOP-3475,Silver,SUV,[]
1788214620,Office Back Alley,TBJ-5379,Green,Coupe,"[""Bumper sticker""]"
1788214650,Bookstore,YTG-6287,Green,Coupe,"[""Bumper sticker"", ""Tow hitch""]"
1788214710,Hospital,FYR-2853,Gold,SUV,"[""Missing hubcap"", ""Aftermarket exhaust""]"
1788214740,Bookstore,BPU-4332,White,Motorcycle,[]
1788214740,Office Back Alley,OYU-1228,Maroon,Bus,[]
1788214740,Office Back Alley,ZIG-1175,Black,Bus,[]
1788214770,Bookstore,BTZ-5167,Silver,Coupe,[]
1788214770,Bookstore,TQP-8061,Silver,Hatchback,"[""Tinted windows""]"
1788214800,Bookstore,NUN-3923,Silver,Motorcycle,"[""Roof rack"", ""Sunroof""]"
1788214830,Office Back Alley,TQP-8061,Silver,Hatchback,"[""Tinted windows""]"
1788214830,Hospital,EQL-6876,Green,Bus,"[""Cracked windshield""]"
1788214920,Office Back Alley,VAP-5225,Silver,Hatchback,"[""Cracked windshield"", ""Tinted windows""]"
1788214950,Bookstore,GEZ-2109,Red,Motorcycle,"[""Missing hubcap"", ""Dented rear bumper""]"
1788214950,Hospital,EQL-6876,Green,Bus,"[""Cracked windshield""]"
1788215010,Bookstore,BPU-4332,White,Motorcycle,[]
1788215130,Office Back Alley,KNM-8888,Gray,Sedan,"[""Ladder rack"", ""Aftermarket exhaust""]"
1788215130,Office Back Alley,LHA-6933,Gray,Bus,"[""Missing hubcap""]"
1788215160,Bookstore,KES-9323,Maroon,Bus,"[""Spoiler"", ""Missing hubcap""]"
1788215190,Bookstore,AIT-2702,Blue,Pickup Truck,"[""Dented rear bumper"", ""Tow hitch""]"
1788215220,Bookstore,LXQ-7888,Black,Van,[]
1788215220,Office Back Alley,EVV-3567,Blue,SUV,"[""Aftermarket exhaust""]"
1788215310,Bookstore,RRC-4766,Blue,Coupe,"[""Tinted windows"", ""Tow hitch""]"
1788215340,Bookstore,KOE-4072,Beige,Pickup Truck,[]
1788215340,Bookstore,ZFD-3277,Green,Hatchback,"[""Bumper sticker"", ""Missing hubcap""]"
1788215370,Bookstore,OYU-1228,Maroon,Bus,[]
1788215400,Office Back Alley,IRY-6538,Gold,Coupe,"[""Sunroof"", ""Custom rims""]"
1788215400,Office Back Alley,RRC-4766,Blue,Coupe,"[""Tinted windows"", ""Tow hitch""]"
1788215430,Office Back Alley,ZNI-4355,Blue,Coupe,[]
1788215430,Bookstore,MDL-3261,Blue,Motorcycle,[]
1788215460,Office Back Alley,RRT-3341,Red,Sedan,"[""Tinted windows"", ""Dented rear bumper""]"
1788215490,Bookstore,BLF-4771,Gray,Sedan,[]
1788215490,Hospital,RRC-4766,Blue,Coupe,"[""Tinted windows"", ""Tow hitch""]"
1788215580,Office Back Alley,VJM-7944,Beige,Sedan,[]
1788215610,Bookstore,DYT-5541,Maroon,Hatchback,[]
1788215670,Office Back Alley,DYT-5541,Maroon,Hatchback,[]
1788215700,Hospital,RRC-4766,Blue,Coupe,"[""Tinted windows"", ""Tow hitch""]"
1788215730,Bookstore,YJG-1440,Black,Sedan,"[""Tinted windows"", ""Bumper sticker""]"
1788215760,Bookstore,NYF-1596,Silver,Pickup Truck,"[""Bumper sticker""]"
1788215790,Office Back Alley,EUA-8367,Gold,Motorcycle,"[""Ladder rack""]"
1788215820,Hospital,DYT-5541,Maroon,Hatchback,[]
1788215850,Hospital,QDH-4925,Red,Van,[]
1788215910,Hospital,ZNI-4355,Blue,Coupe,[]
1788215940,Office Back Alley,TQP-8061,Silver,Hatchback,"[""Tinted windows""]"
1788215970,Bookstore,NUN-3923,Silver,Motorcycle,"[""Roof rack"", ""Sunroof""]"
1788216000,Hospital,OGN-4489,Black,Pickup Truck,"[""Aftermarket exhaust"", ""Custom rims""]"
1788216000,Office Back Alley,WNV-7840,Red,Motorcycle,"[""Bumper sticker""]"
1788216060,Bookstore,TQP-8061,Silver,Hatchback,"[""Tinted windows""]"
1788216120,Bookstore,BPU-4332,White,Motorcycle,[]
1788216120,Bookstore,IRY-6538,Gold,Coupe,"[""Sunroof"", ""Custom rims""]"
1788216180,Hospital,QLL-8894,Black,Coupe,"[""Spoiler"", ""Bumper sticker""]"
1788216180,Hospital,BLF-4771,Gray,Sedan,[]
1788216270,Office Back Alley,HQY-7996,Maroon,Motorcycle,[]
1788216300,Bookstore,ZNI-4355,Blue,Coupe,[]
1788216330,Bookstore,OGN-4489,Black,Pickup Truck,"[""Aftermarket exhaust"", ""Custom rims""]"
1788216330,Office Back Alley,RRC-4766,Blue,Coupe,"[""Tinted windows"", ""Tow hitch""]"
1788216360,Bookstore,GEZ-2109,Red,Motorcycle,"[""Missing hubcap"", ""Dented rear bumper""]"
1788216390,Bookstore,RRC-4766,Blue,Coupe,"[""Tinted windows"", ""Tow hitch""]"
1788216390,Bookstore,CIU-8112,Maroon,Bus,"[""Dented rear bumper"", ""Tow hitch""]"
1788216390,Hospital,BGW-3337,Silver,Bus,"[""Bumper sticker""]"
1788216450,Office Back Alley,ZIG-1175,Black,Bus,[]
1788216480,Office Back Alley,RRT-3341,Red,Sedan,"[""Tinted windows"", ""Dented rear bumper""]"
1788216510,Office Back Alley,BPU-4332,White,Motorcycle,[]
1788216510,Hospital,BLF-4771,Gray,Sedan,[]
1788216510,Bookstore,YTG-6287,Green,Coupe,"[""Bumper sticker"", ""Tow hitch""]"
1788216510,Bookstore,RTJ-3423,Gold,Sedan,[]
1788216570,Bookstore,OYU-1228,Maroon,Bus,[]
1788216600,Bookstore,EWE-8741,Blue,Bus,"[""Custom rims""]"
1788216630,Bookstore,IMH-7658,Gray,Hatchback,"[""Tinted windows""]"
1788216660,Bookstore,LXQ-7888,Black,Van,[]
1788216690,Bookstore,TML-3408,Red,Motorcycle,"[""Spoiler"", ""Custom rims""]"
1788216720,Hospital,QDH-4925,Red,Van,[]
1788216720,Bookstore,AIT-2702,Blue,Pickup Truck,"[""Dented rear bumper"", ""Tow hitch""]"
1788216750,Bookstore,BPU-4332,White,Motorcycle,[]
1788216810,Bookstore,FHL-3560,Silver,Van,[]
1788216870,Hospital,VDV-4194,White,Coupe,[]
1788216870,Bookstore,UJS-4783,Red,Bus,"[""Spoiler""]"
1788216900,Bookstore,LHA-6933,Gray,Bus,"[""Missing hubcap""]"
1788216990,Bookstore,EVV-3567,Blue,SUV,"[""Aftermarket exhaust""]"
1788216990,Hospital,EHW-3879,Maroon,Coupe,[]
1788217020,Hospital,IRY-6538,Gold,Coupe,"[""Sunroof"", ""Custom rims""]"
1788217110,Office Back Alley,RRC-4766,Blue,Coupe,"[""Tinted windows"", ""Tow hitch""]"
1788217410,Bookstore,VJM-7944,Beige,Sedan,[]
1788217440,Bookstore,IRY-6538,Gold,Coupe,"[""Sunroof"", ""Custom rims""]"
1788217440,Bookstore,OGN-4489,Black,Pickup Truck,"[""Aftermarket exhaust"", ""Custom rims""]"
1788217440,Bookstore,DYT-5541,Maroon,Hatchback,[]
1788217620,Bookstore,EUA-8367,Gold,Motorcycle,"[""Ladder rack""]"
1788217620,Hospital,FCH-7617,Maroon,Sedan,[]
1788217680,Bookstore,ZFD-3277,Green,Hatchback,"[""Bumper sticker"", ""Missing hubcap""]"
1788217740,Office Back Alley,BPU-4332,White,Motorcycle,[]
1788217770,Bookstore,HQY-7996,Maroon,Motorcycle,[]
1788217770,Bookstore,TQP-8061,Silver,Hatchback,"[""Tinted windows""]"
1788217890,Bookstore,FCH-7617,Maroon,Sedan,[]
1788217890,Hospital,IRY-6538,Gold,Coupe,"[""Sunroof"", ""Custom rims""]"
1788218010,Office Back Alley,BGW-3337,Silver,Bus,"[""Bumper sticker""]"
1788218040,Bookstore,HQY-7996,Maroon,Motorcycle,[]
1788218100,Bookstore,ROX-9271,Gray,Coupe,"[""Custom rims"", ""Roof rack""]"
1788218100,Bookstore,RRC-4766,Blue,Coupe,"[""Tinted windows"", ""Tow hitch""]"
1788218130,Office Back Alley,BLF-4771,Gray,Sedan,[]
1788218130,Office Back Alley,OGN-4489,Black,Pickup Truck,"[""Aftermarket exhaust"", ""Custom rims""]"
1788218160,Bookstore,QLL-8894,Black,Coupe,"[""Spoiler"", ""Bumper sticker""]"
1788218190,Hospital,NYF-1596,Silver,Pickup Truck,"[""Bumper sticker""]"
1788218190,Hospital,DOP-3475,Silver,SUV,[]
1788218250,Bookstore,RRT-3341,Red,Sedan,"[""Tinted windows"", ""Dented rear bumper""]"
1788218340,Hospital,FYR-2853,Gold,SUV,"[""Missing hubcap"", ""Aftermarket exhaust""]"
1788218370,Bookstore,IMH-7658,Gray,Hatchback,"[""Tinted windows""]"
1788218370,Hospital,HUK-4229,White,Coupe,"[""Tinted windows""]"
1788218460,Bookstore,BTZ-5167,Silver,Coupe,[]
1788218490,Office Back Alley,VDV-4194,White,Coupe,[]
1788218670,Bookstore,VQJ-3851,Beige,Hatchback,[]
1788218700,Bookstore,TQP-8061,Silver,Hatchback,"[""Tinted windows""]"
1788219000,Bookstore,CIU-8112,Maroon,Bus,"[""Dented rear bumper"", ""Tow hitch""]"
1788219030,Hospital,FYR-2853,Gold,SUV,"[""Missing hubcap"", ""Aftermarket exhaust""]"
1788219060,Office Back Alley,OGN-4489,Black,Pickup Truck,"[""Aftermarket exhaust"", ""Custom rims""]"
1788219570,Office Back Alley,RRC-4766,Blue,Coupe,"[""Tinted windows"", ""Tow hitch""]"
1788219780,Hospital,HYS-9092,Gray,Coupe,"[""Roof rack"", ""Dented rear bumper""]"
1788219870,Hospital,EHW-3879,Maroon,Coupe,[]
1788219990,Office Back Alley,HUK-4229,White,Coupe,"[""Tinted windows""]"
1788220020,Hospital,IMH-7658,Gray,Hatchback,"[""Tinted windows""]"
1788220560,Bookstore,RTJ-3423,Gold,Sedan,[]
1788220770,Hospital,EJJ-5605,Red,Bus,"[""Tinted windows"", ""Aftermarket exhaust""]"
1788220830,Bookstore,NYF-1596,Silver,Pickup Truck,"[""Bumper sticker""]"
1788220890,Hospital,ZNI-4355,Blue,Coupe,[]
1788221040,Bookstore,BLF-4771,Gray,Sedan,[]
1788221490,Office Back Alley,EHW-3879,Maroon,Coupe,[]
1788221550,Hospital,KES-9323,Maroon,Bus,"[""Spoiler"", ""Missing hubcap""]"
1788242670,Hospital,IRY-6538,Gold,Coupe,"[""Sunroof"", ""Custom rims""]"
1788243360,Hospital,IMH-7658,Gray,Hatchback,"[""Tinted windows""]"
1788243480,Hospital,EHW-3879,Maroon,Coupe,[]
1788243810,Hospital,WNV-7840,Red,Motorcycle,"[""Bumper sticker""]"
1788244020,Office Back Alley,BLF-4771,Gray,Sedan,[]
1788244140,Hospital,HYS-9092,Gray,Coupe,"[""Roof rack"", ""Dented rear bumper""]"
1788244200,Hospital,FYR-2853,Gold,SUV,"[""Missing hubcap"", ""Aftermarket exhaust""]"
1788244350,Office Back Alley,DYT-5541,Maroon,Hatchback,[]
1788244470,Office Back Alley,ZNI-4355,Blue,Coupe,[]
1788245250,Office Back Alley,DYT-5541,Maroon,Hatchback,[]
1788245550,Bookstore,TML-3408,Red,Motorcycle,"[""Spoiler"", ""Custom rims""]"
1788245550,Office Back Alley,BLF-4771,Gray,Sedan,[]
1788245640,Bookstore,NYF-1596,Silver,Pickup Truck,"[""Bumper sticker""]"
1788245670,Office Back Alley,ZNI-4355,Blue,Coupe,[]
1788245730,Office Back Alley,HYS-9092,Gray,Coupe,"[""Roof rack"", ""Dented rear bumper""]"
1788245760,Bookstore,VKM-8657,Blue,Sedan,"[""Custom rims""]"
1788245760,Bookstore,IUT-7188,Gray,Bus,"[""Sunroof""]"
1788245820,Bookstore,FCH-7617,Maroon,Sedan,[]
1788246120,Bookstore,TQP-8061,Silver,Hatchback,"[""Tinted windows""]"
1788246270,Bookstore,YTG-6287,Green,Coupe,"[""Bumper sticker"", ""Tow hitch""]"
1788246330,Bookstore,DOP-3475,Silver,SUV,[]
1788246420,Bookstore,TXI-5471,White,Pickup Truck,[]
1788246420,Office Back Alley,EHW-3879,Maroon,Coupe,[]
1788246600,Bookstore,IMH-7658,Gray,Hatchback,"[""Tinted windows""]"
1788246690,Bookstore,VJM-7944,Beige,Sedan,[]
1788246720,Hospital,EUA-8367,Gold,Motorcycle,"[""Ladder rack""]"
1788246750,Bookstore,CZA-9416,Black,Bus,[]
1788246750,Office Back Alley,HYS-9092,Gray,Coupe,"[""Roof rack"", ""Dented rear bumper""]"
1788246840,Office Back Alley,KNM-8888,Gray,Sedan,"[""Ladder rack"", ""Aftermarket exhaust""]"
1788246840,Bookstore,BPU-4332,White,Motorcycle,[]
1788246840,Bookstore,OYU-1228,Maroon,Bus,[]
1788246840,Bookstore,OGN-4489,Black,Pickup Truck,"[""Aftermarket exhaust"", ""Custom rims""]"
1788246870,Bookstore,RRC-4766,Blue,Coupe,"[""Tinted windows"", ""Tow hitch""]"
1788246870,Office Back Alley,QLL-8894,Black,Coupe,"[""Spoiler"", ""Bumper sticker""]"
1788246900,Office Back Alley,BLF-4771,Gray,Sedan,[]
1788246990,Bookstore,ABS-2643,Gold,Pickup Truck,"[""Tow hitch"", ""Missing hubcap""]"
1788246990,Bookstore,EQL-6876,Green,Bus,"[""Cracked windshield""]"
1788247020,Bookstore,DYT-5541,Maroon,Hatchback,[]
1788247080,Bookstore,RRT-3341,Red,Sedan,"[""Tinted windows"", ""Dented rear bumper""]"
1788247170,Hospital,BLF-4771,Gray,Sedan,[]
1788247200,Bookstore,RQA-7745,Red,Motorcycle,"[""Sunroof""]"
1788247350,Office Back Alley,EJJ-5605,Red,Bus,"[""Tinted windows"", ""Aftermarket exhaust""]"
1788247410,Bookstore,DOP-3475,Silver,SUV,[]
1788247440,Bookstore,YTG-6287,Green,Coupe,"[""Bumper sticker"", ""Tow hitch""]"
1788247560,Office Back Alley,IUT-7188,Gray,Bus,"[""Sunroof""]"
1788247560,Bookstore,FCH-7617,Maroon,Sedan,[]
1788247590,Bookstore,TXI-5471,White,Pickup Truck,[]
1788247620,Bookstore,TQP-8061,Silver,Hatchback,"[""Tinted windows""]"
1788247650,Office Back Alley,KES-9323,Maroon,Bus,"[""Spoiler"", ""Missing hubcap""]"
1788247680,Office Back Alley,HUK-4229,White,Coupe,"[""Tinted windows""]"
1788247740,Bookstore,TML-3408,Red,Motorcycle,"[""Spoiler"", ""Custom rims""]"
1788247920,Office Back Alley,TQP-8061,Silver,Hatchback,"[""Tinted windows""]"
1788247950,Office Back Alley,BPU-4332,White,Motorcycle,[]
1788248010,Hospital,EHW-3879,Maroon,Coupe,[]
1788248100,Bookstore,LXQ-7888,Black,Van,[]
1788248100,Bookstore,AIT-2702,Blue,Pickup Truck,"[""Dented rear bumper"", ""Tow hitch""]"
1788248160,Office Back Alley,MDL-3261,Blue,Motorcycle,[]
1788248250,Bookstore,DYT-5541,Maroon,Hatchback,[]
1788248340,Office Back Alley,EUA-8367,Gold,Motorcycle,"[""Ladder rack""]"
1788248340,Hospital,EHW-3879,Maroon,Coupe,[]
1788248340,Bookstore,EYH-6407,Black,Bus,"[""Custom rims"", ""Tinted windows""]"
1788248520,Hospital,BLF-4771,Gray,Sedan,[]
1788248520,Bookstore,HYS-9092,Gray,Coupe,"[""Roof rack"", ""Dented rear bumper""]"
1788248550,Bookstore,BGW-3337,Silver,Bus,"[""Bumper sticker""]"
1788248550,Bookstore,ZNI-4355,Blue,Coupe,[]
1788248580,Hospital,HQY-7996,Maroon,Motorcycle,[]
1788248580,Office Back Alley,ZNI-4355,Blue,Coupe,[]
1788248610,Office Back Alley,IUT-7188,Gray,Bus,"[""Sunroof""]"
1788248640,Office Back Alley,BPU-4332,White,Motorcycle,[]
1788248640,Office Back Alley,OYU-1228,Maroon,Bus,[]
1788248640,Office Back Alley,OGN-4489,Black,Pickup Truck,"[""Aftermarket exhaust"", ""Custom rims""]"
1788248640,Hospital,XOW-5609,Gray,Sedan,"[""Sunroof"", ""Roof rack""]"
1788248670,Office Back Alley,RRC-4766,Blue,Coupe,"[""Tinted windows"", ""Tow hitch""]"
1788248760,Bookstore,CZA-9416,Black,Bus,[]
1788248850,Bookstore,NUN-3923,Silver,Motorcycle,"[""Roof rack"", ""Sunroof""]"
1788248880,Office Back Alley,RRT-3341,Red,Sedan,"[""Tinted windows"", ""Dented rear bumper""]"
1788248940,Office Back Alley,EJJ-5605,Red,Bus,"[""Tinted windows"", ""Aftermarket exhaust""]"
1788248970,Hospital,EVV-3567,Blue,SUV,"[""Aftermarket exhaust""]"
1788249030,Hospital,FHL-3560,Silver,Van,[]
1788249060,Bookstore,AIT-2702,Blue,Pickup Truck,"[""Dented rear bumper"", ""Tow hitch""]"
1788249120,Hospital,OYU-1228,Maroon,Bus,[]
1788249180,Bookstore,HQY-7996,Maroon,Motorcycle,[]
1788249210,Office Back Alley,DOP-3475,Silver,SUV,[]
1788249240,Bookstore,EQL-6876,Green,Bus,"[""Cracked windshield""]"
1788249240,Bookstore,VDV-4194,White,Coupe,[]
1788249300,Office Back Alley,FCH-7617,Maroon,Sedan,[]
1788249300,Hospital,OGN-4489,Black,Pickup Truck,"[""Aftermarket exhaust"", ""Custom rims""]"
1788249330,Bookstore,VKM-8657,Blue,Sedan,"[""Custom rims""]"
1788249330,Bookstore,IMH-7658,Gray,Hatchback,"[""Tinted windows""]"
1788249360,Bookstore,YJG-1440,Black,Sedan,"[""Tinted windows"", ""Bumper sticker""]"
1788249360,Office Back Alley,HUK-4229,White,Coupe,"[""Tinted windows""]"
1788249420,Office Back Alley,TQP-8061,Silver,Hatchback,"[""Tinted windows""]"
1788249420,Bookstore,ZYZ-1012,Beige,Motorcycle,"[""Spoiler""]"
1788249480,Bookstore,TBJ-5379,Green,Coupe,"[""Bumper sticker""]"
1788249480,Office Back Alley,TML-3408,Red,Motorcycle,"[""Spoiler"", ""Custom rims""]"
1788249510,Office Back Alley,VJM-7944,Beige,Sedan,[]
1788249510,Office Back Alley,CZA-9416,Black,Bus,[]
1788249540,Hospital,WNV-7840,Red,Motorcycle,"[""Bumper sticker""]"
1788249570,Office Back Alley,BPU-4332,White,Motorcycle,[]
1788249570,Office Back Alley,KNM-8888,Gray,Sedan,"[""Ladder rack"", ""Aftermarket exhaust""]"
1788249570,Office Back Alley,QLL-8894,Black,Coupe,"[""Spoiler"", ""Bumper sticker""]"
1788249600,Bookstore,BGW-3337,Silver,Bus,"[""Bumper sticker""]"
1788249690,Bookstore,FCH-7617,Maroon,Sedan,[]
1788249900,Office Back Alley,LXQ-7888,Black,Van,[]
1788249900,Office Back Alley,AIT-2702,Blue,Pickup Truck,"[""Dented rear bumper"", ""Tow hitch""]"
1788249930,Bookstore,LUG-7654,Black,Bus,"[""Bumper sticker""]"
1788249960,Office Back Alley,EHW-3879,Maroon,Coupe,[]
1788250020,Office Back Alley,OGN-4489,Black,Pickup Truck,"[""Aftermarket exhaust"", ""Custom rims""]"
1788250110,Office Back Alley,EYH-6407,Black,Bus,"[""Custom rims"", ""Tinted windows""]"
1788250140,Office Back Alley,RRT-3341,Red,Sedan,"[""Tinted windows"", ""Dented rear bumper""]"
1788250200,Office Back Alley,HQY-7996,Maroon,Motorcycle,[]
1788250230,Office Back Alley,MDL-3261,Blue,Motorcycle,[]
1788250230,Office Back Alley,KES-9323,Maroon,Bus,"[""Spoiler"", ""Missing hubcap""]"
1788250260,Bookstore,IMH-7658,Gray,Hatchback,"[""Tinted windows""]"
1788250260,Bookstore,BPU-4332,White,Motorcycle,[]
1788250260,Office Back Alley,TQP-8061,Silver,Hatchback,"[""Tinted windows""]"
1788250260,Office Back Alley,XOW-5609,Gray,Sedan,"[""Sunroof"", ""Roof rack""]"
1788250410,Office Back Alley,EUA-8367,Gold,Motorcycle,"[""Ladder rack""]"
1788250410,Office Back Alley,QDH-4925,Red,Van,[]
1788250440,Office Back Alley,DOP-3475,Silver,SUV,[]
1788250440,Bookstore,TBJ-5379,Green,Coupe,"[""Bumper sticker""]"
1788250470,Office Back Alley,FCH-7617,Maroon,Sedan,[]
1788250590,Office Back Alley,EVV-3567,Blue,SUV,"[""Aftermarket exhaust""]"
1788250620,Bookstore,RQA-7745,Red,Motorcycle,"[""Sunroof""]"
1788250650,Bookstore,DOP-3475,Silver,SUV,[]
1788250650,Office Back Alley,IUT-7188,Gray,Bus,"[""Sunroof""]"
1788250650,Office Back Alley,FHL-3560,Silver,Van,[]
1788250710,Office Back Alley,ZNI-4355,Blue,Coupe,[]
1788250800,Office Back Alley,TML-3408,Red,Motorcycle,"[""Spoiler"", ""Custom rims""]"
1788250800,Office Back Alley,RRC-4766,Blue,Coupe,"[""Tinted windows"", ""Tow hitch""]"
1788250830,Bookstore,ZNI-4355,Blue,Coupe,[]
1788250890,Hospital,LHA-6933,Gray,Bus,"[""Missing hubcap""]"
1788250890,Office Back Alley,BPU-4332,White,Motorcycle,[]
1788250890,Office Back Alley,VJM-7944,Beige,Sedan,[]
1788250920,Office Back Alley,OGN-4489,Black,Pickup Truck,"[""Aftermarket exhaust"", ""Custom rims""]"
1788250920,Bookstore,VAP-5225,Silver,Hatchback,"[""Cracked windshield"", ""Tinted windows""]"
1788250950,Office Back Alley,OYU-1228,Maroon,Bus,[]
1788250980,Office Back Alley,RRC-4766,Blue,Coupe,"[""Tinted windows"", ""Tow hitch""]"
1788251010,Hospital,HUK-4229,White,Coupe,"[""Tinted windows""]"
1788251010,Hospital,KOE-4072,Beige,Pickup Truck,[]
1788251040,Bookstore,BTZ-5167,Silver,Coupe,[]
1788251130,Bookstore,FYR-2853,Gold,SUV,"[""Missing hubcap"", ""Aftermarket exhaust""]"
1788251130,Office Back Alley,YJG-1440,Black,Sedan,"[""Tinted windows"", ""Bumper sticker""]"
1788251160,Bookstore,NYF-1596,Silver,Pickup Truck,"[""Bumper sticker""]"
1788251160,Office Back Alley,WNV-7840,Red,Motorcycle,"[""Bumper sticker""]"
1788251190,Office Back Alley,LXQ-7888,Black,Van,[]
1788251220,Bookstore,RRC-4766,Blue,Coupe,"[""Tinted windows"", ""Tow hitch""]"
1788251220,Hospital,VJM-7944,Beige,Sedan,[]
1788251280,Bookstore,EQL-6876,Green,Bus,"[""Cracked windshield""]"
1788251280,Bookstore,IRY-6538,Gold,Coupe,"[""Sunroof"", ""Custom rims""]"
1788251310,Bookstore,UJS-4783,Red,Bus,"[""Spoiler""]"
1788251340,Bookstore,NUN-3923,Silver,Motorcycle,"[""Roof rack"", ""Sunroof""]"
1788251340,Bookstore,ABS-2643,Gold,Pickup Truck,"[""Tow hitch"", ""Missing hubcap""]"
1788251340,Bookstore,QLL-8894,Black,Coupe,"[""Spoiler"", ""Bumper sticker""]"
1788251340,Office Back Alley,HQY-7996,Maroon,Motorcycle,[]
1788251370,Bookstore,DYT-5541,Maroon,Hatchback,[]
1788251400,Bookstore,FCH-7617,Maroon,Sedan,[]
1788251400,Office Back Alley,CZA-9416,Black,Bus,[]
1788251400,Office Back Alley,OGN-4489,Black,Pickup Truck,"[""Aftermarket exhaust"", ""Custom rims""]"
1788251430,Bookstore,NKO-5227,Gray,Motorcycle,"[""Roof rack""]"
1788251430,Hospital,IRY-6538,Gold,Coupe,"[""Sunroof"", ""Custom rims""]"
1788251430,Office Back Alley,TQP-8061,Silver,Hatchback,"[""Tinted windows""]"
1788251520,Bookstore,TQP-8061,Silver,Hatchback,"[""Tinted windows""]"
1788251550,Office Back Alley,KNM-8888,Gray,Sedan,"[""Ladder rack"", ""Aftermarket exhaust""]"
1788251580,Hospital,NYF-1596,Silver,Pickup Truck,"[""Bumper sticker""]"
1788251580,Bookstore,TXI-5471,White,Pickup Truck,[]
1788251580,Bookstore,EWE-8741,Blue,Bus,"[""Custom rims""]"
1788251580,Office Back Alley,DOP-3475,Silver,SUV,[]
1788251580,Office Back Alley,AIT-2702,Blue,Pickup Truck,"[""Dented rear bumper"", ""Tow hitch""]"
1788251640,Bookstore,IRY-6538,Gold,Coupe,"[""Sunroof"", ""Custom rims""]"
1788251640,Hospital,OYU-1228,Maroon,Bus,[]
1788251670,Office Back Alley,BPU-4332,White,Motorcycle,[]
1788251700,Bookstore,ZFD-3277,Green,Hatchback,"[""Bumper sticker"", ""Missing hubcap""]"
1788251760,Office Back Alley,XOW-5609,Gray,Sedan,"[""Sunroof"", ""Roof rack""]"
1788251760,Office Back Alley,EYH-6407,Black,Bus,"[""Custom rims"", ""Tinted windows""]"
1788251790,Bookstore,BPU-4332,White,Motorcycle,[]
1788251820,Office Back Alley,DOP-3475,Silver,SUV,[]
1788251850,Hospital,MDL-3261,Blue,Motorcycle,[]
1788251850,Bookstore,ZYZ-1012,Beige,Motorcycle,"[""Spoiler""]"
1788251880,Hospital,NVS-7383,Gold,Van,"[""Aftermarket exhaust"", ""Ladder rack""]"
1788251880,Hospital,RBG-4071,Blue,Bus,"[""Bumper sticker"", ""Ladder rack""]"
1788251910,Hospital,BLF-4771,Gray,Sedan,[]
1788252030,Bookstore,GEZ-2109,Red,Motorcycle,"[""Missing hubcap"", ""Dented rear bumper""]"
1788252030,Hospital,RTJ-3423,Gold,Sedan,[]
1788252090,Bookstore,TQP-8061,Silver,Hatchback,"[""Tinted windows""]"
1788252120,Office Back Alley,RRC-4766,Blue,Coupe,"[""Tinted windows"", ""Tow hitch""]"
1788252150,Office Back Alley,WNV-7840,Red,Motorcycle,"[""Bumper sticker""]"
1788252180,Office Back Alley,EHW-3879,Maroon,Coupe,[]
1788252210,Hospital,UHR-2612,White,Pickup Truck,[]
1788252240,Bookstore,FCH-7617,Maroon,Sedan,[]
1788252270,Bookstore,ZGK-3461,Blue,Van,[]
1788252270,Hospital,WUB-4659,Black,Pickup Truck,"[""Sunroof""]"
1788252330,Hospital,ZNI-4355,Blue,Coupe,[]
1788252330,Office Back Alley,QDH-4925,Red,Van,[]
1788252360,Bookstore,DYT-5541,Maroon,Hatchback,[]
1788252390,Hospital,QDH-4925,Red,Van,[]
1788252510,Hospital,BPU-4332,White,Motorcycle,[]
1788252510,Office Back Alley,LHA-6933,Gray,Bus,"[""Missing hubcap""]"
1788252540,Hospital,RRC-4766,Blue,Coupe,"[""Tinted windows"", ""Tow hitch""]"
1788252570,Bookstore,TML-3408,Red,Motorcycle,"[""Spoiler"", ""Custom rims""]"
1788252630,Hospital,RRC-4766,Blue,Coupe,"[""Tinted windows"", ""Tow hitch""]"
1788252690,Hospital,ROX-9271,Gray,Coupe,"[""Custom rims"", ""Roof rack""]"
1788252690,Office Back Alley,FHL-3560,Silver,Van,[]
1788252690,Office Back Alley,BLF-4771,Gray,Sedan,[]
1788252780,Hospital,VQJ-3851,Beige,Hatchback,[]
1788252840,Office Back Alley,VJM-7944,Beige,Sedan,[]
1788252930,Office Back Alley,EVV-3567,Blue,SUV,"[""Aftermarket exhaust""]"
1788252930,Office Back Alley,RRC-4766,Blue,Coupe,"[""Tinted windows"", ""Tow hitch""]"
1788253050,Office Back Alley,YJG-1440,Black,Sedan,"[""Tinted windows"", ""Bumper sticker""]"
1788253050,Office Back Alley,ZIG-1175,Black,Bus,[]
1788253110,Bookstore,EJJ-5605,Red,Bus,"[""Tinted windows"", ""Aftermarket exhaust""]"
1788253110,Office Back Alley,ABS-2643,Gold,Pickup Truck,"[""Tow hitch"", ""Missing hubcap""]"
1788253230,Hospital,AIT-2702,Blue,Pickup Truck,"[""Dented rear bumper"", ""Tow hitch""]"
1788253260,Hospital,QLL-8894,Black,Coupe,"[""Spoiler"", ""Bumper sticker""]"
1788253260,Office Back Alley,OYU-1228,Maroon,Bus,[]
1788253260,Bookstore,NKO-5227,Gray,Motorcycle,"[""Roof rack""]"
1788253260,Bookstore,QDH-4925,Red,Van,[]
1788253290,Bookstore,DYT-5541,Maroon,Hatchback,[]
1788253320,Office Back Alley,OGN-4489,Black,Pickup Truck,"[""Aftermarket exhaust"", ""Custom rims""]"
1788253380,Hospital,CIU-8112,Maroon,Bus,"[""Dented rear bumper"", ""Tow hitch""]"
1788253380,Office Back Alley,EWE-8741,Blue,Bus,"[""Custom rims""]"
1788253410,Hospital,HQY-7996,Maroon,Motorcycle,[]
1788253440,Bookstore,GEZ-2109,Red,Motorcycle,"[""Missing hubcap"", ""Dented rear bumper""]"
1788253440,Office Back Alley,IRY-6538,Gold,Coupe,"[""Sunroof"", ""Custom rims""]"
1788253500,Office Back Alley,RBG-4071,Blue,Bus,"[""Bumper sticker"", ""Ladder rack""]"
1788253500,Bookstore,BPU-4332,White,Motorcycle,[]
1788253530,Office Back Alley,OGN-4489,Black,Pickup Truck,"[""Aftermarket exhaust"", ""Custom rims""]"
1788253530,Bookstore,XOW-5609,Gray,Sedan,"[""Sunroof"", ""Roof rack""]"
1788253650,Bookstore,AIT-2702,Blue,Pickup Truck,"[""Dented rear bumper"", ""Tow hitch""]"
1788253710,Hospital,KES-9323,Maroon,Bus,"[""Spoiler"", ""Missing hubcap""]"
1788253710,Bookstore,CZA-9416,Black,Bus,[]
1788253830,Office Back Alley,UHR-2612,White,Pickup Truck,[]
1788253830,Hospital,EHW-3879,Maroon,Coupe,[]
1788253950,Hospital,EHW-3879,Maroon,Coupe,[]
1788254010,Bookstore,EQL-6876,Green,Bus,"[""Cracked windshield""]"
1788254040,Office Back Alley,VJM-7944,Beige,Sedan,[]
1788254190,Office Back Alley,EWE-8741,Blue,Bus,"[""Custom rims""]"
1788254250,Office Back Alley,LHA-6933,Gray,Bus,"[""Missing hubcap""]"
1788254310,Hospital,FHL-3560,Silver,Van,[]
1788254340,Hospital,BLF-4771,Gray,Sedan,[]
1788254430,Bookstore,IRY-6538,Gold,Coupe,"[""Sunroof"", ""Custom rims""]"
1788254430,Bookstore,IMH-7658,Gray,Hatchback,"[""Tinted windows""]"
1788254460,Office Back Alley,IRY-6538,Gold,Coupe,"[""Sunroof"", ""Custom rims""]"
1788254520,Bookstore,BTZ-5167,Silver,Coupe,[]
1788254550,Bookstore,VKM-8657,Blue,Sedan,"[""Custom rims""]"
1788254580,Hospital,EVV-3567,Blue,SUV,"[""Aftermarket exhaust""]"
1788254670,Hospital,YJG-1440,Black,Sedan,"[""Tinted windows"", ""Bumper sticker""]"
1788254910,Bookstore,TQP-8061,Silver,Hatchback,"[""Tinted windows""]"
1788254940,Bookstore,ZNI-4355,Blue,Coupe,[]
1788255030,Office Back Alley,DYT-5541,Maroon,Hatchback,[]
1788255060,Office Back Alley,QDH-4925,Red,Van,[]
1788255180,Office Back Alley,GEZ-2109,Red,Motorcycle,"[""Missing hubcap"", ""Dented rear bumper""]"
1788255210,Office Back Alley,ABS-2643,Gold,Pickup Truck,"[""Tow hitch"", ""Missing hubcap""]"
1788255240,Office Back Alley,EQL-6876,Green,Bus,"[""Cracked windshield""]"
1788255240,Office Back Alley,BPU-4332,White,Motorcycle,[]
1788255540,Bookstore,FYR-2853,Gold,SUV,"[""Missing hubcap"", ""Aftermarket exhaust""]"
1788255600,Bookstore,NYF-1596,Silver,Pickup Truck,"[""Bumper sticker""]"
1788255780,Bookstore,UJS-4783,Red,Bus,"[""Spoiler""]"
1788255840,Hospital,EWE-8741,Blue,Bus,"[""Custom rims""]"
1788255870,Hospital,LHA-6933,Gray,Bus,"[""Missing hubcap""]"
1788255900,Bookstore,BPU-4332,White,Motorcycle,[]
1788255930,Bookstore,RRC-4766,Blue,Coupe,"[""Tinted windows"", ""Tow hitch""]"
1788256110,Hospital,IRY-6538,Gold,Coupe,"[""Sunroof"", ""Custom rims""]"
1788256200,Office Back Alley,IRY-6538,Gold,Coupe,"[""Sunroof"", ""Custom rims""]"
1788256230,Bookstore,DYT-5541,Maroon,Hatchback,[]
1788256410,Hospital,KOE-4072,Beige,Pickup Truck,[]
1788256410,Hospital,BGW-3337,Silver,Bus,"[""Bumper sticker""]"
1788256560,Hospital,DOP-3475,Silver,SUV,[]
1788256620,Bookstore,QLL-8894,Black,Coupe,"[""Spoiler"", ""Bumper sticker""]"
1788256680,Hospital,DYT-5541,Maroon,Hatchback,[]
1788256680,Office Back Alley,TQP-8061,Silver,Hatchback,"[""Tinted windows""]"
1788256770,Hospital,IRY-6538,Gold,Coupe,"[""Sunroof"", ""Custom rims""]"
1788256860,Hospital,EQL-6876,Green,Bus,"[""Cracked windshield""]"
1788256920,Hospital,NYF-1596,Silver,Pickup Truck,"[""Bumper sticker""]"
1788256980,Hospital,ROX-9271,Gray,Coupe,"[""Custom rims"", ""Roof rack""]"
1788257010,Bookstore,ZNI-4355,Blue,Coupe,[]
1788257370,Office Back Alley,NYF-1596,Silver,Pickup Truck,"[""Bumper sticker""]"
1788257460,Hospital,RRC-4766,Blue,Coupe,"[""Tinted windows"", ""Tow hitch""]"
1788257550,Hospital,VQJ-3851,Beige,Hatchback,[]
1788257550,Office Back Alley,QDH-4925,Red,Van,[]
1788257550,Office Back Alley,UJS-4783,Red,Bus,"[""Spoiler""]"
1788257670,Office Back Alley,BPU-4332,White,Motorcycle,[]
1788257670,Hospital,QDH-4925,Red,Van,[]
1788257700,Office Back Alley,RRC-4766,Blue,Coupe,"[""Tinted windows"", ""Tow hitch""]"
1788257910,Hospital,QLL-8894,Black,Coupe,"[""Spoiler"", ""Bumper sticker""]"
1788258030,Office Back Alley,KOE-4072,Beige,Pickup Truck,[]
1788258060,Bookstore,LUG-7654,Black,Bus,"[""Bumper sticker""]"
1788258390,Office Back Alley,QLL-8894,Black,Coupe,"[""Spoiler"", ""Bumper sticker""]"
1788258420,Bookstore,VDV-4194,White,Coupe,[]
1788258600,Office Back Alley,ROX-9271,Gray,Coupe,"[""Custom rims"", ""Roof rack""]"
1788259290,Hospital,BPU-4332,White,Motorcycle,[]
1788259290,Office Back Alley,QDH-4925,Red,Van,[]
1788259320,Bookstore,QDH-4925,Red,Van,[]
1788259320,Hospital,CIU-8112,Maroon,Bus,"[""Dented rear bumper"", ""Tow hitch""]"
1788259530,Office Back Alley,QLL-8894,Black,Coupe,"[""Spoiler"", ""Bumper sticker""]"
1788259560,Bookstore,RQA-7745,Red,Motorcycle,"[""Sunroof""]"
1788259590,Bookstore,FCH-7617,Maroon,Sedan,[]
1788259860,Office Back Alley,LUG-7654,Black,Bus,"[""Bumper sticker""]"
1788260220,Office Back Alley,VDV-4194,White,Coupe,[]
1788261390,Office Back Alley,FCH-7617,Maroon,Sedan,[]
1788282390,Office Back Alley,IUT-7188,Gray,Bus,"[""Sunroof""]"
1788282450,Office Back Alley,KES-9323,Maroon,Bus,"[""Spoiler"", ""Missing hubcap""]"
1788282600,Office Back Alley,WNV-7840,Red,Motorcycle,"[""Bumper sticker""]"
1788282630,Hospital,IRY-6538,Gold,Coupe,"[""Sunroof"", ""Custom rims""]"
1788282660,Hospital,EHW-3879,Maroon,Coupe,[]
1788282870,Hospital,ZNI-4355,Blue,Coupe,[]
1788283050,Office Back Alley,VQJ-3851,Beige,Hatchback,[]
1788283290,Office Back Alley,NKO-5227,Gray,Motorcycle,"[""Roof rack""]"
1788283320,Office Back Alley,DYT-5541,Maroon,Hatchback,[]
1788283350,Bookstore,IMH-7658,Gray,Hatchback,"[""Tinted windows""]"
1788283380,Office Back Alley,CIU-8112,Maroon,Bus,"[""Dented rear bumper"", ""Tow hitch""]"
1788283410,Hospital,HQY-7996,Maroon,Motorcycle,[]
1788283530,Hospital,EWE-8741,Blue,Bus,"[""Custom rims""]"
1788283530,Office Back Alley,OYU-1228,Maroon,Bus,[]
1788283560,Hospital,RRC-4766,Blue,Coupe,"[""Tinted windows"", ""Tow hitch""]"
1788283560,Hospital,BPU-4332,White,Motorcycle,[]
1788283590,Bookstore,RRC-4766,Blue,Coupe,"[""Tinted windows"", ""Tow hitch""]"
1788283650,Hospital,AIT-2702,Blue,Pickup Truck,"[""Dented rear bumper"", ""Tow hitch""]"
1788283650,Office Back Alley,OYU-1228,Maroon,Bus,[]
1788283680,Hospital,FHL-3560,Silver,Van,[]
1788283740,Office Back Alley,BTZ-5167,Silver,Coupe,[]
1788283740,Office Back Alley,DOP-3475,Silver,SUV,[]
1788283830,Hospital,IRY-6538,Gold,Coupe,"[""Sunroof"", ""Custom rims""]"
1788283830,Hospital,BPU-4332,White,Motorcycle,[]
1788283920,Office Back Alley,ZNI-4355,Blue,Coupe,[]
1788283950,Hospital,EHW-3879,Maroon,Coupe,[]
1788283950,Hospital,LHA-6933,Gray,Bus,"[""Missing hubcap""]"
1788283980,Office Back Alley,KNM-8888,Gray,Sedan,"[""Ladder rack"", ""Aftermarket exhaust""]"
1788284010,Office Back Alley,VQJ-3851,Beige,Hatchback,[]
1788284010,Office Back Alley,TQP-8061,Silver,Hatchback,"[""Tinted windows""]"
1788284010,Office Back Alley,BPU-4332,White,Motorcycle,[]
1788284040,Hospital,IUT-7188,Gray,Bus,"[""Sunroof""]"
1788284040,Office Back Alley,KOE-4072,Beige,Pickup Truck,[]
1788284040,Office Back Alley,TQP-8061,Silver,Hatchback,"[""Tinted windows""]"
1788284070,Office Back Alley,QLL-8894,Black,Coupe,"[""Spoiler"", ""Bumper sticker""]"
1788284100,Office Back Alley,UJS-4783,Red,Bus,"[""Spoiler""]"
1788284100,Office Back Alley,IRY-6538,Gold,Coupe,"[""Sunroof"", ""Custom rims""]"
1788284100,Hospital,KES-9323,Maroon,Bus,"[""Spoiler"", ""Missing hubcap""]"
1788284130,Hospital,EVV-3567,Blue,SUV,"[""Aftermarket exhaust""]"
1788284130,Office Back Alley,OYU-1228,Maroon,Bus,[]
1788284160,Office Back Alley,RRC-4766,Blue,Coupe,"[""Tinted windows"", ""Tow hitch""]"
1788284160,Bookstore,TXI-5471,White,Pickup Truck,[]
1788284160,Hospital,EQL-6876,Green,Bus,"[""Cracked windshield""]"
1788284190,Office Back Alley,QDH-4925,Red,Van,[]
1788284220,Office Back Alley,RRT-3341,Red,Sedan,"[""Tinted windows"", ""Dented rear bumper""]"
1788284220,Bookstore,EJJ-5605,Red,Bus,"[""Tinted windows"", ""Aftermarket exhaust""]"
1788284220,Hospital,WNV-7840,Red,Motorcycle,"[""Bumper sticker""]"
1788284250,Office Back Alley,CIU-8112,Maroon,Bus,"[""Dented rear bumper"", ""Tow hitch""]"
1788284250,Office Back Alley,NYF-1596,Silver,Pickup Truck,"[""Bumper sticker""]"
1788284250,Office Back Alley,GEZ-2109,Red,Motorcycle,"[""Missing hubcap"", ""Dented rear bumper""]"
1788284280,Office Back Alley,EHW-3879,Maroon,Coupe,[]
1788284280,Bookstore,IMH-7658,Gray,Hatchback,"[""Tinted windows""]"
1788284280,Hospital,DYT-5541,Maroon,Hatchback,[]
1788284310,Hospital,YJG-1440,Black,Sedan,"[""Tinted windows"", ""Bumper sticker""]"
1788284340,Office Back Alley,QLL-8894,Black,Coupe,"[""Spoiler"", ""Bumper sticker""]"
1788284340,Office Back Alley,OGN-4489,Black,Pickup Truck,"[""Aftermarket exhaust"", ""Custom rims""]"
1788284400,Office Back Alley,NKO-5227,Gray,Motorcycle,"[""Roof rack""]"
1788284430,Office Back Alley,BLF-4771,Gray,Sedan,[]
1788284490,Hospital,AIT-2702,Blue,Pickup Truck,"[""Dented rear bumper"", ""Tow hitch""]"
1788284550,Hospital,NUN-3923,Silver,Motorcycle,"[""Roof rack"", ""Sunroof""]"
1788284610,Office Back Alley,ZIG-1175,Black,Bus,[]
1788284640,Office Back Alley,OYU-1228,Maroon,Bus,[]
1788284790,Hospital,FYR-2853,Gold,SUV,"[""Missing hubcap"", ""Aftermarket exhaust""]"
1788284820,Office Back Alley,ROX-9271,Gray,Coupe,"[""Custom rims"", ""Roof rack""]"
1788284850,Office Back Alley,ZNI-4355,Blue,Coupe,[]
1788284910,Hospital,MDL-3261,Blue,Motorcycle,[]
1788284910,Hospital,CZA-9416,Black,Bus,[]
1788284910,Bookstore,HYS-9092,Gray,Coupe,"[""Roof rack"", ""Dented rear bumper""]"
1788284940,Office Back Alley,RRC-4766,Blue,Coupe,"[""Tinted windows"", ""Tow hitch""]"
1788284940,Hospital,KES-9323,Maroon,Bus,"[""Spoiler"", ""Missing hubcap""]"
1788284940,Hospital,DYT-5541,Maroon,Hatchback,[]
1788285000,Office Back Alley,LUG-7654,Black,Bus,"[""Bumper sticker""]"
1788285000,Office Back Alley,RRC-4766,Blue,Coupe,"[""Tinted windows"", ""Tow hitch""]"
1788285090,Bookstore,EYH-6407,Black,Bus,"[""Custom rims"", ""Tinted windows""]"
1788285120,Bookstore,FYR-2853,Gold,SUV,"[""Missing hubcap"", ""Aftermarket exhaust""]"
1788285150,Office Back Alley,TQP-8061,Silver,Hatchback,"[""Tinted windows""]"
1788285210,Bookstore,OGN-4489,Black,Pickup Truck,"[""Aftermarket exhaust"", ""Custom rims""]"
1788285210,Office Back Alley,BTZ-5167,Silver,Coupe,[]
1788285240,Hospital,OYU-1228,Maroon,Bus,[]
1788285300,Bookstore,HQY-7996,Maroon,Motorcycle,[]
1788285300,Office Back Alley,BPU-4332,White,Motorcycle,[]
1788285390,Bookstore,RBG-4071,Blue,Bus,"[""Bumper sticker"", ""Ladder rack""]"
1788285390,Office Back Alley,BPU-4332,White,Motorcycle,[]
1788285390,Office Back Alley,HQY-7996,Maroon,Motorcycle,[]
1788285420,Hospital,BGW-3337,Silver,Bus,"[""Bumper sticker""]"
1788285510,Office Back Alley,DOP-3475,Silver,SUV,[]
1788285510,Office Back Alley,LHA-6933,Gray,Bus,"[""Missing hubcap""]"
1788285570,Office Back Alley,FCH-7617,Maroon,Sedan,[]
1788285600,Hospital,BPU-4332,White,Motorcycle,[]
1788285630,Hospital,BLF-4771,Gray,Sedan,[]
1788285630,Hospital,KOE-4072,Beige,Pickup Truck,[]
1788285660,Hospital,QLL-8894,Black,Coupe,"[""Spoiler"", ""Bumper sticker""]"
1788285690,Office Back Alley,EVV-3567,Blue,SUV,"[""Aftermarket exhaust""]"
1788285720,Hospital,QDH-4925,Red,Van,[]
1788285720,Hospital,OYU-1228,Maroon,Bus,[]
1788285720,Office Back Alley,VDV-4194,White,Coupe,[]
1788285720,Bookstore,KNM-8888,Gray,Sedan,"[""Ladder rack"", ""Aftermarket exhaust""]"
1788285780,Bookstore,VQJ-3851,Beige,Hatchback,[]
1788285780,Bookstore,TQP-8061,Silver,Hatchback,"[""Tinted windows""]"
1788285810,Bookstore,VAP-5225,Silver,Hatchback,"[""Cracked windshield"", ""Tinted windows""]"
1788285840,Bookstore,RQA-7745,Red,Motorcycle,"[""Sunroof""]"
1788285840,Bookstore,IRY-6538,Gold,Coupe,"[""Sunroof"", ""Custom rims""]"
1788285840,Hospital,RRT-3341,Red,Sedan,"[""Tinted windows"", ""Dented rear bumper""]"
1788285840,Hospital,GEZ-2109,Red,Motorcycle,"[""Missing hubcap"", ""Dented rear bumper""]"
1788285870,Office Back Alley,YJG-1440,Black,Sedan,"[""Tinted windows"", ""Bumper sticker""]"
1788285900,Bookstore,RRC-4766,Blue,Coupe,"[""Tinted windows"", ""Tow hitch""]"
1788285930,Bookstore,QDH-4925,Red,Van,[]
1788285930,Office Back Alley,TXI-5471,White,Pickup Truck,[]
1788285960,Bookstore,DOP-3475,Silver,SUV,[]
1788285990,Bookstore,NYF-1596,Silver,Pickup Truck,"[""Bumper sticker""]"
1788286020,Hospital,BLF-4771,Gray,Sedan,[]
1788286080,Bookstore,QLL-8894,Black,Coupe,"[""Spoiler"", ""Bumper sticker""]"
1788286080,Bookstore,OGN-4489,Black,Pickup Truck,"[""Aftermarket exhaust"", ""Custom rims""]"
1788286110,Office Back Alley,UJS-4783,Red,Bus,"[""Spoiler""]"
1788286110,Office Back Alley,AIT-2702,Blue,Pickup Truck,"[""Dented rear bumper"", ""Tow hitch""]"
1788286140,Bookstore,ZFD-3277,Green,Hatchback,"[""Bumper sticker"", ""Missing hubcap""]"
1788286170,Bookstore,NKO-5227,Gray,Motorcycle,"[""Roof rack""]"
1788286170,Office Back Alley,ROX-9271,Gray,Coupe,"[""Custom rims"", ""Roof rack""]"
1788286170,Office Back Alley,NUN-3923,Silver,Motorcycle,"[""Roof rack"", ""Sunroof""]"
1788286260,Bookstore,ZNI-4355,Blue,Coupe,[]
1788286410,Bookstore,OYU-1228,Maroon,Bus,[]
1788286440,Office Back Alley,LUG-7654,Black,Bus,"[""Bumper sticker""]"
1788286500,Office Back Alley,KES-9323,Maroon,Bus,"[""Spoiler"", ""Missing hubcap""]"
1788286530,Office Back Alley,MDL-3261,Blue,Motorcycle,[]
1788286560,Bookstore,HUK-4229,White,Coupe,"[""Tinted windows""]"
1788286650,Office Back Alley,BPU-4332,White,Motorcycle,[]
1788286680,Office Back Alley,HYS-9092,Gray,Coupe,"[""Roof rack"", ""Dented rear bumper""]"
1788286680,Bookstore,ZNI-4355,Blue,Coupe,[]
1788286770,Hospital,TQP-8061,Silver,Hatchback,"[""Tinted windows""]"
1788286770,Office Back Alley,RRC-4766,Blue,Coupe,"[""Tinted windows"", ""Tow hitch""]"
1788286830,Bookstore,OGN-4489,Black,Pickup Truck,"[""Aftermarket exhaust"", ""Custom rims""]"
1788286860,Office Back Alley,ZIG-1175,Black,Bus,[]
1788286860,Office Back Alley,ZYZ-1012,Beige,Motorcycle,"[""Spoiler""]"
1788286920,Office Back Alley,FCH-7617,Maroon,Sedan,[]
1788286980,Bookstore,AIT-2702,Blue,Pickup Truck,"[""Dented rear bumper"", ""Tow hitch""]"
1788286980,Office Back Alley,VDV-4194,White,Coupe,[]
1788286980,Office Back Alley,IMH-7658,Gray,Hatchback,"[""Tinted windows""]"
1788287010,Office Back Alley,RTJ-3423,Gold,Sedan,[]
1788287130,Bookstore,OGN-4489,Black,Pickup Truck,"[""Aftermarket exhaust"", ""Custom rims""]"
1788287190,Bookstore,VAP-5225,Silver,Hatchback,"[""Cracked windshield"", ""Tinted windows""]"
1788287250,Office Back Alley,HQY-7996,Maroon,Motorcycle,[]
1788287280,Bookstore,DOP-3475,Silver,SUV,[]
1788287280,Office Back Alley,LHA-6933,Gray,Bus,"[""Missing hubcap""]"
1788287310,Office Back Alley,CZA-9416,Black,Bus,[]
1788287310,Bookstore,FCH-7617,Maroon,Sedan,[]
1788287340,Office Back Alley,EVV-3567,Blue,SUV,"[""Aftermarket exhaust""]"
1788287370,Office Back Alley,MDL-3261,Blue,Motorcycle,[]
1788287430,Office Back Alley,VJM-7944,Beige,Sedan,[]
1788287430,Bookstore,UHR-2612,White,Pickup Truck,[]
1788287490,Office Back Alley,TXI-5471,White,Pickup Truck,[]
1788287580,Office Back Alley,AIT-2702,Blue,Pickup Truck,"[""Dented rear bumper"", ""Tow hitch""]"
1788287580,Office Back Alley,KES-9323,Maroon,Bus,"[""Spoiler"", ""Missing hubcap""]"
1788287580,Office Back Alley,VKM-8657,Blue,Sedan,"[""Custom rims""]"
1788287610,Office Back Alley,BTZ-5167,Silver,Coupe,[]
1788287610,Bookstore,EUA-8367,Gold,Motorcycle,"[""Ladder rack""]"
1788287640,Office Back Alley,DYT-5541,Maroon,Hatchback,[]
1788287640,Office Back Alley,LXQ-7888,Black,Van,[]
1788287730,Hospital,UJS-4783,Red,Bus,"[""Spoiler""]"
1788287760,Bookstore,VJM-7944,Beige,Sedan,[]
1788287760,Bookstore,EQL-6876,Green,Bus,"[""Cracked windshield""]"
1788287760,Hospital,HQY-7996,Maroon,Motorcycle,[]
1788287820,Bookstore,IMH-7658,Gray,Hatchback,"[""Tinted windows""]"
1788287880,Bookstore,DOP-3475,Silver,SUV,[]
1788288000,Bookstore,ROX-9271,Gray,Coupe,"[""Custom rims"", ""Roof rack""]"
1788288000,Office Back Alley,RTJ-3423,Gold,Sedan,[]
1788288000,Office Back Alley,IMH-7658,Gray,Hatchback,"[""Tinted windows""]"
1788288030,Bookstore,HQY-7996,Maroon,Motorcycle,[]
1788288030,Bookstore,NYF-1596,Silver,Pickup Truck,"[""Bumper sticker""]"
1788288060,Office Back Alley,WUB-4659,Black,Pickup Truck,"[""Sunroof""]"
1788288090,Bookstore,IRY-6538,Gold,Coupe,"[""Sunroof"", ""Custom rims""]"
1788288090,Office Back Alley,DYT-5541,Maroon,Hatchback,[]
1788288120,Bookstore,ABS-2643,Gold,Pickup Truck,"[""Tow hitch"", ""Missing hubcap""]"
1788288150,Bookstore,ZNI-4355,Blue,Coupe,[]
1788288240,Bookstore,ZNI-4355,Blue,Coupe,[]
1788288270,Bookstore,RRC-4766,Blue,Coupe,"[""Tinted windows"", ""Tow hitch""]"
1788288270,Bookstore,LUG-7654,Black,Bus,"[""Bumper sticker""]"
1788288300,Office Back Alley,ZGK-3461,Blue,Van,[]
1788288300,Hospital,BPU-4332,White,Motorcycle,[]
1788288330,Hospital,TML-3408,Red,Motorcycle,"[""Spoiler"", ""Custom rims""]"
1788288360,Office Back Alley,YJG-1440,Black,Sedan,"[""Tinted windows"", ""Bumper sticker""]"
1788288420,Office Back Alley,EHW-3879,Maroon,Coupe,[]
1788288450,Bookstore,EJJ-5605,Red,Bus,"[""Tinted windows"", ""Aftermarket exhaust""]"
1788288480,Hospital,ZYZ-1012,Beige,Motorcycle,"[""Spoiler""]"
1788288480,Bookstore,QLL-8894,Black,Coupe,"[""Spoiler"", ""Bumper sticker""]"
1788288540,Bookstore,RRC-4766,Blue,Coupe,"[""Tinted windows"", ""Tow hitch""]"
1788288570,Office Back Alley,HYS-9092,Gray,Coupe,"[""Roof rack"", ""Dented rear bumper""]"
1788288600,Office Back Alley,NUN-3923,Silver,Motorcycle,"[""Roof rack"", ""Sunroof""]"
1788288720,Bookstore,FCH-7617,Maroon,Sedan,[]
1788288720,Hospital,QDH-4925,Red,Van,[]
1788288750,Bookstore,ZFD-3277,Green,Hatchback,"[""Bumper sticker"", ""Missing hubcap""]"
1788288750,Bookstore,VDV-4194,White,Coupe,[]
1788288870,Bookstore,BLF-4771,Gray,Sedan,[]
1788288930,Hospital,CZA-9416,Black,Bus,[]
1788289020,Bookstore,HQY-7996,Maroon,Motorcycle,[]
1788289020,Office Back Alley,FCH-7617,Maroon,Sedan,[]
1788289050,Hospital,VJM-7944,Beige,Sedan,[]
1788289050,Bookstore,OGN-4489,Black,Pickup Truck,"[""Aftermarket exhaust"", ""Custom rims""]"
1788289080,Bookstore,RRC-4766,Blue,Coupe,"[""Tinted windows"", ""Tow hitch""]"
1788289110,Bookstore,EVV-3567,Blue,SUV,"[""Aftermarket exhaust""]"
1788289200,Hospital,AIT-2702,Blue,Pickup Truck,"[""Dented rear bumper"", ""Tow hitch""]"
1788289200,Hospital,VKM-8657,Blue,Sedan,"[""Custom rims""]"
1788289200,Bookstore,RRC-4766,Blue,Coupe,"[""Tinted windows"", ""Tow hitch""]"
1788289200,Bookstore,RQA-7745,Red,Motorcycle,"[""Sunroof""]"
1788289200,Bookstore,MDL-3261,Blue,Motorcycle,[]
1788289230,Hospital,WNV-7840,Red,Motorcycle,"[""Bumper sticker""]"
1788289260,Bookstore,HQY-7996,Maroon,Motorcycle,[]
1788289260,Bookstore,TXI-5471,White,Pickup Truck,[]
1788289260,Office Back Alley,ZIG-1175,Black,Bus,[]
1788289320,Hospital,BPU-4332,White,Motorcycle,[]
1788289350,Bookstore,KES-9323,Maroon,Bus,"[""Spoiler"", ""Missing hubcap""]"
1788289380,Office Back Alley,HQY-7996,Maroon,Motorcycle,[]
1788289380,Bookstore,BTZ-5167,Silver,Coupe,[]
1788289410,Office Back Alley,YJG-1440,Black,Sedan,"[""Tinted windows"", ""Bumper sticker""]"
1788289440,Bookstore,IMH-7658,Gray,Hatchback,"[""Tinted windows""]"
1788289500,Hospital,CIU-8112,Maroon,Bus,"[""Dented rear bumper"", ""Tow hitch""]"
1788289530,Office Back Alley,LXQ-7888,Black,Van,[]
1788289560,Office Back Alley,RTJ-3423,Gold,Sedan,[]
1788289590,Bookstore,XOW-5609,Gray,Sedan,"[""Sunroof"", ""Roof rack""]"
1788289650,Bookstore,KNM-8888,Gray,Sedan,"[""Ladder rack"", ""Aftermarket exhaust""]"
1788289680,Hospital,WUB-4659,Black,Pickup Truck,"[""Sunroof""]"
1788289680,Office Back Alley,LHA-6933,Gray,Bus,"[""Missing hubcap""]"
1788289680,Office Back Alley,DYT-5541,Maroon,Hatchback,[]
1788289770,Bookstore,IMH-7658,Gray,Hatchback,"[""Tinted windows""]"
1788289830,Office Back Alley,DYT-5541,Maroon,Hatchback,[]
1788289860,Bookstore,YTG-6287,Green,Coupe,"[""Bumper sticker"", ""Tow hitch""]"
1788289920,Hospital,ZGK-3461,Blue,Van,[]
1788289950,Hospital,EWE-8741,Blue,Bus,"[""Custom rims""]"
1788289950,Bookstore,RBG-4071,Blue,Bus,"[""Bumper sticker"", ""Ladder rack""]"
1788289950,Office Back Alley,TML-3408,Red,Motorcycle,"[""Spoiler"", ""Custom rims""]"
1788289980,Hospital,OYU-1228,Maroon,Bus,[]
1788290070,Hospital,EHW-3879,Maroon,Coupe,[]
1788290100,Bookstore,IRY-6538,Gold,Coupe,"[""Sunroof"", ""Custom rims""]"
1788290190,Hospital,RRC-4766,Blue,Coupe,"[""Tinted windows"", ""Tow hitch""]"
1788290250,Bookstore,OGN-4489,Black,Pickup Truck,"[""Aftermarket exhaust"", ""Custom rims""]"
1788290280,Bookstore,DOP-3475,Silver,SUV,[]
1788290280,Bookstore,TQP-8061,Silver,Hatchback,"[""Tinted windows""]"
1788290340,Office Back Alley,QDH-4925,Red,Van,[]
1788290340,Bookstore,HYS-9092,Gray,Coupe,"[""Roof rack"", ""Dented rear bumper""]"
1788290370,Bookstore,KES-9323,Maroon,Bus,"[""Spoiler"", ""Missing hubcap""]"
1788290400,Bookstore,NVS-7383,Gold,Van,"[""Aftermarket exhaust"", ""Ladder rack""]"
1788290430,Bookstore,CZA-9416,Black,Bus,[]
1788290430,Hospital,KOE-4072,Beige,Pickup Truck,[]
1788290460,Bookstore,FYR-2853,Gold,SUV,"[""Missing hubcap"", ""Aftermarket exhaust""]"
1788290460,Bookstore,DOP-3475,Silver,SUV,[]
1788290520,Hospital,BLF-4771,Gray,Sedan,[]
1788290640,Hospital,FCH-7617,Maroon,Sedan,[]
1788290730,Bookstore,QDH-4925,Red,Van,[]
1788290850,Office Back Alley,RRC-4766,Blue,Coupe,"[""Tinted windows"", ""Tow hitch""]"
1788290850,Office Back Alley,WNV-7840,Red,Motorcycle,"[""Bumper sticker""]"
1788290850,Bookstore,NYF-1596,Silver,Pickup Truck,"[""Bumper sticker""]"
1788290940,Office Back Alley,BPU-4332,White,Motorcycle,[]
1788291000,Bookstore,FYR-2853,Gold,SUV,"[""Missing hubcap"", ""Aftermarket exhaust""]"
1788291000,Office Back Alley,TML-3408,Red,Motorcycle,"[""Spoiler"", ""Custom rims""]"
1788291000,Office Back Alley,HQY-7996,Maroon,Motorcycle,[]
1788291150,Hospital,LXQ-7888,Black,Van,[]
1788291180,Office Back Alley,IMH-7658,Gray,Hatchback,"[""Tinted windows""]"
1788291180,Hospital,BGW-3337,Silver,Bus,"[""Bumper sticker""]"
1788291240,Bookstore,YJG-1440,Black,Sedan,"[""Tinted windows"", ""Bumper sticker""]"
1788291300,Hospital,IUT-7188,Gray,Bus,"[""Sunroof""]"
1788291330,Hospital,BPU-4332,White,Motorcycle,[]
1788291330,Bookstore,HUK-4229,White,Coupe,"[""Tinted windows""]"
1788291330,Bookstore,RTJ-3423,Gold,Sedan,[]
1788291360,Bookstore,BTZ-5167,Silver,Coupe,[]
1788291390,Bookstore,KES-9323,Maroon,Bus,"[""Spoiler"", ""Missing hubcap""]"
1788291450,Bookstore,LHA-6933,Gray,Bus,"[""Missing hubcap""]"
1788291450,Bookstore,DYT-5541,Maroon,Hatchback,[]
1788291510,Bookstore,CZA-9416,Black,Bus,[]
1788291540,Bookstore,UHR-2612,White,Pickup Truck,[]
1788291600,Office Back Alley,OYU-1228,Maroon,Bus,[]
1788291600,Bookstore,DYT-5541,Maroon,Hatchback,[]
1788291660,Bookstore,FCH-7617,Maroon,Sedan,[]
1788291870,Bookstore,EQL-6876,Green,Bus,"[""Cracked windshield""]"
1788291900,Bookstore,ZNI-4355,Blue,Coupe,[]
1788291930,Bookstore,IRY-6538,Gold,Coupe,"[""Sunroof"", ""Custom rims""]"
1788291990,Hospital,UJS-4783,Red,Bus,"[""Spoiler""]"
1788291990,Bookstore,KES-9323,Maroon,Bus,"[""Spoiler"", ""Missing hubcap""]"
1788292050,Office Back Alley,TQP-8061,Silver,Hatchback,"[""Tinted windows""]"
1788292050,Office Back Alley,KOE-4072,Beige,Pickup Truck,[]
1788292140,Office Back Alley,BLF-4771,Gray,Sedan,[]
1788292230,Office Back Alley,FYR-2853,Gold,SUV,"[""Missing hubcap"", ""Aftermarket exhaust""]"
1788292230,Hospital,OGN-4489,Black,Pickup Truck,"[""Aftermarket exhaust"", ""Custom rims""]"
1788292230,Bookstore,XOW-5609,Gray,Sedan,"[""Sunroof"", ""Roof rack""]"
1788292230,Bookstore,ZNI-4355,Blue,Coupe,[]
1788292260,Bookstore,DOP-3475,Silver,SUV,[]
1788292350,Office Back Alley,QDH-4925,Red,Van,[]
1788292380,Bookstore,ROX-9271,Gray,Coupe,"[""Custom rims"", ""Roof rack""]"
1788292380,Office Back Alley,HQY-7996,Maroon,Motorcycle,[]
1788292500,Bookstore,AIT-2702,Blue,Pickup Truck,"[""Dented rear bumper"", ""Tow hitch""]"
1788292620,Office Back Alley,BPU-4332,White,Motorcycle,[]
1788292620,Hospital,TQP-8061,Silver,Hatchback,"[""Tinted windows""]"
1788292680,Office Back Alley,IMH-7658,Gray,Hatchback,"[""Tinted windows""]"
1788292710,Bookstore,EUA-8367,Gold,Motorcycle,"[""Ladder rack""]"
1788292740,Bookstore,DOP-3475,Silver,SUV,[]
1788292770,Bookstore,TML-3408,Red,Motorcycle,"[""Spoiler"", ""Custom rims""]"
1788292860,Bookstore,QDH-4925,Red,Van,[]
1788292890,Bookstore,TQP-8061,Silver,Hatchback,"[""Tinted windows""]"
1788293010,Office Back Alley,RRC-4766,Blue,Coupe,"[""Tinted windows"", ""Tow hitch""]"
1788293070,Bookstore,BLF-4771,Gray,Sedan,[]
1788293070,Office Back Alley,WNV-7840,Red,Motorcycle,"[""Bumper sticker""]"
1788293130,Bookstore,NYF-1596,Silver,Pickup Truck,"[""Bumper sticker""]"
1788293190,Bookstore,RRC-4766,Blue,Coupe,"[""Tinted windows"", ""Tow hitch""]"
1788293280,Bookstore,EYH-6407,Black,Bus,"[""Custom rims"", ""Tinted windows""]"
1788293280,Office Back Alley,TQP-8061,Silver,Hatchback,"[""Tinted windows""]"
1788293340,Bookstore,ABS-2643,Gold,Pickup Truck,"[""Tow hitch"", ""Missing hubcap""]"
1788293370,Hospital,NUN-3923,Silver,Motorcycle,"[""Roof rack"", ""Sunroof""]"
1788293400,Hospital,OYU-1228,Maroon,Bus,[]
1788293430,Bookstore,IRY-6538,Gold,Coupe,"[""Sunroof"", ""Custom rims""]"
1788293460,Bookstore,RRT-3341,Red,Sedan,"[""Tinted windows"", ""Dented rear bumper""]"
1788293580,Office Back Alley,BLF-4771,Gray,Sedan,[]
1788293580,Bookstore,RBG-4071,Blue,Bus,"[""Bumper sticker"", ""Ladder rack""]"
1788293610,Hospital,EQL-6876,Green,Bus,"[""Cracked windshield""]"
1788293610,Office Back Alley,HQY-7996,Maroon,Motorcycle,[]
1788293610,Office Back Alley,UJS-4783,Red,Bus,"[""Spoiler""]"
1788293640,Bookstore,FYR-2853,Gold,SUV,"[""Missing hubcap"", ""Aftermarket exhaust""]"
1788293700,Office Back Alley,IRY-6538,Gold,Coupe,"[""Sunroof"", ""Custom rims""]"
1788293700,Bookstore,BPU-4332,White,Motorcycle,[]
1788293730,Hospital,ZIG-1175,Black,Bus,[]
1788293790,Office Back Alley,OYU-1228,Maroon,Bus,[]
1788293940,Hospital,ZNI-4355,Blue,Coupe,[]
1788293940,Bookstore,RTJ-3423,Gold,Sedan,[]
1788294000,Office Back Alley,ZNI-4355,Blue,Coupe,[]
1788294000,Hospital,HQY-7996,Maroon,Motorcycle,[]
1788294000,Hospital,QDH-4925,Red,Van,[]
1788294030,Office Back Alley,DOP-3475,Silver,SUV,[]
1788294060,Bookstore,EJJ-5605,Red,Bus,"[""Tinted windows"", ""Aftermarket exhaust""]"
1788294090,Bookstore,EHW-3879,Maroon,Coupe,[]
1788294090,Hospital,EWE-8741,Blue,Bus,"[""Custom rims""]"
1788294180,Bookstore,OGN-4489,Black,Pickup Truck,"[""Aftermarket exhaust"", ""Custom rims""]"
1788294180,Bookstore,VDV-4194,White,Coupe,[]
1788294210,Bookstore,NYF-1596,Silver,Pickup Truck,"[""Bumper sticker""]"
1788294240,Office Back Alley,TQP-8061,Silver,Hatchback,"[""Tinted windows""]"
1788294300,Bookstore,FHL-3560,Silver,Van,[]
1788294330,Bookstore,FCH-7617,Maroon,Sedan,[]
1788294450,Bookstore,IMH-7658,Gray,Hatchback,"[""Tinted windows""]"
1788294480,Office Back Alley,DOP-3475,Silver,SUV,[]
1788294570,Bookstore,HQY-7996,Maroon,Motorcycle,[]
1788294660,Bookstore,VAP-5225,Silver,Hatchback,"[""Cracked windshield"", ""Tinted windows""]"
1788294660,Bookstore,RRC-4766,Blue,Coupe,"[""Tinted windows"", ""Tow hitch""]"
1788294660,Hospital,VKM-8657,Blue,Sedan,"[""Custom rims""]"
1788294690,Office Back Alley,TQP-8061,Silver,Hatchback,"[""Tinted windows""]"
1788294720,Office Back Alley,QDH-4925,Red,Van,[]
1788294750,Office Back Alley,FYR-2853,Gold,SUV,"[""Missing hubcap"", ""Aftermarket exhaust""]"
1788294780,Bookstore,YTG-6287,Green,Coupe,"[""Bumper sticker"", ""Tow hitch""]"
1788294870,Hospital,RQA-7745,Red,Motorcycle,"[""Sunroof""]"
1788294870,Bookstore,RBG-4071,Blue,Bus,"[""Bumper sticker"", ""Ladder rack""]"
1788294960,Office Back Alley,RRC-4766,Blue,Coupe,"[""Tinted windows"", ""Tow hitch""]"
1788294960,Hospital,AIT-2702,Blue,Pickup Truck,"[""Dented rear bumper"", ""Tow hitch""]"
1788294960,Bookstore,NYF-1596,Silver,Pickup Truck,"[""Bumper sticker""]"
1788294990,Hospital,WUB-4659,Black,Pickup Truck,"[""Sunroof""]"
1788295050,Bookstore,TQP-8061,Silver,Hatchback,"[""Tinted windows""]"
1788295080,Office Back Alley,UJS-4783,Red,Bus,"[""Spoiler""]"
1788295080,Office Back Alley,EYH-6407,Black,Bus,"[""Custom rims"", ""Tinted windows""]"
1788295230,Office Back Alley,RRT-3341,Red,Sedan,"[""Tinted windows"", ""Dented rear bumper""]"
1788295230,Office Back Alley,EQL-6876,Green,Bus,"[""Cracked windshield""]"
1788295230,Office Back Alley,IRY-6538,Gold,Coupe,"[""Sunroof"", ""Custom rims""]"
1788295230,Hospital,HQY-7996,Maroon,Motorcycle,[]
1788295290,Bookstore,TBJ-5379,Green,Coupe,"[""Bumper sticker""]"
1788295290,Hospital,GEZ-2109,Red,Motorcycle,"[""Missing hubcap"", ""Dented rear bumper""]"
1788295320,Office Back Alley,IUT-7188,Gray,Bus,"[""Sunroof""]"
1788295350,Bookstore,BLF-4771,Gray,Sedan,[]
1788295350,Bookstore,LHA-6933,Gray,Bus,"[""Missing hubcap""]"
1788295380,Office Back Alley,TQP-8061,Silver,Hatchback,"[""Tinted windows""]"
1788295470,Hospital,ZGK-3461,Blue,Van,[]
1788295470,Bookstore,NVS-7383,Gold,Van,"[""Aftermarket exhaust"", ""Ladder rack""]"
1788295560,Office Back Alley,ZNI-4355,Blue,Coupe,[]
1788295560,Bookstore,OYU-1228,Maroon,Bus,[]
1788295590,Office Back Alley,DOP-3475,Silver,SUV,[]
1788295620,Bookstore,CIU-8112,Maroon,Bus,"[""Dented rear bumper"", ""Tow hitch""]"
1788295680,Office Back Alley,KOE-4072,Beige,Pickup Truck,[]
1788295710,Bookstore,NKO-5227,Gray,Motorcycle,"[""Roof rack""]"
1788295710,Office Back Alley,EWE-8741,Blue,Bus,"[""Custom rims""]"
1788295740,Office Back Alley,TQP-8061,Silver,Hatchback,"[""Tinted windows""]"
1788295860,Office Back Alley,IRY-6538,Gold,Coupe,"[""Sunroof"", ""Custom rims""]"
1788295890,Office Back Alley,EHW-3879,Maroon,Coupe,[]
1788295950,Bookstore,DYT-5541,Maroon,Hatchback,[]
1788295980,Office Back Alley,ZNI-4355,Blue,Coupe,[]
1788296010,Hospital,KNM-8888,Gray,Sedan,"[""Ladder rack"", ""Aftermarket exhaust""]"
1788296040,Bookstore,TML-3408,Red,Motorcycle,"[""Spoiler"", ""Custom rims""]"
1788296040,Bookstore,EHW-3879,Maroon,Coupe,[]
1788296070,Bookstore,KES-9323,Maroon,Bus,"[""Spoiler"", ""Missing hubcap""]"
1788296100,Office Back Alley,IRY-6538,Gold,Coupe,"[""Sunroof"", ""Custom rims""]"
1788296190,Bookstore,BPU-4332,White,Motorcycle,[]
1788296220,Bookstore,DYT-5541,Maroon,Hatchback,[]
1788296220,Office Back Alley,EQL-6876,Green,Bus,"[""Cracked windshield""]"
1788296280,Office Back Alley,VKM-8657,Blue,Sedan,"[""Custom rims""]"
1788296340,Bookstore,OYU-1228,Maroon,Bus,[]
1788296340,Office Back Alley,IUT-7188,Gray,Bus,"[""Sunroof""]"
1788296370,Hospital,FYR-2853,Gold,SUV,"[""Missing hubcap"", ""Aftermarket exhaust""]"
1788296460,Bookstore,HQY-7996,Maroon,Motorcycle,[]
1788296460,Office Back Alley,RRT-3341,Red,Sedan,"[""Tinted windows"", ""Dented rear bumper""]"
1788296460,Office Back Alley,RRC-4766,Blue,Coupe,"[""Tinted windows"", ""Tow hitch""]"
1788296580,Office Back Alley,AIT-2702,Blue,Pickup Truck,"[""Dented rear bumper"", ""Tow hitch""]"
1788296610,Office Back Alley,RBG-4071,Blue,Bus,"[""Bumper sticker"", ""Ladder rack""]"
1788296640,Bookstore,ZYZ-1012,Beige,Motorcycle,"[""Spoiler""]"
1788296640,Office Back Alley,EWE-8741,Blue,Bus,"[""Custom rims""]"
1788296670,Bookstore,ZFD-3277,Green,Hatchback,"[""Bumper sticker"", ""Missing hubcap""]"
1788296670,Office Back Alley,RRC-4766,Blue,Coupe,"[""Tinted windows"", ""Tow hitch""]"
1788296700,Bookstore,FHL-3560,Silver,Van,[]
1788296700,Bookstore,WNV-7840,Red,Motorcycle,"[""Bumper sticker""]"
1788296760,Bookstore,VJM-7944,Beige,Sedan,[]
1788296820,Hospital,RRC-4766,Blue,Coupe,"[""Tinted windows"", ""Tow hitch""]"
1788296820,Office Back Alley,DOP-3475,Silver,SUV,[]
1788296850,Office Back Alley,QDH-4925,Red,Van,[]
1788296880,Office Back Alley,EYH-6407,Black,Bus,"[""Custom rims"", ""Tinted windows""]"
1788296910,Bookstore,UJS-4783,Red,Bus,"[""Spoiler""]"
1788296940,Office Back Alley,KOE-4072,Beige,Pickup Truck,[]
1788297000,Bookstore,QLL-8894,Black,Coupe,"[""Spoiler"", ""Bumper sticker""]"
1788297000,Hospital,TQP-8061,Silver,Hatchback,"[""Tinted windows""]"
1788297060,Hospital,HUK-4229,White,Coupe,"[""Tinted windows""]"
1788297060,Bookstore,BLF-4771,Gray,Sedan,[]
1788297090,Office Back Alley,ZGK-3461,Blue,Van,[]
1788297120,Bookstore,BGW-3337,Silver,Bus,"[""Bumper sticker""]"
1788297210,Bookstore,KES-9323,Maroon,Bus,"[""Spoiler"", ""Missing hubcap""]"
1788297240,Hospital,DOP-3475,Silver,SUV,[]
1788297270,Hospital,OGN-4489,Black,Pickup Truck,"[""Aftermarket exhaust"", ""Custom rims""]"
1788297270,Bookstore,NYF-1596,Silver,Pickup Truck,"[""Bumper sticker""]"
1788297300,Hospital,BPU-4332,White,Motorcycle,[]
1788297420,Bookstore,TBJ-5379,Green,Coupe,"[""Bumper sticker""]"
1788297450,Hospital,ZNI-4355,Blue,Coupe,[]
1788297510,Office Back Alley,NKO-5227,Gray,Motorcycle,"[""Roof rack""]"
1788297630,Bookstore,IRY-6538,Gold,Coupe,"[""Sunroof"", ""Custom rims""]"
1788297690,Bookstore,EQL-6876,Green,Bus,"[""Cracked windshield""]"
1788297720,Hospital,IRY-6538,Gold,Coupe,"[""Sunroof"", ""Custom rims""]"
1788297750,Bookstore,ZNI-4355,Blue,Coupe,[]
1788297750,Hospital,FCH-7617,Maroon,Sedan,[]
1788297750,Office Back Alley,EHW-3879,Maroon,Coupe,[]
1788297750,Office Back Alley,RRC-4766,Blue,Coupe,"[""Tinted windows"", ""Tow hitch""]"
1788297780,Bookstore,DYT-5541,Maroon,Hatchback,[]
1788297810,Bookstore,DYT-5541,Maroon,Hatchback,[]
1788297810,Office Back Alley,ZNI-4355,Blue,Coupe,[]
1788297810,Office Back Alley,TML-3408,Red,Motorcycle,"[""Spoiler"", ""Custom rims""]"
1788297870,Bookstore,LUG-7654,Black,Bus,"[""Bumper sticker""]"
1788297870,Bookstore,CZA-9416,Black,Bus,[]
1788297870,Office Back Alley,EYH-6407,Black,Bus,"[""Custom rims"", ""Tinted windows""]"
1788297930,Bookstore,CIU-8112,Maroon,Bus,"[""Dented rear bumper"", ""Tow hitch""]"
1788297960,Bookstore,RRC-4766,Blue,Coupe,"[""Tinted windows"", ""Tow hitch""]"
1788297990,Bookstore,EQL-6876,Green,Bus,"[""Cracked windshield""]"
1788297990,Office Back Alley,ZGK-3461,Blue,Van,[]
1788297990,Office Back Alley,BPU-4332,White,Motorcycle,[]
1788298050,Office Back Alley,TQP-8061,Silver,Hatchback,"[""Tinted windows""]"
1788298110,Bookstore,RTJ-3423,Gold,Sedan,[]
1788298110,Bookstore,IUT-7188,Gray,Bus,"[""Sunroof""]"
1788298140,Office Back Alley,OYU-1228,Maroon,Bus,[]
1788298230,Bookstore,RRT-3341,Red,Sedan,"[""Tinted windows"", ""Dented rear bumper""]"
1788298260,Hospital,UHR-2612,White,Pickup Truck,[]
1788298260,Bookstore,BLF-4771,Gray,Sedan,[]
1788298260,Office Back Alley,VKM-8657,Blue,Sedan,"[""Custom rims""]"
1788298290,Bookstore,DOP-3475,Silver,SUV,[]
1788298320,Bookstore,EHW-3879,Maroon,Coupe,[]
1788298380,Bookstore,QDH-4925,Red,Van,[]
1788298410,Office Back Alley,EWE-8741,Blue,Bus,"[""Custom rims""]"
1788298440,Bookstore,MDL-3261,Blue,Motorcycle,[]
1788298440,Office Back Alley,FHL-3560,Silver,Van,[]
1788298440,Hospital,VQJ-3851,Beige,Hatchback,[]
1788298470,Hospital,QDH-4925,Red,Van,[]
1788298470,Office Back Alley,RBG-4071,Blue,Bus,"[""Bumper sticker"", ""Ladder rack""]"
1788298470,Office Back Alley,ZFD-3277,Green,Hatchback,"[""Bumper sticker"", ""Missing hubcap""]"
1788298530,Bookstore,KES-9323,Maroon,Bus,"[""Spoiler"", ""Missing hubcap""]"
1788298650,Bookstore,OGN-4489,Black,Pickup Truck,"[""Aftermarket exhaust"", ""Custom rims""]"
1788298650,Bookstore,DOP-3475,Silver,SUV,[]
1788298680,Hospital,ZIG-1175,Black,Bus,[]
1788298680,Office Back Alley,HUK-4229,White,Coupe,"[""Tinted windows""]"
1788298710,Bookstore,KOE-4072,Beige,Pickup Truck,[]
1788298770,Office Back Alley,RRC-4766,Blue,Coupe,"[""Tinted windows"", ""Tow hitch""]"
1788298800,Office Back Alley,QLL-8894,Black,Coupe,"[""Spoiler"", ""Bumper sticker""]"
1788298890,Office Back Alley,OGN-4489,Black,Pickup Truck,"[""Aftermarket exhaust"", ""Custom rims""]"
1788298920,Bookstore,IMH-7658,Gray,Hatchback,"[""Tinted windows""]"
1788298950,Bookstore,BLF-4771,Gray,Sedan,[]
1788299070,Office Back Alley,ZNI-4355,Blue,Coupe,[]
1788299070,Bookstore,VJM-7944,Beige,Sedan,[]
1788299100,Hospital,ABS-2643,Gold,Pickup Truck,"[""Tow hitch"", ""Missing hubcap""]"
1788299100,Hospital,ROX-9271,Gray,Coupe,"[""Custom rims"", ""Roof rack""]"
1788299310,Bookstore,BPU-4332,White,Motorcycle,[]
1788299370,Hospital,EHW-3879,Maroon,Coupe,[]
1788299400,Office Back Alley,BPU-4332,White,Motorcycle,[]
1788299460,Bookstore,LUG-7654,Black,Bus,"[""Bumper sticker""]"
1788299490,Hospital,EUA-8367,Gold,Motorcycle,"[""Ladder rack""]"
1788299520,Bookstore,RRC-4766,Blue,Coupe,"[""Tinted windows"", ""Tow hitch""]"
1788299520,Hospital,QDH-4925,Red,Van,[]
1788299520,Office Back Alley,FHL-3560,Silver,Van,[]
1788299550,Office Back Alley,DYT-5541,Maroon,Hatchback,[]
1788299580,Bookstore,ZNI-4355,Blue,Coupe,[]
1788299580,Office Back Alley,TML-3408,Red,Motorcycle,"[""Spoiler"", ""Custom rims""]"
1788299610,Hospital,ZGK-3461,Blue,Van,[]
1788299640,Bookstore,EYH-6407,Black,Bus,"[""Custom rims"", ""Tinted windows""]"
1788299700,Bookstore,VJM-7944,Beige,Sedan,[]
1788299730,Office Back Alley,RRC-4766,Blue,Coupe,"[""Tinted windows"", ""Tow hitch""]"
1788299790,Hospital,RQA-7745,Red,Motorcycle,"[""Sunroof""]"
1788299880,Office Back Alley,RTJ-3423,Gold,Sedan,[]
1788299880,Office Back Alley,UHR-2612,White,Pickup Truck,[]
1788299880,Bookstore,VAP-5225,Silver,Hatchback,"[""Cracked windshield"", ""Tinted windows""]"
1788299880,Bookstore,TQP-8061,Silver,Hatchback,"[""Tinted windows""]"
1788299910,Office Back Alley,AIT-2702,Blue,Pickup Truck,"[""Dented rear bumper"", ""Tow hitch""]"
1788299910,Hospital,VKM-8657,Blue,Sedan,"[""Custom rims""]"
1788299940,Bookstore,BTZ-5167,Silver,Coupe,[]
1788300000,Hospital,EVV-3567,Blue,SUV,"[""Aftermarket exhaust""]"
1788300000,Office Back Alley,KNM-8888,Gray,Sedan,"[""Ladder rack"", ""Aftermarket exhaust""]"
1788300030,Office Back Alley,NKO-5227,Gray,Motorcycle,"[""Roof rack""]"
1788300060,Office Back Alley,DOP-3475,Silver,SUV,[]
1788300060,Office Back Alley,VQJ-3851,Beige,Hatchback,[]
1788300150,Office Back Alley,WUB-4659,Black,Pickup Truck,"[""Sunroof""]"
1788300180,Bookstore,EWE-8741,Blue,Bus,"[""Custom rims""]"
1788300180,Bookstore,HQY-7996,Maroon,Motorcycle,[]
1788300240,Office Back Alley,MDL-3261,Blue,Motorcycle,[]
1788300300,Office Back Alley,ZIG-1175,Black,Bus,[]
1788300330,Office Back Alley,QLL-8894,Black,Coupe,"[""Spoiler"", ""Bumper sticker""]"
1788300390,Office Back Alley,OYU-1228,Maroon,Bus,[]
1788300390,Office Back Alley,HUK-4229,White,Coupe,"[""Tinted windows""]"
1788300390,Hospital,EJJ-5605,Red,Bus,"[""Tinted windows"", ""Aftermarket exhaust""]"
1788300420,Bookstore,CZA-9416,Black,Bus,[]
1788300420,Bookstore,BPU-4332,White,Motorcycle,[]
1788300450,Bookstore,HYS-9092,Gray,Coupe,"[""Roof rack"", ""Dented rear bumper""]"
1788300540,Bookstore,RRC-4766,Blue,Coupe,"[""Tinted windows"", ""Tow hitch""]"
1788300600,Hospital,HQY-7996,Maroon,Motorcycle,[]
1788300630,Hospital,OGN-4489,Black,Pickup Truck,"[""Aftermarket exhaust"", ""Custom rims""]"
1788300660,Bookstore,KOE-4072,Beige,Pickup Truck,[]
1788300690,Office Back Alley,RBG-4071,Blue,Bus,"[""Bumper sticker"", ""Ladder rack""]"
1788300690,Office Back Alley,IMH-7658,Gray,Hatchback,"[""Tinted windows""]"
1788300720,Office Back Alley,ROX-9271,Gray,Coupe,"[""Custom rims"", ""Roof rack""]"
1788300750,Office Back Alley,ZFD-3277,Green,Hatchback,"[""Bumper sticker"", ""Missing hubcap""]"
1788300780,Bookstore,GEZ-2109,Red,Motorcycle,"[""Missing hubcap"", ""Dented rear bumper""]"
1788300900,Office Back Alley,OGN-4489,Black,Pickup Truck,"[""Aftermarket exhaust"", ""Custom rims""]"
1788300990,Office Back Alley,DOP-3475,Silver,SUV,[]
1788301020,Office Back Alley,WUB-4659,Black,Pickup Truck,"[""Sunroof""]"
1788301020,Hospital,BPU-4332,White,Motorcycle,[]
1788301050,Bookstore,WNV-7840,Red,Motorcycle,"[""Bumper sticker""]"
1788301080,Bookstore,OYU-1228,Maroon,Bus,[]
1788301110,Office Back Alley,EUA-8367,Gold,Motorcycle,"[""Ladder rack""]"
1788301110,Bookstore,KES-9323,Maroon,Bus,"[""Spoiler"", ""Missing hubcap""]"
1788301110,Bookstore,HQY-7996,Maroon,Motorcycle,[]
1788301170,Office Back Alley,RRC-4766,Blue,Coupe,"[""Tinted windows"", ""Tow hitch""]"
1788301290,Bookstore,BGW-3337,Silver,Bus,"[""Bumper sticker""]"
1788301290,Bookstore,FHL-3560,Silver,Van,[]
1788301350,Bookstore,TML-3408,Red,Motorcycle,"[""Spoiler"", ""Custom rims""]"
1788301350,Hospital,LHA-6933,Gray,Bus,"[""Missing hubcap""]"
1788301380,Bookstore,BTZ-5167,Silver,Coupe,[]
1788301410,Bookstore,ZYZ-1012,Beige,Motorcycle,"[""Spoiler""]"
1788301410,Office Back Alley,RQA-7745,Red,Motorcycle,"[""Sunroof""]"
1788301530,Office Back Alley,ZNI-4355,Blue,Coupe,[]
1788301560,Office Back Alley,ZIG-1175,Black,Bus,[]
1788301590,Office Back Alley,VQJ-3851,Beige,Hatchback,[]
1788301680,Office Back Alley,IMH-7658,Gray,Hatchback,"[""Tinted windows""]"
1788301680,Office Back Alley,RTJ-3423,Gold,Sedan,[]
1788301740,Bookstore,AIT-2702,Blue,Pickup Truck,"[""Dented rear bumper"", ""Tow hitch""]"
1788301800,Bookstore,NKO-5227,Gray,Motorcycle,"[""Roof rack""]"
1788301800,Bookstore,FCH-7617,Maroon,Sedan,[]
1788301830,Hospital,RRC-4766,Blue,Coupe,"[""Tinted windows"", ""Tow hitch""]"
1788301950,Hospital,DYT-5541,Maroon,Hatchback,[]
1788302010,Office Back Alley,UHR-2612,White,Pickup Truck,[]
1788302010,Office Back Alley,EJJ-5605,Red,Bus,"[""Tinted windows"", ""Aftermarket exhaust""]"
1788302100,Bookstore,FCH-7617,Maroon,Sedan,[]
1788302130,Bookstore,ZNI-4355,Blue,Coupe,[]
1788302160,Bookstore,OYU-1228,Maroon,Bus,[]
1788302190,Office Back Alley,DYT-5541,Maroon,Hatchback,[]
1788302190,Office Back Alley,BPU-4332,White,Motorcycle,[]
1788302220,Office Back Alley,HQY-7996,Maroon,Motorcycle,[]
1788302220,Hospital,DOP-3475,Silver,SUV,[]
1788302250,Office Back Alley,HYS-9092,Gray,Coupe,"[""Roof rack"", ""Dented rear bumper""]"
1788302280,Office Back Alley,EUA-8367,Gold,Motorcycle,"[""Ladder rack""]"
1788302340,Bookstore,VJM-7944,Beige,Sedan,[]
1788302340,Hospital,QLL-8894,Black,Coupe,"[""Spoiler"", ""Bumper sticker""]"
1788302430,Office Back Alley,RQA-7745,Red,Motorcycle,"[""Sunroof""]"
1788302460,Bookstore,RBG-4071,Blue,Bus,"[""Bumper sticker"", ""Ladder rack""]"
1788302490,Hospital,FCH-7617,Maroon,Sedan,[]
1788302520,Hospital,IRY-6538,Gold,Coupe,"[""Sunroof"", ""Custom rims""]"
1788302520,Office Back Alley,KNM-8888,Gray,Sedan,"[""Ladder rack"", ""Aftermarket exhaust""]"
1788302520,Bookstore,ZFD-3277,Green,Hatchback,"[""Bumper sticker"", ""Missing hubcap""]"
1788302550,Office Back Alley,MDL-3261,Blue,Motorcycle,[]
1788302640,Bookstore,RRT-3341,Red,Sedan,"[""Tinted windows"", ""Dented rear bumper""]"
1788302670,Bookstore,OGN-4489,Black,Pickup Truck,"[""Aftermarket exhaust"", ""Custom rims""]"
1788302700,Bookstore,IRY-6538,Gold,Coupe,"[""Sunroof"", ""Custom rims""]"
1788302700,Bookstore,FYR-2853,Gold,SUV,"[""Missing hubcap"", ""Aftermarket exhaust""]"
1788302760,Bookstore,BLF-4771,Gray,Sedan,[]
1788302790,Bookstore,WUB-4659,Black,Pickup Truck,"[""Sunroof""]"
1788302970,Office Back Alley,LHA-6933,Gray,Bus,"[""Missing hubcap""]"
1788303060,Hospital,IRY-6538,Gold,Coupe,"[""Sunroof"", ""Custom rims""]"
1788303060,Office Back Alley,ROX-9271,Gray,Coupe,"[""Custom rims"", ""Roof rack""]"
1788303060,Office Back Alley,EJJ-5605,Red,Bus,"[""Tinted windows"", ""Aftermarket exhaust""]"
1788303120,Bookstore,IMH-7658,Gray,Hatchback,"[""Tinted windows""]"
1788303150,Bookstore,OGN-4489,Black,Pickup Truck,"[""Aftermarket exhaust"", ""Custom rims""]"
1788303180,Office Back Alley,ZYZ-1012,Beige,Motorcycle,"[""Spoiler""]"
1788303210,Hospital,QDH-4925,Red,Van,[]
1788303300,Bookstore,YTG-6287,Green,Coupe,"[""Bumper sticker"", ""Tow hitch""]"
1788303390,Bookstore,ABS-2643,Gold,Pickup Truck,"[""Tow hitch"", ""Missing hubcap""]"
1788303450,Bookstore,RTJ-3423,Gold,Sedan,[]
1788303450,Office Back Alley,RRC-4766,Blue,Coupe,"[""Tinted windows"", ""Tow hitch""]"
1788303480,Hospital,TBJ-5379,Green,Coupe,"[""Bumper sticker""]"
1788303480,Office Back Alley,BPU-4332,White,Motorcycle,[]
1788303510,Bookstore,IMH-7658,Gray,Hatchback,"[""Tinted windows""]"
1788303570,Bookstore,GEZ-2109,Red,Motorcycle,"[""Missing hubcap"", ""Dented rear bumper""]"
1788303570,Bookstore,BLF-4771,Gray,Sedan,[]
1788303600,Bookstore,CZA-9416,Black,Bus,[]
1788303690,Bookstore,IUT-7188,Gray,Bus,"[""Sunroof""]"
1788303780,Bookstore,DOP-3475,Silver,SUV,[]
1788303810,Hospital,VDV-4194,White,Coupe,[]
1788303840,Bookstore,UHR-2612,White,Pickup Truck,[]
1788303900,Office Back Alley,HQY-7996,Maroon,Motorcycle,[]
1788303960,Office Back Alley,ZYZ-1012,Beige,Motorcycle,"[""Spoiler""]"
1788303960,Bookstore,DYT-5541,Maroon,Hatchback,[]
1788304050,Hospital,RRC-4766,Blue,Coupe,"[""Tinted windows"", ""Tow hitch""]"
1788304110,Office Back Alley,HYS-9092,Gray,Coupe,"[""Roof rack"", ""Dented rear bumper""]"
1788304110,Bookstore,EUA-8367,Gold,Motorcycle,"[""Ladder rack""]"
1788304200,Bookstore,NKO-5227,Gray,Motorcycle,"[""Roof rack""]"
1788304200,Bookstore,RQA-7745,Red,Motorcycle,"[""Sunroof""]"
1788304230,Bookstore,TQP-8061,Silver,Hatchback,"[""Tinted windows""]"
1788304410,Bookstore,EVV-3567,Blue,SUV,"[""Aftermarket exhaust""]"
1788304500,Office Back Alley,FYR-2853,Gold,SUV,"[""Missing hubcap"", ""Aftermarket exhaust""]"
1788304620,Bookstore,AIT-2702,Blue,Pickup Truck,"[""Dented rear bumper"", ""Tow hitch""]"
1788304650,Bookstore,OYU-1228,Maroon,Bus,[]
1788304710,Office Back Alley,RRC-4766,Blue,Coupe,"[""Tinted windows"", ""Tow hitch""]"
1788304710,Office Back Alley,LHA-6933,Gray,Bus,"[""Missing hubcap""]"
1788304860,Hospital,EHW-3879,Maroon,Coupe,[]
1788304920,Office Back Alley,IMH-7658,Gray,Hatchback,"[""Tinted windows""]"
1788305100,Hospital,QDH-4925,Red,Van,[]
1788305100,Hospital,EHW-3879,Maroon,Coupe,[]
1788305100,Office Back Alley,TBJ-5379,Green,Coupe,"[""Bumper sticker""]"
1788305340,Hospital,VAP-5225,Silver,Hatchback,"[""Cracked windshield"", ""Tinted windows""]"
1788305370,Bookstore,UJS-4783,Red,Bus,"[""Spoiler""]"
1788305400,Bookstore,TQP-8061,Silver,Hatchback,"[""Tinted windows""]"
1788305430,Office Back Alley,VDV-4194,White,Coupe,[]
1788305460,Bookstore,QDH-4925,Red,Van,[]
1788305670,Bookstore,HQY-7996,Maroon,Motorcycle,[]
1788305700,Hospital,BPU-4332,White,Motorcycle,[]
1788305730,Bookstore,ZYZ-1012,Beige,Motorcycle,"[""Spoiler""]"
1788305730,Hospital,HYS-9092,Gray,Coupe,"[""Roof rack"", ""Dented rear bumper""]"
1788305970,Office Back Alley,IMH-7658,Gray,Hatchback,"[""Tinted windows""]"
1788306090,Bookstore,NYF-1596,Silver,Pickup Truck,"[""Bumper sticker""]"
1788306090,Hospital,LUG-7654,Black,Bus,"[""Bumper sticker""]"
1788306120,Bookstore,RRC-4766,Blue,Coupe,"[""Tinted windows"", ""Tow hitch""]"
1788306480,Bookstore,RRC-4766,Blue,Coupe,"[""Tinted windows"", ""Tow hitch""]"
1788306480,Bookstore,LHA-6933,Gray,Bus,"[""Missing hubcap""]"
1788306480,Office Back Alley,FYR-2853,Gold,SUV,"[""Missing hubcap"", ""Aftermarket exhaust""]"
1788306630,Hospital,WNV-7840,Red,Motorcycle,"[""Bumper sticker""]"
1788306720,Office Back Alley,EHW-3879,Maroon,Coupe,[]
1788306780,Bookstore,NUN-3923,Silver,Motorcycle,"[""Roof rack"", ""Sunroof""]"
1788306930,Bookstore,FCH-7617,Maroon,Sedan,[]
1788306960,Office Back Alley,VAP-5225,Silver,Hatchback,"[""Cracked windshield"", ""Tinted windows""]"
1788307200,Bookstore,FYR-2853,Gold,SUV,"[""Missing hubcap"", ""Aftermarket exhaust""]"
1788307320,Office Back Alley,BPU-4332,White,Motorcycle,[]
1788307350,Bookstore,YTG-6287,Green,Coupe,"[""Bumper sticker"", ""Tow hitch""]"
1788307620,Hospital,IMH-7658,Gray,Hatchback,"[""Tinted windows""]"
1788307710,Office Back Alley,LUG-7654,Black,Bus,"[""Bumper sticker""]"
1788308370,Bookstore,BLF-4771,Gray,Sedan,[]
1788308550,Bookstore,RRC-4766,Blue,Coupe,"[""Tinted windows"", ""Tow hitch""]"
1788308820,Bookstore,CZA-9416,Black,Bus,[]
1788329430,Hospital,HYS-9092,Gray,Coupe,"[""Roof rack"", ""Dented rear bumper""]"
1788329430,Hospital,IRY-6538,Gold,Coupe,"[""Sunroof"", ""Custom rims""]"
1788329910,Hospital,IMH-7658,Gray,Hatchback,"[""Tinted windows""]"
1788329940,Hospital,FYR-2853,Gold,SUV,"[""Missing hubcap"", ""Aftermarket exhaust""]"
1788330000,Hospital,KES-9323,Maroon,Bus,"[""Spoiler"", ""Missing hubcap""]"
1788330030,Hospital,DYT-5541,Maroon,Hatchback,[]
1788330030,Hospital,EHW-3879,Maroon,Coupe,[]
1788330240,Office Back Alley,EJJ-5605,Red,Bus,"[""Tinted windows"", ""Aftermarket exhaust""]"
1788330390,Office Back Alley,DOP-3475,Silver,SUV,[]
1788330540,Hospital,BLF-4771,Gray,Sedan,[]
1788330540,Hospital,IRY-6538,Gold,Coupe,"[""Sunroof"", ""Custom rims""]"
1788330990,Office Back Alley,ZNI-4355,Blue,Coupe,[]
1788331020,Office Back Alley,IRY-6538,Gold,Coupe,"[""Sunroof"", ""Custom rims""]"
1788331260,Office Back Alley,EHW-3879,Maroon,Coupe,[]
